record_id,dataset_type,dataset_name,source_file,source_sha256,source_row_number,exact_event_key,converted_event_id,event_type_std,chromosome_std,strand_std,coordinate_signature,strict_significant,dPSI,p_value,fdr,comparison,age,event_type,Significant,direction,ID,GeneID,geneSymbol,chr,strand,exonStart_0base,exonEnd,upstreamES,upstreamEE,downstreamES,downstreamEE,ID.1,IJC_SAMPLE_1,SJC_SAMPLE_1,IJC_SAMPLE_2,SJC_SAMPLE_2,IncFormLen,SkipFormLen,PValue,FDR,IncLevel1,IncLevel2,IncLevelDifference
AGE0000001,AGE_SEX,3d,Ray Lab Data - 3d_significant.csv,0d1be8bed10c0765b51202fa8b63dcf8c60d2e5da9746c3eea0bfa810b8d4b95,2,FBgn0259222;SE:chr3R:20750354-20750688:20750757-20753509:+,FBgn0259222;SE:3R:20750354-20750688:20750757-20753509:+,SE,chr3R,+,20750354-20750688:20750757-20753509,Yes,-0.451,0.000000001564887109,0.000001024218613,3d_male_vs_female,3d,SE,Yes,Higher inclusion in female,2740,FBgn0259222,CG42322,chr3R,+,20750687,20750757,20750224,20750354,20753508,20753759,2740,"17,18,6","4,5,13","8,12,43","0,0,0",189,119,0.000000001564887109,0.000001024218613,"0.728,0.694,0.225","1.0,1.0,1.0",-0.451
AGE0000002,AGE_SEX,3d,Ray Lab Data - 3d_significant.csv,0d1be8bed10c0765b51202fa8b63dcf8c60d2e5da9746c3eea0bfa810b8d4b95,3,FBgn0025726;SE:chr4:872225-873214:873571-875203:-,FBgn0025726;SE:4:872225-873214:873571-875203:-,SE,chr4,-,872225-873214:873571-875203,Yes,-0.128,0.000000001043084841,0.000001024218613,3d_male_vs_female,3d,SE,Yes,Higher inclusion in female,2778,FBgn0025726,unc-13,chr4,-,873213,873571,872126,872225,875202,875484,2778,"375,138,237","9,7,12","302,409,508","2,0,2",477,119,0.000000001043084841,0.000001024218613,"0.912,0.831,0.831","0.974,1.0,0.984",-0.128
AGE0000003,AGE_SEX,3d,Ray Lab Data - 3d_significant.csv,0d1be8bed10c0765b51202fa8b63dcf8c60d2e5da9746c3eea0bfa810b8d4b95,4,FBgn0264270;SE:chrX:7079367-7080989:7081054-7084599:-,FBgn0264270;SE:X:7079367-7080989:7081054-7084599:-,SE,chrX,-,7079367-7080989:7081054-7084599,Yes,-0.514,0.000000005637775469,0.000002459949363,3d_male_vs_female,3d,SE,Yes,Higher inclusion in female,2018,FBgn0264270,Sxl,chrX,-,7080988,7081054,7074549,7079367,7084598,7084819,2018,"0,0,0","1,6,2","2,6,3","2,2,2",185,119,0.000000005637775469,0.000002459949363,"0.0,0.0,0.0","0.391,0.659,0.491",-0.514
AGE0000004,AGE_SEX,3d,Ray Lab Data - 3d_significant.csv,0d1be8bed10c0765b51202fa8b63dcf8c60d2e5da9746c3eea0bfa810b8d4b95,5,FBgn0039229;SE:chr3R:24818849-24819729:24820767-24821097:+,FBgn0039229;SE:3R:24818849-24819729:24820767-24821097:+,SE,chr3R,+,24818849-24819729:24820767-24821097,Yes,0.102,0.00000009533156498,0.00003119725464,3d_male_vs_female,3d,SE,Yes,Higher inclusion in male,2432,FBgn0039229,Saf-B,chr3R,+,24819728,24820767,24818802,24818849,24821096,24821246,2432,"319,292,433","0,0,0","342,506,876","0,8,19",1158,119,0.00000009533156498,0.00003119725464,"1.0,1.0,1.0","1.0,0.867,0.826",0.102
AGE0000005,AGE_SEX,3d,Ray Lab Data - 3d_significant.csv,0d1be8bed10c0765b51202fa8b63dcf8c60d2e5da9746c3eea0bfa810b8d4b95,6,FBgn0032515;SE:chr2L:13384022-13384527:13384794-13384984:+,FBgn0032515;SE:2L:13384022-13384527:13384794-13384984:+,SE,chr2L,+,13384022-13384527:13384794-13384984,Yes,0.51,0.0000006413975712,0.0001679178841,3d_male_vs_female,3d,SE,Yes,Higher inclusion in male,2857,FBgn0032515,loqs,chr2L,+,13384526,13384794,13383736,13384022,13384983,13385671,2857,"6,1,11","0,0,0","5,4,5","0,4,5",387,119,0.0000006413975712,0.0001679178841,"1.0,1.0,1.0","1.0,0.235,0.235",0.51
AGE0000006,AGE_SEX,3d,Ray Lab Data - 3d_significant.csv,0d1be8bed10c0765b51202fa8b63dcf8c60d2e5da9746c3eea0bfa810b8d4b95,7,FBgn0045073;SE:chrX:15936434-15936799:15937031-15937591:-,FBgn0045073;SE:X:15936434-15936799:15937031-15937591:-,SE,chrX,-,15936434-15936799:15937031-15937591,Yes,0.439,0.000001524663677,0.0003326307923,3d_male_vs_female,3d,SE,Yes,Higher inclusion in male,1153,FBgn0045073,Stim,chrX,-,15936798,15937031,15936318,15936434,15937590,15937754,1153,"15,21,56","3,0,0","16,22,30","8,19,6",352,119,0.000001524663677,0.0003326307923,"0.628,1.0,1.0","0.403,0.281,0.628",0.439
AGE0000007,AGE_SEX,3d,Ray Lab Data - 3d_significant.csv,0d1be8bed10c0765b51202fa8b63dcf8c60d2e5da9746c3eea0bfa810b8d4b95,8,FBgn0051774;SE:chr2L:3911336-3914728:3915096-3916781:-,FBgn0051774;SE:2L:3911336-3914728:3915096-3916781:-,SE,chr2L,-,3911336-3914728:3915096-3916781,Yes,0.557,0.000001797575209,0.0003361465641,3d_male_vs_female,3d,SE,Yes,Higher inclusion in male,349,FBgn0051774,fred,chr2L,-,3914727,3915096,3910988,3911336,3916780,3917455,349,"14,3,6","0,0,1","2,3,8","1,2,4",488,119,0.000001797575209,0.0003361465641,"1.0,1.0,0.594","0.328,0.268,0.328",0.557
AGE0000008,AGE_SEX,3d,Ray Lab Data - 3d_significant.csv,0d1be8bed10c0765b51202fa8b63dcf8c60d2e5da9746c3eea0bfa810b8d4b95,9,FBgn0051774;SE:chr2L:3911336-3914728:3915099-3916781:-,FBgn0051774;SE:2L:3911336-3914728:3915099-3916781:-,SE,chr2L,-,3911336-3914728:3915099-3916781,Yes,0.543,0.000002740040748,0.000358933506,3d_male_vs_female,3d,SE,Yes,Higher inclusion in male,350,FBgn0051774,fred,chr2L,-,3914727,3915099,3910988,3911336,3916780,3917455,350,"14,3,5","0,0,1","2,3,8","1,2,4",491,119,0.000002740040748,0.000358933506,"1.0,1.0,0.548","0.326,0.267,0.326",0.543
AGE0000009,AGE_SEX,3d,Ray Lab Data - 3d_significant.csv,0d1be8bed10c0765b51202fa8b63dcf8c60d2e5da9746c3eea0bfa810b8d4b95,10,FBgn0011224;SE:chr3R:31969785-31972502:31972553-31975448:-,FBgn0011224;SE:3R:31969785-31972502:31972553-31975448:-,SE,chr3R,-,31969785-31972502:31972553-31975448,Yes,0.419,0.000002993378658,0.000358933506,3d_male_vs_female,3d,SE,Yes,Higher inclusion in male,1903,FBgn0011224,heph,chr3R,-,31972501,31972553,31969755,31969785,31975447,31975965,1903,"2,1,5","0,2,0","1,0,0","0,4,4",171,119,0.000002993378658,0.000358933506,"1.0,0.258,1.0","1.0,0.0,0.0",0.419
AGE0000010,AGE_SEX,3d,Ray Lab Data - 3d_significant.csv,0d1be8bed10c0765b51202fa8b63dcf8c60d2e5da9746c3eea0bfa810b8d4b95,11,FBgn0032515;SE:chr2L:13384022-13384657:13384794-13384984:+,FBgn0032515;SE:2L:13384022-13384657:13384794-13384984:+,SE,chr2L,+,13384022-13384657:13384794-13384984,Yes,0.294,0.000003290452309,0.000358933506,3d_male_vs_female,3d,SE,Yes,Higher inclusion in male,2858,FBgn0032515,loqs,chr2L,+,13384656,13384794,13383736,13384022,13384983,13385671,2858,"9,4,13","0,0,0","10,10,15","0,4,5",257,119,0.000003290452309,0.000358933506,"1.0,1.0,1.0","1.0,0.537,0.581",0.294
AGE0000011,AGE_SEX,3d,Ray Lab Data - 3d_significant.csv,0d1be8bed10c0765b51202fa8b63dcf8c60d2e5da9746c3eea0bfa810b8d4b95,12,FBgn0005536;SE:chr3L:16077282-16077723:16077809-16080759:+,FBgn0005536;SE:3L:16077282-16077723:16077809-16080759:+,SE,chr3L,+,16077282-16077723:16077809-16080759,Yes,-0.382,0.000006241246726,0.000620137842,3d_male_vs_female,3d,SE,Yes,Higher inclusion in female,78,FBgn0005536,Mbs,chr3L,+,16077722,16077809,16077191,16077282,16080758,16081187,78,"21,7,11","11,5,6","18,23,73","5,0,2",206,119,0.000006241246726,0.000620137842,"0.524,0.447,0.514","0.675,1.0,0.955",-0.382
AGE0000012,AGE_SEX,3d,Ray Lab Data - 3d_significant.csv,0d1be8bed10c0765b51202fa8b63dcf8c60d2e5da9746c3eea0bfa810b8d4b95,13,FBgn0013759;SE:chr3R:21792146-21803329:21803389-21803684:-,FBgn0013759;SE:3R:21792146-21803329:21803389-21803684:-,SE,chr3R,-,21792146-21803329:21803389-21803684,Yes,0.286,0.000006632490289,0.000620137842,3d_male_vs_female,3d,SE,Yes,Higher inclusion in male,2108,FBgn0013759,CASK,chr3R,-,21803328,21803389,21791960,21792146,21803683,21805175,2108,"2,2,20","0,0,0","1,6,27","0,7,5",180,119,0.000006632490289,0.000620137842,"1.0,1.0,1.0","1.0,0.362,0.781",0.286
AGE0000013,AGE_SEX,3d,Ray Lab Data - 3d_significant.csv,0d1be8bed10c0765b51202fa8b63dcf8c60d2e5da9746c3eea0bfa810b8d4b95,14,FBgn0024728;SE:chr4:666932-668420:668574-669130:+,FBgn0024728;SE:4:666932-668420:668574-669130:+,SE,chr4,+,666932-668420:668574-669130,Yes,0.168,0.000009272752443,0.0008092021965,3d_male_vs_female,3d,SE,Yes,Higher inclusion in male,1841,FBgn0024728,Slip1,chr4,+,668419,668574,665950,666932,669129,669884,1841,"14,19,71","0,0,0","40,64,47","0,3,14",274,119,0.000009272752443,0.0008092021965,"1.0,1.0,1.0","1.0,0.903,0.593",0.168
AGE0000014,AGE_SEX,3d,Ray Lab Data - 3d_significant.csv,0d1be8bed10c0765b51202fa8b63dcf8c60d2e5da9746c3eea0bfa810b8d4b95,15,FBgn0082582;SE:chr3R:30573072-30575432:30575948-30577179:+,FBgn0082582;SE:3R:30573072-30575432:30575948-30577179:+,SE,chr3R,+,30573072-30575432:30575948-30577179,Yes,0.285,0.0000112496995,0.0008662268615,3d_male_vs_female,3d,SE,Yes,Higher inclusion in male,673,FBgn0082582,tmod,chr3R,+,30575431,30575948,30572924,30573072,30577178,30577558,673,"31,13,21","9,2,7","15,12,16","7,19,51",636,119,0.0000112496995,0.0008662268615,"0.392,0.549,0.36","0.286,0.106,0.055",0.285
AGE0000015,AGE_SEX,3d,Ray Lab Data - 3d_significant.csv,0d1be8bed10c0765b51202fa8b63dcf8c60d2e5da9746c3eea0bfa810b8d4b95,16,FBgn0004373;SE:chr3L:314317-318991:319513-319747:-,FBgn0004373;SE:3L:314317-318991:319513-319747:-,SE,chr3L,-,314317-318991:319513-319747,Yes,0.11,0.00001085687637,0.0008662268615,3d_male_vs_female,3d,SE,Yes,Higher inclusion in male,881,FBgn0004373,fwd,chr3L,-,318990,319513,313023,314317,319746,319884,881,"88,88,113","0,0,0","111,198,187","0,6,8",642,119,0.00001085687637,0.0008662268615,"1.0,1.0,1.0","1.0,0.859,0.812",0.11
AGE0000016,AGE_SEX,3d,Ray Lab Data - 3d_significant.csv,0d1be8bed10c0765b51202fa8b63dcf8c60d2e5da9746c3eea0bfa810b8d4b95,17,FBgn0287183;SE:chr3L:25978150-26008061:26008177-26010107:-,FBgn0287183;SE:3L:25978150-26008061:26008177-26010107:-,SE,chr3L,-,25978150-26008061:26008177-26010107,Yes,-0.169,0.00001882203514,0.001368780222,3d_male_vs_female,3d,SE,Yes,Higher inclusion in female,266,FBgn0287183,l(3)80Fg,chr3L,-,26008060,26008177,25977966,25978150,26010106,26010354,266,"2,1,0","3,7,21","4,15,14","4,19,27",236,119,0.00001882203514,0.001368780222,"0.252,0.067,0.0","0.335,0.285,0.207",-0.169
AGE0000017,AGE_SEX,3d,Ray Lab Data - 3d_significant.csv,0d1be8bed10c0765b51202fa8b63dcf8c60d2e5da9746c3eea0bfa810b8d4b95,18,FBgn0264908;SE:chr3L:15852697-15855757:15856353-15858101:-,FBgn0264908;SE:3L:15852697-15855757:15856353-15858101:-,SE,chr3L,-,15852697-15855757:15856353-15858101,Yes,-0.288,0.00002251344804,0.001551058078,3d_male_vs_female,3d,SE,Yes,Higher inclusion in female,991,FBgn0264908,pHCl-1,chr3L,-,15855756,15856353,15852694,15852697,15858100,15858151,991,"41,26,29","0,3,4","60,45,94","0,0,0",716,119,0.00002251344804,0.001551058078,"1.0,0.59,0.546","1.0,1.0,1.0",-0.288
AGE0000018,AGE_SEX,3d,Ray Lab Data - 3d_significant.csv,0d1be8bed10c0765b51202fa8b63dcf8c60d2e5da9746c3eea0bfa810b8d4b95,19,FBgn0033475;SE:chr2R:10033551-10033604:10033703-10033757:+,FBgn0033475;SE:2R:10033551-10033604:10033703-10033757:+,SE,chr2R,+,10033551-10033604:10033703-10033757,Yes,0.107,0.00003063800644,0.001909769068,3d_male_vs_female,3d,SE,Yes,Higher inclusion in male,1712,FBgn0033475,CG12129,chr2R,+,10033603,10033703,10033303,10033551,10033756,10034021,1712,"25,62,79","1,0,0","25,104,132","4,0,14",219,119,0.00003063800644,0.001909769068,"0.931,1.0,1.0","0.773,1.0,0.837",0.107
AGE0000019,AGE_SEX,3d,Ray Lab Data - 3d_significant.csv,0d1be8bed10c0765b51202fa8b63dcf8c60d2e5da9746c3eea0bfa810b8d4b95,20,FBgn0264089;SE:chr2R:15891280-15907172:15907233-15921639:-,FBgn0264089;SE:2R:15891280-15907172:15907233-15921639:-,SE,chr2R,-,15891280-15907172:15907233-15921639,Yes,0.128,0.00003379031459,0.002010523718,3d_male_vs_female,3d,SE,Yes,Higher inclusion in male,1232,FBgn0264089,sli,chr2R,-,15907171,15907233,15890289,15891280,15921638,15922118,1232,"0,0,17","7,5,18","0,0,0","9,18,28",181,119,0.00003379031459,0.002010523718,"0.0,0.0,0.383","0.0,0.0,0.0",0.128
AGE0000020,AGE_SEX,3d,Ray Lab Data - 3d_significant.csv,0d1be8bed10c0765b51202fa8b63dcf8c60d2e5da9746c3eea0bfa810b8d4b95,21,FBgn0052423;SE:chr3L:5170440-5200331:5200366-5201065:-,FBgn0052423;SE:3L:5170440-5200331:5200366-5201065:-,SE,chr3L,-,5170440-5200331:5200366-5201065,Yes,-0.341,0.00004315547623,0.002353771599,3d_male_vs_female,3d,SE,Yes,Higher inclusion in female,2818,FBgn0052423,shep,chr3L,-,5200330,5200366,5170186,5170440,5201064,5201412,2818,"0,0,1","2,5,13","4,2,3","2,3,15",155,119,0.00004315547623,0.002353771599,"0.0,0.0,0.056","0.606,0.339,0.133",-0.341
AGE0000021,AGE_SEX,3d,Ray Lab Data - 3d_significant.csv,0d1be8bed10c0765b51202fa8b63dcf8c60d2e5da9746c3eea0bfa810b8d4b95,22,FBgn0085432;SE:chr4:99475-104083:104528-107403:+,FBgn0085432;SE:4:99475-104083:104528-107403:+,SE,chr4,+,99475-104083:104528-107403,Yes,0.11,0.00005747072394,0.003009167106,3d_male_vs_female,3d,SE,Yes,Higher inclusion in male,1684,FBgn0085432,pan,chr4,+,104082,104528,99405,99475,107402,110059,1684,"66,60,127","0,1,0","63,116,117","1,7,3",565,119,0.00005747072394,0.003009167106,"1.0,0.927,1.0","0.93,0.777,0.891",0.11
AGE0000022,AGE_SEX,3d,Ray Lab Data - 3d_significant.csv,0d1be8bed10c0765b51202fa8b63dcf8c60d2e5da9746c3eea0bfa810b8d4b95,23,FBgn0016930;SE:chr2L:14222081-14229532:14229536-14233648:-,FBgn0016930;SE:2L:14222081-14229532:14229536-14233648:-,SE,chr2L,-,14222081-14229532:14229536-14233648,Yes,-0.117,0.00006176656328,0.003109708898,3d_male_vs_female,3d,SE,Yes,Higher inclusion in female,2881,FBgn0016930,Dyrk2,chr2L,-,14229531,14229536,14222016,14222081,14233647,14234108,2881,"19,18,11","9,0,2","13,46,60","2,0,0",124,119,0.00006176656328,0.003109708898,"0.67,1.0,0.841","0.862,1.0,1.0",-0.117
AGE0000023,AGE_SEX,3d,Ray Lab Data - 3d_significant.csv,0d1be8bed10c0765b51202fa8b63dcf8c60d2e5da9746c3eea0bfa810b8d4b95,24,FBgn0004509;SE:chr3R:25417964-25431917:25431981-25472482:-,FBgn0004509;SE:3R:25417964-25431917:25431981-25472482:-,SE,chr3R,-,25417964-25431917:25431981-25472482,Yes,-0.131,0.00008775825445,0.004102698396,3d_male_vs_female,3d,SE,Yes,Higher inclusion in female,2605,FBgn0004509,Fur1,chr3R,-,25431916,25431981,25417937,25417964,25472481,25473058,2605,"28,64,79","8,6,0","50,112,97","0,3,0",184,119,0.00008775825445,0.004102698396,"0.694,0.873,1.0","1.0,0.96,1.0",-0.131
AGE0000024,AGE_SEX,3d,Ray Lab Data - 3d_significant.csv,0d1be8bed10c0765b51202fa8b63dcf8c60d2e5da9746c3eea0bfa810b8d4b95,25,FBgn0053113;SE:chr2L:4994994-5004172:5004207-5004614:-,FBgn0053113;SE:2L:4994994-5004172:5004207-5004614:-,SE,chr2L,-,4994994-5004172:5004207-5004614,Yes,0.128,0.00009924353426,0.004417964766,3d_male_vs_female,3d,SE,Yes,Higher inclusion in male,1274,FBgn0053113,Rtnl1,chr2L,-,5004171,5004207,4994786,4994994,5004613,5004774,1274,"6,15,5","0,0,0","3,4,21","0,0,10",155,119,0.00009924353426,0.004417964766,"1.0,1.0,1.0","1.0,1.0,0.617",0.128
AGE0000025,AGE_SEX,3d,Ray Lab Data - 3d_significant.csv,0d1be8bed10c0765b51202fa8b63dcf8c60d2e5da9746c3eea0bfa810b8d4b95,26,FBgn0052062;SE:chr3L:10587896-10588660:10588731-10589356:+,FBgn0052062;SE:3L:10587896-10588660:10588731-10589356:+,SE,chr3L,+,10587896-10588660:10588731-10589356,Yes,0.464,0.0001355673666,0.00563361167,3d_male_vs_female,3d,SE,Yes,Higher inclusion in male,925,FBgn0052062,Rbfox1,chr3L,+,10588659,10588731,10587842,10587896,10589355,10589516,925,"1,1,1","1,0,0","5,2,0","4,1,2",191,119,0.0001355673666,0.00563361167,"0.384,1.0,1.0","0.438,0.555,0.0",0.464
AGE0000026,AGE_SEX,3d,Ray Lab Data - 3d_significant.csv,0d1be8bed10c0765b51202fa8b63dcf8c60d2e5da9746c3eea0bfa810b8d4b95,27,FBgn0028550;SE:chrX:1252096-1259959:1260008-1274426:-,FBgn0028550;SE:X:1252096-1259959:1260008-1274426:-,SE,chrX,-,1252096-1259959:1260008-1274426,Yes,0.128,0.0001767203137,0.006803732078,3d_male_vs_female,3d,SE,Yes,Higher inclusion in male,1818,FBgn0028550,Atf3,chrX,-,1259958,1260008,1251339,1252096,1274425,1275284,1818,"17,25,20","0,0,0","12,16,25","0,0,11",169,119,0.0001767203137,0.006803732078,"1.0,1.0,1.0","1.0,1.0,0.615",0.128
AGE0000027,AGE_SEX,3d,Ray Lab Data - 3d_significant.csv,0d1be8bed10c0765b51202fa8b63dcf8c60d2e5da9746c3eea0bfa810b8d4b95,28,FBgn0052017;SE:chr4:1144113-1144966:1145100-1145208:-,FBgn0052017;SE:4:1144113-1144966:1145100-1145208:-,SE,chr4,-,1144113-1144966:1145100-1145208,Yes,0.107,0.000191360916,0.007156898259,3d_male_vs_female,3d,SE,Yes,Higher inclusion in male,1489,FBgn0052017,CG32017,chr4,-,1144965,1145100,1143984,1144113,1145207,1145321,1489,"9,26,62","0,0,0","14,37,92","0,6,3",254,119,0.000191360916,0.007156898259,"1.0,1.0,1.0","1.0,0.743,0.935",0.107
AGE0000028,AGE_SEX,3d,Ray Lab Data - 3d_significant.csv,0d1be8bed10c0765b51202fa8b63dcf8c60d2e5da9746c3eea0bfa810b8d4b95,29,FBgn0051363;SE:chr3R:11592624-11593322:11593354-11593633:-,FBgn0051363;SE:3R:11592624-11593322:11593354-11593633:-,SE,chr3R,-,11592624-11593322:11593354-11593633,Yes,-0.126,0.0002857295104,0.01038944247,3d_male_vs_female,3d,SE,Yes,Higher inclusion in female,948,FBgn0051363,Jupiter,chr3R,-,11593321,11593354,11592366,11592624,11593632,11593766,948,"19,12,4","9,0,0","16,39,35","0,0,0",152,119,0.0002857295104,0.01038944247,"0.623,1.0,1.0","1.0,1.0,1.0",-0.126
AGE0000029,AGE_SEX,3d,Ray Lab Data - 3d_significant.csv,0d1be8bed10c0765b51202fa8b63dcf8c60d2e5da9746c3eea0bfa810b8d4b95,30,FBgn0031016;SE:chrX:19363021-19398503:19398534-19433154:+,FBgn0031016;SE:X:19363021-19398503:19398534-19433154:+,SE,chrX,+,19363021-19398503:19398534-19433154,Yes,0.409,0.0003712166033,0.01214806334,3d_male_vs_female,3d,SE,Yes,Higher inclusion in male,2770,FBgn0031016,kek5,chrX,+,19398502,19398534,19362966,19363021,19433153,19433272,2770,"3,2,4","9,7,0","0,2,0","11,8,8",151,119,0.0003712166033,0.01214806334,"0.208,0.184,1.0","0.0,0.165,0.0",0.409
AGE0000030,AGE_SEX,3d,Ray Lab Data - 3d_significant.csv,0d1be8bed10c0765b51202fa8b63dcf8c60d2e5da9746c3eea0bfa810b8d4b95,31,FBgn0283657;SE:chrX:3762857-3775815:3777360-3781655:+,FBgn0283657;SE:X:3762857-3775815:3777360-3781655:+,SE,chrX,+,3762857-3775815:3777360-3781655,Yes,-0.184,0.0003843870423,0.01227225947,3d_male_vs_female,3d,SE,Yes,Higher inclusion in female,2462,FBgn0283657,Tlk,chrX,+,3775814,3777360,3762497,3762857,3781654,3783559,2462,"169,127,222","3,4,7","206,374,700","2,3,2",1665,119,0.0003843870423,0.01227225947,"0.801,0.694,0.694","0.88,0.899,0.962",-0.184
AGE0000031,AGE_SEX,3d,Ray Lab Data - 3d_significant.csv,0d1be8bed10c0765b51202fa8b63dcf8c60d2e5da9746c3eea0bfa810b8d4b95,32,FBgn0260657;SE:chr3L:4564549-4577917:4577952-4578760:+,FBgn0260657;SE:3L:4564549-4577917:4577952-4578760:+,SE,chr3L,+,4564549-4577917:4577952-4578760,Yes,-0.591,0.0004949250951,0.01464028527,3d_male_vs_female,3d,SE,Yes,Higher inclusion in female,1580,FBgn0260657,CG42540,chr3L,+,4577916,4577952,4564537,4564549,4578759,4578869,1580,"1,3,0","10,10,2","3,4,2","0,1,4",155,119,0.0004949250951,0.01464028527,"0.071,0.187,0.0","1.0,0.754,0.277",-0.591
AGE0000032,AGE_SEX,3d,Ray Lab Data - 3d_significant.csv,0d1be8bed10c0765b51202fa8b63dcf8c60d2e5da9746c3eea0bfa810b8d4b95,33,FBgn0020251;SE:chr3L:6496481-6505083:6505119-6523030:+,FBgn0020251;SE:3L:6496481-6505083:6505119-6523030:+,SE,chr3L,+,6496481-6505083:6505119-6523030,Yes,0.183,0.0005893081604,0.01607092462,3d_male_vs_female,3d,SE,Yes,Higher inclusion in male,28,FBgn0020251,sfl,chr3L,+,6505082,6505119,6495679,6496481,6523029,6524096,28,"20,24,58","0,3,6","53,65,87","8,16,44",156,119,0.0005893081604,0.01607092462,"1.0,0.859,0.881","0.835,0.756,0.601",0.183
AGE0000033,AGE_SEX,3d,Ray Lab Data - 3d_significant.csv,0d1be8bed10c0765b51202fa8b63dcf8c60d2e5da9746c3eea0bfa810b8d4b95,34,FBgn0044020;SE:chr2R:11678454-11678798:11678893-11679270:-,FBgn0044020;SE:2R:11678454-11678798:11678893-11679270:-,SE,chr2R,-,11678454-11678798:11678893-11679270,Yes,-0.107,0.0006230722448,0.01664492997,3d_male_vs_female,3d,SE,Yes,Higher inclusion in female,2400,FBgn0044020,Roc2,chr2R,-,11678797,11678893,11678205,11678454,11679269,11679354,2400,"0,2,0","5,1,9","0,6,19","2,5,13",215,119,0.0006230722448,0.01664492997,"0.0,0.525,0.0","0.0,0.399,0.447",-0.107
AGE0000034,AGE_SEX,3d,Ray Lab Data - 3d_significant.csv,0d1be8bed10c0765b51202fa8b63dcf8c60d2e5da9746c3eea0bfa810b8d4b95,35,FBgn0085638;SE:chr2R:2770710-2830866:2831043-2846508:-,FBgn0085638;SE:2R:2770710-2830866:2831043-2846508:-,SE,chr2R,-,2770710-2830866:2831043-2846508,Yes,0.327,0.000743866215,0.01907168209,3d_male_vs_female,3d,SE,Yes,Higher inclusion in male,1629,FBgn0085638,CG41378,chr2R,-,2830865,2831043,2770379,2770710,2846507,2846661,1629,"4,2,11","0,0,0","3,10,18","2,0,4",297,119,0.000743866215,0.01907168209,"1.0,1.0,1.0","0.375,1.0,0.643",0.327
AGE0000035,AGE_SEX,3d,Ray Lab Data - 3d_significant.csv,0d1be8bed10c0765b51202fa8b63dcf8c60d2e5da9746c3eea0bfa810b8d4b95,36,FBgn0259139;SE:chr3R:11816757-11817194:11817338-11818006:-,FBgn0259139;SE:3R:11816757-11817194:11817338-11818006:-,SE,chr3R,-,11816757-11817194:11817338-11818006,Yes,0.12,0.0007563079543,0.01907168209,3d_male_vs_female,3d,SE,Yes,Higher inclusion in male,3013,FBgn0259139,glo,chr3R,-,11817193,11817338,11816611,11816757,11818005,11818137,3013,"32,36,51","2,1,0","28,45,100","3,5,8",264,119,0.0007563079543,0.01907168209,"0.878,0.942,1.0","0.808,0.802,0.849",0.12
AGE0000036,AGE_SEX,3d,Ray Lab Data - 3d_significant.csv,0d1be8bed10c0765b51202fa8b63dcf8c60d2e5da9746c3eea0bfa810b8d4b95,37,FBgn0027066;SE:chr2R:6752988-6754180:6754438-6754702:+,FBgn0027066;SE:2R:6752988-6754180:6754438-6754702:+,SE,chr2R,+,6752988-6754180:6754438-6754702,Yes,0.165,0.0009263075838,0.02287804957,3d_male_vs_female,3d,SE,Yes,Higher inclusion in male,1847,FBgn0027066,Eb1,chr2R,+,6754179,6754438,6752842,6752988,6754701,6754844,1847,"34,48,30","0,0,0","68,51,42","0,0,13",378,119,0.0009263075838,0.02287804957,"1.0,1.0,1.0","1.0,1.0,0.504",0.165
AGE0000037,AGE_SEX,3d,Ray Lab Data - 3d_significant.csv,0d1be8bed10c0765b51202fa8b63dcf8c60d2e5da9746c3eea0bfa810b8d4b95,38,FBgn0263346;SE:chr3R:4670850-4680229:4680579-4680779:+,FBgn0263346;SE:3R:4670850-4680229:4680579-4680779:+,SE,chr3R,+,4670850-4680229:4680579-4680779,Yes,-0.202,0.0009630015885,0.02334387184,3d_male_vs_female,3d,SE,Yes,Higher inclusion in female,547,FBgn0263346,smash,chr3R,+,4680228,4680579,4670796,4670850,4680778,4680837,547,"43,97,90","5,11,16","39,105,215","1,5,12",470,119,0.0009630015885,0.02334387184,"0.685,0.691,0.587","0.908,0.842,0.819",-0.202
AGE0000038,AGE_SEX,3d,Ray Lab Data - 3d_significant.csv,0d1be8bed10c0765b51202fa8b63dcf8c60d2e5da9746c3eea0bfa810b8d4b95,39,FBgn0264822;SE:chr4:960038-962251:962347-962401:+,FBgn0264822;SE:4:960038-962251:962347-962401:+,SE,chr4,+,960038-962251:962347-962401,Yes,-0.216,0.001024724858,0.02353271648,3d_male_vs_female,3d,SE,Yes,Higher inclusion in female,938,FBgn0264822,asRNA:CR44030,chr4,+,962250,962347,959674,960038,962400,962692,938,"1,0,0","2,7,6","1,2,3","2,2,4",216,119,0.001024724858,0.02353271648,"0.216,0.0,0.0","0.216,0.355,0.292",-0.216
AGE0000039,AGE_SEX,3d,Ray Lab Data - 3d_significant.csv,0d1be8bed10c0765b51202fa8b63dcf8c60d2e5da9746c3eea0bfa810b8d4b95,40,FBgn0028331;SE:chrX:10357813-10357995:10358003-10358086:-,FBgn0028331;SE:X:10357813-10357995:10358003-10358086:-,SE,chrX,-,10357813-10357995:10358003-10358086,Yes,-0.175,0.001079264983,0.02435789419,3d_male_vs_female,3d,SE,Yes,Higher inclusion in female,2176,FBgn0028331,l(1)G0289,chrX,-,10357994,10358003,10356828,10357813,10358085,10358504,2176,"8,6,15","3,5,0","7,11,23","2,0,0",128,119,0.001079264983,0.02435789419,"0.713,0.527,1.0","0.765,1.0,1.0",-0.175
AGE0000040,AGE_SEX,3d,Ray Lab Data - 3d_significant.csv,0d1be8bed10c0765b51202fa8b63dcf8c60d2e5da9746c3eea0bfa810b8d4b95,41,FBgn0053517;SE:chrX:20011564-20013102:20013657-20026705:-,FBgn0053517;SE:X:20011564-20013102:20013657-20026705:-,SE,chrX,-,20011564-20013102:20013657-20026705,Yes,0.235,0.001324433144,0.02889471641,3d_male_vs_female,3d,SE,Yes,Higher inclusion in male,2870,FBgn0053517,Dop2R,chrX,-,20013101,20013657,20011454,20011564,20026704,20026895,2870,"22,11,15","1,1,0","21,18,23","0,6,6",675,119,0.001324433144,0.02889471641,"0.795,0.66,1.0","1.0,0.346,0.403",0.235
AGE0000041,AGE_SEX,3d,Ray Lab Data - 3d_significant.csv,0d1be8bed10c0765b51202fa8b63dcf8c60d2e5da9746c3eea0bfa810b8d4b95,42,FBgn0262483;SE:chr3R:15393498-15396310:15396377-15399113:+,FBgn0262483;SE:3R:15393498-15396310:15396377-15399113:+,SE,chr3R,+,15393498-15396310:15396377-15399113,Yes,0.356,0.001475073682,0.03114308791,3d_male_vs_female,3d,SE,Yes,Higher inclusion in male,642,FBgn0262483,Rbp,chr3R,+,15396309,15396377,15393209,15393498,15399112,15400011,642,"3,4,1","0,0,0","3,3,13","1,5,0",187,119,0.001475073682,0.03114308791,"1.0,1.0,1.0","0.656,0.276,1.0",0.356
AGE0000042,AGE_SEX,3d,Ray Lab Data - 3d_significant.csv,0d1be8bed10c0765b51202fa8b63dcf8c60d2e5da9746c3eea0bfa810b8d4b95,43,FBgn0035914;SE:chr3L:8604858-8608503:8608698-8609734:+,FBgn0035914;SE:3L:8604858-8608503:8608698-8609734:+,SE,chr3L,+,8604858-8608503:8608698-8609734,Yes,-0.252,0.001499141781,0.03114883479,3d_male_vs_female,3d,SE,Yes,Higher inclusion in female,80,FBgn0035914,CG6282,chr3L,+,8608502,8608698,8604656,8604858,8609733,8610356,80,"13,6,15","0,7,1","8,15,37","0,1,0",315,119,0.001499141781,0.03114883479,"1.0,0.245,0.85","1.0,0.85,1.0",-0.252
AGE0000043,AGE_SEX,3d,Ray Lab Data - 3d_significant.csv,0d1be8bed10c0765b51202fa8b63dcf8c60d2e5da9746c3eea0bfa810b8d4b95,44,FBgn0015286;SE:chrX:3710248-3716472:3716667-3719363:-,FBgn0015286;SE:X:3710248-3716472:3716667-3719363:-,SE,chrX,-,3710248-3716472:3716667-3719363,Yes,-0.33,0.001532892403,0.03135243994,3d_male_vs_female,3d,SE,Yes,Higher inclusion in female,846,FBgn0015286,Rala,chrX,-,3716471,3716667,3710068,3710248,3719362,3719635,846,"2,9,37","2,0,5","1,17,25","0,0,0",315,119,0.001532892403,0.03135243994,"0.274,1.0,0.737","1.0,1.0,1.0",-0.33
AGE0000044,AGE_SEX,3d,Ray Lab Data - 3d_significant.csv,0d1be8bed10c0765b51202fa8b63dcf8c60d2e5da9746c3eea0bfa810b8d4b95,45,FBgn0010328;SE:chr3R:27261943-27262116:27262160-27262227:-,FBgn0010328;SE:3R:27261943-27262116:27262160-27262227:-,SE,chr3R,-,27261943-27262116:27262160-27262227,Yes,-0.155,0.001586814177,0.03195599628,3d_male_vs_female,3d,SE,Yes,Higher inclusion in female,3132,FBgn0010328,woc,chr3R,-,27262115,27262160,27260090,27261943,27262226,27262487,3132,"39,41,46","25,37,31","36,68,114","13,32,38",164,119,0.001586814177,0.03195599628,"0.531,0.446,0.518","0.668,0.607,0.685",-0.155
AGE0000045,AGE_SEX,3d,Ray Lab Data - 3d_significant.csv,0d1be8bed10c0765b51202fa8b63dcf8c60d2e5da9746c3eea0bfa810b8d4b95,46,FBgn0261564;SE:chr2R:22930319-22930386:22931280-22931515:+,FBgn0261564;SE:2R:22930319-22930386:22931280-22931515:+,SE,chr2R,+,22930319-22930386:22931280-22931515,Yes,-0.116,0.001887475252,0.0363338986,3d_male_vs_female,3d,SE,Yes,Higher inclusion in female,718,FBgn0261564,ReepA,chr2R,+,22930385,22931280,22930192,22930319,22931514,22932044,718,"1,0,0","4,1,8","3,0,9","1,5,8",1014,119,0.001887475252,0.0363338986,"0.029,0.0,0.0","0.26,0.0,0.117",-0.116
AGE0000046,AGE_SEX,3d,Ray Lab Data - 3d_significant.csv,0d1be8bed10c0765b51202fa8b63dcf8c60d2e5da9746c3eea0bfa810b8d4b95,47,FBgn0261564;SE:chr2R:22930319-22930389:22931280-22931515:+,FBgn0261564;SE:2R:22930319-22930389:22931280-22931515:+,SE,chr2R,+,22930319-22930389:22931280-22931515,Yes,-0.116,0.001872629094,0.0363338986,3d_male_vs_female,3d,SE,Yes,Higher inclusion in female,720,FBgn0261564,ReepA,chr2R,+,22930388,22931280,22930192,22930319,22931514,22932044,720,"1,0,0","4,1,8","3,0,9","1,5,8",1011,119,0.001872629094,0.0363338986,"0.029,0.0,0.0","0.261,0.0,0.117",-0.116
AGE0000047,AGE_SEX,3d,Ray Lab Data - 3d_significant.csv,0d1be8bed10c0765b51202fa8b63dcf8c60d2e5da9746c3eea0bfa810b8d4b95,48,FBgn0024807;SE:chrX:21628709-21628844:21629792-21629974:-,FBgn0024807;SE:X:21628709-21628844:21629792-21629974:-,SE,chrX,-,21628709-21628844:21629792-21629974,Yes,0.124,0.002080424309,0.03946775973,3d_male_vs_female,3d,SE,Yes,Higher inclusion in male,2625,FBgn0024807,DIP1,chrX,-,21628843,21629792,21628360,21628709,21629973,21630148,2625,"10,49,46","0,0,0","19,54,151","0,1,5",1068,119,0.002080424309,0.03946775973,"1.0,1.0,1.0","1.0,0.857,0.771",0.124
AGE0000048,AGE_SEX,3d,Ray Lab Data - 3d_significant.csv,0d1be8bed10c0765b51202fa8b63dcf8c60d2e5da9746c3eea0bfa810b8d4b95,49,FBgn0027066;SE:chr2R:6752988-6754180:6754438-6754705:+,FBgn0027066;SE:2R:6752988-6754180:6754438-6754705:+,SE,chr2R,+,6752988-6754180:6754438-6754705,Yes,0.156,0.00234209385,0.04379715499,3d_male_vs_female,3d,SE,Yes,Higher inclusion in male,1848,FBgn0027066,Eb1,chr2R,+,6754179,6754438,6752842,6752988,6754704,6754844,1848,"26,35,19","0,0,0","52,40,29","0,0,8",378,119,0.00234209385,0.04379715499,"1.0,1.0,1.0","1.0,1.0,0.533",0.156
AGE0000049,AGE_SEX,3d,Ray Lab Data - 3d_significant.csv,0d1be8bed10c0765b51202fa8b63dcf8c60d2e5da9746c3eea0bfa810b8d4b95,50,FBgn0260499;SE:chr2R:11445415-11446133:11446189-11447156:+,FBgn0260499;SE:2R:11445415-11446133:11446189-11447156:+,SE,chr2R,+,11445415-11446133:11446189-11447156,Yes,0.176,0.002556849521,0.0471396623,3d_male_vs_female,3d,SE,Yes,Higher inclusion in male,1050,FBgn0260499,qvr,chr2R,+,11446132,11446189,11445367,11445415,11447155,11447208,1050,"2,8,11","2,0,0","4,21,3","1,8,2",176,119,0.002556849521,0.0471396623,"0.403,1.0,1.0","0.73,0.64,0.504",0.176
AGE0000050,AGE_SEX,3d,Ray Lab Data - 3d_significant.csv,0d1be8bed10c0765b51202fa8b63dcf8c60d2e5da9746c3eea0bfa810b8d4b95,51,FBgn0003256;SE:chr2R:1072439-1074272:1074364-1076635:+,FBgn0003256;SE:2R:1072439-1074272:1074364-1076635:+,SE,chr2R,+,1072439-1074272:1074364-1076635,No,0.029,0.000003149601161,0.000358933506,3d_male_vs_female,3d,SE,No,Higher inclusion in male,2924,FBgn0003256,rl,chr2R,+,1074271,1074364,1072250,1072439,1076634,1076761,2924,"1,23,2","23,91,187","2,4,0","21,149,400",212,119,0.000003149601161,0.000358933506,"0.024,0.124,0.006","0.051,0.015,0.0",0.029
AGE0000051,AGE_SEX,3d,Ray Lab Data - 3d_significant.csv,0d1be8bed10c0765b51202fa8b63dcf8c60d2e5da9746c3eea0bfa810b8d4b95,52,FBgn0262738;SE:chrX:4323155-4325348:4325616-4332796:+,FBgn0262738;SE:X:4323155-4325348:4325616-4332796:+,SE,chrX,+,4323155-4325348:4325616-4332796,No,0.019,0.000002422389455,0.000358933506,3d_male_vs_female,3d,SE,No,Higher inclusion in male,618,FBgn0262738,norpA,chrX,+,4325347,4325616,4322625,4323155,4332795,4332840,618,"18,62,80","203,437,561","9,36,64","234,622,841",388,119,0.000002422389455,0.000358933506,"0.026,0.042,0.042","0.012,0.017,0.023",0.019
AGE0000052,AGE_SEX,3d,Ray Lab Data - 3d_significant.csv,0d1be8bed10c0765b51202fa8b63dcf8c60d2e5da9746c3eea0bfa810b8d4b95,53,FBgn0013759;SE:chr3R:21792146-21803684:21805175-21813149:-,FBgn0013759;SE:3R:21792146-21803684:21805175-21813149:-,SE,chr3R,-,21792146-21803684:21805175-21813149,No,-0.059,0.00002524886306,0.001652538087,3d_male_vs_female,3d,SE,No,Higher inclusion in female,2113,FBgn0013759,CASK,chr3R,-,21803683,21805175,21791960,21792146,21813148,21814189,2113,"105,620,754","0,0,12","124,895,1665","0,0,0",1611,119,0.00002524886306,0.001652538087,"1.0,1.0,0.823","1.0,1.0,1.0",-0.059
AGE0000053,AGE_SEX,3d,Ray Lab Data - 3d_significant.csv,0d1be8bed10c0765b51202fa8b63dcf8c60d2e5da9746c3eea0bfa810b8d4b95,54,FBgn0261804;SE:chr2L:18211298-18215765:18215846-18246025:-,FBgn0261804;SE:2L:18211298-18215765:18215846-18246025:-,SE,chr2L,-,18211298-18215765:18215846-18246025,No,-0.042,0.0000412835242,0.002349571008,3d_male_vs_female,3d,SE,No,Higher inclusion in female,2545,FBgn0261804,CG42750,chr2L,-,18215764,18215846,18210556,18211298,18246024,18246107,2545,"176,275,402","2,19,21","155,546,891","2,13,11",201,119,0.0000412835242,0.002349571008,"0.981,0.895,0.919","0.979,0.961,0.98",-0.042
AGE0000054,AGE_SEX,3d,Ray Lab Data - 3d_significant.csv,0d1be8bed10c0765b51202fa8b63dcf8c60d2e5da9746c3eea0bfa810b8d4b95,55,FBgn0053481;SE:chr4:251525-252055:252170-252824:-,FBgn0053481;SE:4:251525-252055:252170-252824:-,SE,chr4,-,251525-252055:252170-252824,No,0.024,0.00008139410293,0.003946106694,3d_male_vs_female,3d,SE,No,Higher inclusion in male,847,FBgn0053481,dpr7,chr4,-,252054,252170,251314,251525,252823,253013,847,"226,695,727","6,7,9","186,846,1258","4,23,51",235,119,0.00008139410293,0.003946106694,"0.95,0.98,0.976","0.959,0.949,0.926",0.024
AGE0000055,AGE_SEX,3d,Ray Lab Data - 3d_significant.csv,0d1be8bed10c0765b51202fa8b63dcf8c60d2e5da9746c3eea0bfa810b8d4b95,56,FBgn0027066;SE:chr2R:6752988-6753227:6753503-6754702:+,FBgn0027066;SE:2R:6752988-6753227:6753503-6754702:+,SE,chr2R,+,6752988-6753227:6753503-6754702,No,0.067,0.0001012520573,0.004417964766,3d_male_vs_female,3d,SE,No,Higher inclusion in male,1845,FBgn0027066,Eb1,chr2R,+,6753226,6753503,6752842,6752988,6754701,6754844,1845,"61,44,134","0,0,0","50,151,171","0,0,13",396,119,0.0001012520573,0.004417964766,"1.0,1.0,1.0","1.0,1.0,0.798",0.067
AGE0000056,AGE_SEX,3d,Ray Lab Data - 3d_significant.csv,0d1be8bed10c0765b51202fa8b63dcf8c60d2e5da9746c3eea0bfa810b8d4b95,57,FBgn0086372;SE:chr3R:7192970-7193593:7193688-7198328:+,FBgn0086372;SE:3R:7192970-7193593:7193688-7198328:+,SE,chr3R,+,7192970-7193593:7193688-7198328,No,-0.041,0.0001403178211,0.00563361167,3d_male_vs_female,3d,SE,No,Higher inclusion in female,2617,FBgn0086372,lap,chr3R,+,7193592,7193688,7192720,7192970,7198327,7199283,2617,"5,5,5","111,101,87","11,18,33","122,121,208",215,119,0.0001403178211,0.00563361167,"0.024,0.027,0.031","0.048,0.076,0.081",-0.041
AGE0000057,AGE_SEX,3d,Ray Lab Data - 3d_significant.csv,0d1be8bed10c0765b51202fa8b63dcf8c60d2e5da9746c3eea0bfa810b8d4b95,58,FBgn0020309;SE:chr2L:11803898-11806048:11806157-11809126:-,FBgn0020309;SE:2L:11803898-11806048:11806157-11809126:-,SE,chr2L,-,11803898-11806048:11806157-11809126,No,0.016,0.0001420238236,0.00563361167,3d_male_vs_female,3d,SE,No,Higher inclusion in male,1422,FBgn0020309,crol,chr2L,-,11806047,11806157,11803784,11803898,11809125,11809438,1422,"870,1956,2575","12,23,24","877,2950,4839","19,58,102",229,119,0.0001420238236,0.00563361167,"0.974,0.978,0.982","0.96,0.964,0.961",0.016
AGE0000058,AGE_SEX,3d,Ray Lab Data - 3d_significant.csv,0d1be8bed10c0765b51202fa8b63dcf8c60d2e5da9746c3eea0bfa810b8d4b95,59,FBgn0028577;SE:chr3L:1499879-1500245:1500388-1501351:-,FBgn0028577;SE:3L:1499879-1500245:1500388-1501351:-,SE,chr3L,-,1499879-1500245:1500388-1501351,No,0.032,0.0003156715272,0.01116794673,3d_male_vs_female,3d,SE,No,Higher inclusion in male,223,FBgn0028577,hfp,chr3L,-,1500244,1500388,1499042,1499879,1501350,1501406,223,"131,277,622","1,0,4","170,451,1070","4,9,18",263,119,0.0003156715272,0.01116794673,"0.983,1.0,0.986","0.951,0.958,0.964",0.032
AGE0000059,AGE_SEX,3d,Ray Lab Data - 3d_significant.csv,0d1be8bed10c0765b51202fa8b63dcf8c60d2e5da9746c3eea0bfa810b8d4b95,60,FBgn0085432;SE:chr4:95002-97822:97975-99406:+,FBgn0085432;SE:4:95002-97822:97975-99406:+,SE,chr4,+,95002-97822:97975-99406,No,0.028,0.0003391478537,0.01168275106,3d_male_vs_female,3d,SE,No,Higher inclusion in male,1683,FBgn0085432,pan,chr4,+,97821,97975,94836,95002,99405,99475,1683,"67,93,180","1,2,0","52,168,256","0,3,16",273,119,0.0003391478537,0.01168275106,"0.967,0.953,1.0","1.0,0.961,0.875",0.028
AGE0000060,AGE_SEX,3d,Ray Lab Data - 3d_significant.csv,0d1be8bed10c0765b51202fa8b63dcf8c60d2e5da9746c3eea0bfa810b8d4b95,61,FBgn0013759;SE:chr3R:21803389-21803684:21805175-21813149:-,FBgn0013759;SE:3R:21803389-21803684:21805175-21813149:-,SE,chr3R,-,21803389-21803684:21805175-21813149,No,0.052,0.0003484619937,0.0116958141,3d_male_vs_female,3d,SE,No,Higher inclusion in male,2115,FBgn0013759,CASK,chr3R,-,21803683,21805175,21803328,21803389,21813148,21814189,2115,"108,622,777","0,0,0","125,894,1695","0,10,3",1611,119,0.0003484619937,0.0116958141,"1.0,1.0,1.0","1.0,0.868,0.977",0.052
AGE0000061,AGE_SEX,3d,Ray Lab Data - 3d_significant.csv,0d1be8bed10c0765b51202fa8b63dcf8c60d2e5da9746c3eea0bfa810b8d4b95,62,FBgn0024811;SE:chr4:210680-211854:211982-212628:+,FBgn0024811;SE:4:210680-211854:211982-212628:+,SE,chr4,+,210680-211854:211982-212628,No,0.039,0.000425583199,0.0132640097,3d_male_vs_female,3d,SE,No,Higher inclusion in male,2489,FBgn0024811,Crk,chr4,+,211853,211982,210557,210680,212627,212729,2489,"49,64,137","1,0,0","45,124,230","1,1,12",248,119,0.000425583199,0.0132640097,"0.959,1.0,1.0","0.956,0.983,0.902",0.039
AGE0000062,AGE_SEX,3d,Ray Lab Data - 3d_significant.csv,0d1be8bed10c0765b51202fa8b63dcf8c60d2e5da9746c3eea0bfa810b8d4b95,63,FBgn0020496;SE:chr3R:13021642-13024824:13025044-13025389:+,FBgn0020496;SE:3R:13021642-13024824:13025044-13025389:+,SE,chr3R,+,13021642-13024824:13025044-13025389,No,0.066,0.0004801806456,0.01461759221,3d_male_vs_female,3d,SE,No,Higher inclusion in male,2751,FBgn0020496,CtBP,chr3R,+,13024823,13025044,13021419,13021642,13025388,13026275,2751,"57,65,97","0,3,0","42,55,151","0,2,15",340,119,0.0004801806456,0.01461759221,"1.0,0.883,1.0","1.0,0.906,0.779",0.066
AGE0000063,AGE_SEX,3d,Ray Lab Data - 3d_significant.csv,0d1be8bed10c0765b51202fa8b63dcf8c60d2e5da9746c3eea0bfa810b8d4b95,64,FBgn0259222;SE:chr3R:20750354-20752346:20752375-20753509:+,FBgn0259222;SE:3R:20750354-20752346:20752375-20753509:+,SE,chr3R,+,20750354-20752346:20752375-20753509,No,-0.029,0.0005032947573,0.01464028527,3d_male_vs_female,3d,SE,No,Higher inclusion in female,2741,FBgn0259222,CG42322,chr3R,+,20752345,20752375,20750224,20750354,20753508,20753641,2741,"177,244,462","4,5,13","169,451,785","0,0,0",149,119,0.0005032947573,0.01464028527,"0.972,0.975,0.966","1.0,1.0,1.0",-0.029
AGE0000064,AGE_SEX,3d,Ray Lab Data - 3d_significant.csv,0d1be8bed10c0765b51202fa8b63dcf8c60d2e5da9746c3eea0bfa810b8d4b95,65,FBgn0020496;SE:chr3R:13021642-13024800:13025044-13025389:+,FBgn0020496;SE:3R:13021642-13024800:13025044-13025389:+,SE,chr3R,+,13021642-13024800:13025044-13025389,No,0.068,0.0005611170696,0.01596744009,3d_male_vs_female,3d,SE,No,Higher inclusion in male,2750,FBgn0020496,CtBP,chr3R,+,13024799,13025044,13021419,13021642,13025388,13026275,2750,"59,63,96","0,3,0","42,55,152","0,2,15",364,119,0.0005611170696,0.01596744009,"1.0,0.873,1.0","1.0,0.9,0.768",0.068
AGE0000065,AGE_SEX,3d,Ray Lab Data - 3d_significant.csv,0d1be8bed10c0765b51202fa8b63dcf8c60d2e5da9746c3eea0bfa810b8d4b95,66,FBgn0019660;SE:chrX:11579399-11579453:11579528-11579670:+,FBgn0019660;SE:X:11579399-11579453:11579528-11579670:+,SE,chrX,+,11579399-11579453:11579528-11579670,No,-0.086,0.0005755089002,0.01602853511,3d_male_vs_female,3d,SE,No,Higher inclusion in female,178,FBgn0019660,lncRNA:roX2,chrX,+,11579452,11579528,11579348,11579399,11579669,11580084,178,"127,270,454","9,17,18","1,1,2","0,0,0",195,119,0.0005755089002,0.01602853511,"0.896,0.906,0.939","1.0,1.0,1.0",-0.086
AGE0000066,AGE_SEX,3d,Ray Lab Data - 3d_significant.csv,0d1be8bed10c0765b51202fa8b63dcf8c60d2e5da9746c3eea0bfa810b8d4b95,67,FBgn0069969;SE:chr2R:929292-946776:946843-949871:-,FBgn0069969;SE:2R:929292-946776:946843-949871:-,SE,chr2R,-,929292-946776:946843-949871,No,-0.023,0.0007576222069,0.01907168209,3d_male_vs_female,3d,SE,No,Higher inclusion in female,1318,FBgn0069969,CG40498,chr2R,-,946775,946843,929050,929292,949870,949946,1318,"0,2,0","10,10,28","0,9,11","2,50,80",187,119,0.0007576222069,0.01907168209,"0.0,0.113,0.0","0.0,0.103,0.08",-0.023
AGE0000067,AGE_SEX,3d,Ray Lab Data - 3d_significant.csv,0d1be8bed10c0765b51202fa8b63dcf8c60d2e5da9746c3eea0bfa810b8d4b95,68,FBgn0011224;SE:chr3R:31959127-31969756:31969785-31975448:-,FBgn0011224;SE:3R:31959127-31969756:31969785-31975448:-,SE,chr3R,-,31959127-31969756:31969785-31975448,No,-0.065,0.00101512688,0.02353271648,3d_male_vs_female,3d,SE,No,Higher inclusion in female,1899,FBgn0011224,heph,chr3R,-,31969755,31969785,31959034,31959127,31975447,31975965,1899,"0,2,1","16,21,48","0,6,7","20,30,33",149,119,0.00101512688,0.02353271648,"0.0,0.071,0.016","0.0,0.138,0.145",-0.065
AGE0000068,AGE_SEX,3d,Ray Lab Data - 3d_significant.csv,0d1be8bed10c0765b51202fa8b63dcf8c60d2e5da9746c3eea0bfa810b8d4b95,69,FBgn0013342;SE:chr3L:1632454-1633058:1633505-1633709:-,FBgn0013342;SE:3L:1632454-1633058:1633505-1633709:-,SE,chr3L,-,1632454-1633058:1633505-1633709,No,0.039,0.001010752725,0.02353271648,3d_male_vs_female,3d,SE,No,Higher inclusion in male,239,FBgn0013342,nSyb,chr3L,-,1633057,1633505,1630347,1632454,1633708,1633806,239,"135,303,519","3,2,1","122,483,992","1,21,9",567,119,0.001010752725,0.02353271648,"0.904,0.97,0.991","0.962,0.828,0.959",0.039
AGE0000069,AGE_SEX,3d,Ray Lab Data - 3d_significant.csv,0d1be8bed10c0765b51202fa8b63dcf8c60d2e5da9746c3eea0bfa810b8d4b95,70,FBgn0011288;SE:chr3L:24161179-24210021:24210138-24253793:+,FBgn0011288;SE:3L:24161179-24210021:24210138-24253793:+,SE,chr3L,+,24161179-24210021:24210138-24253793,No,0.012,0.001247409195,0.02767557011,3d_male_vs_female,3d,SE,No,Higher inclusion in male,829,FBgn0011288,Snap25,chr3L,+,24210020,24210138,24161130,24161179,24253792,24253921,829,"2345,4551,7244","33,61,170","2285,6397,12002","26,132,469",237,119,0.001247409195,0.02767557011,"0.973,0.974,0.955","0.978,0.961,0.928",0.012
AGE0000070,AGE_SEX,3d,Ray Lab Data - 3d_significant.csv,0d1be8bed10c0765b51202fa8b63dcf8c60d2e5da9746c3eea0bfa810b8d4b95,71,FBgn0039890;SE:chr4:188523-188578:189248-189998:-,FBgn0039890;SE:4:188523-188578:189248-189998:-,SE,chr4,-,188523-188578:189248-189998,No,0.009,0.001357874019,0.02913864084,3d_male_vs_female,3d,SE,No,Higher inclusion in male,2500,FBgn0039890,Abcd1,chr4,-,188577,189248,188424,188523,189997,190061,2500,"262,425,716","3,0,0","281,729,1708","0,4,17",790,119,0.001357874019,0.02913864084,"0.929,1.0,1.0","1.0,0.965,0.938",0.009
AGE0000071,AGE_SEX,3d,Ray Lab Data - 3d_significant.csv,0d1be8bed10c0765b51202fa8b63dcf8c60d2e5da9746c3eea0bfa810b8d4b95,72,FBgn0085432;SE:chr4:94615-97822:97975-99406:+,FBgn0085432;SE:4:94615-97822:97975-99406:+,SE,chr4,+,94615-97822:97975-99406,No,0.022,0.001870082548,0.0363338986,3d_male_vs_female,3d,SE,No,Higher inclusion in male,1682,FBgn0085432,pan,chr4,+,97821,97975,94422,94615,99405,99475,1682,"84,165,286","1,0,0","85,266,350","0,3,11",273,119,0.001870082548,0.0363338986,"0.973,1.0,1.0","1.0,0.975,0.933",0.022
AGE0000072,AGE_SEX,3d,Ray Lab Data - 3d_significant.csv,0d1be8bed10c0765b51202fa8b63dcf8c60d2e5da9746c3eea0bfa810b8d4b95,73,FBgn0052017;SE:chr4:1144113-1145208:1145321-1146470:-,FBgn0052017;SE:4:1144113-1145208:1145321-1146470:-,SE,chr4,-,1144113-1145208:1145321-1146470,No,-0.065,0.002836988535,0.05157802767,3d_male_vs_female,3d,SE,No,Higher inclusion in female,1491,FBgn0052017,CG32017,chr4,-,1145207,1145321,1143984,1144113,1146469,1146529,1491,"5,0,1","27,12,55","4,10,9","54,35,32",233,119,0.002836988535,0.05157802767,"0.086,0.0,0.009","0.036,0.127,0.126",-0.065
AGE0000073,AGE_SEX,3d,Ray Lab Data - 3d_significant.csv,0d1be8bed10c0765b51202fa8b63dcf8c60d2e5da9746c3eea0bfa810b8d4b95,74,FBgn0039026;SE:chr3R:22755268-22766611:22766726-22787006:+,FBgn0039026;SE:3R:22755268-22766611:22766726-22787006:+,SE,chr3R,+,22755268-22766611:22766726-22787006,No,0.071,0.003312410406,0.05939650988,3d_male_vs_female,3d,SE,No,Higher inclusion in male,1135,FBgn0039026,CG7029,chr3R,+,22766610,22766726,22754614,22755268,22787005,22787832,1135,"4,20,40","0,0,0","9,51,32","0,7,0",235,119,0.003312410406,0.05939650988,"1.0,1.0,1.0","1.0,0.787,1.0",0.071
AGE0000074,AGE_SEX,3d,Ray Lab Data - 3d_significant.csv,0d1be8bed10c0765b51202fa8b63dcf8c60d2e5da9746c3eea0bfa810b8d4b95,75,FBgn0033438;SE:chr2R:9615503-9643205:9643476-9657594:-,FBgn0033438;SE:2R:9615503-9643205:9643476-9657594:-,SE,chr2R,-,9615503-9643205:9643476-9657594,No,-0.212,0.003682228792,0.06513564175,3d_male_vs_female,3d,SE,No,Higher inclusion in female,2414,FBgn0033438,Mmp2,chr2R,-,9643204,9643476,9615362,9615503,9657593,9658230,2414,"21,1,15","2,0,3","16,5,16","0,0,0",391,119,0.003682228792,0.06513564175,"0.762,1.0,0.603","1.0,1.0,1.0",-0.212
AGE0000075,AGE_SEX,3d,Ray Lab Data - 3d_significant.csv,0d1be8bed10c0765b51202fa8b63dcf8c60d2e5da9746c3eea0bfa810b8d4b95,76,FBgn0016930;SE:chr2L:14222081-14229459:14229536-14233648:-,FBgn0016930;SE:2L:14222081-14229459:14229536-14233648:-,SE,chr2L,-,14222081-14229459:14229536-14233648,No,-0.168,0.004170459296,0.07183067392,3d_male_vs_female,3d,SE,No,Higher inclusion in female,2880,FBgn0016930,Dyrk2,chr2L,-,14229458,14229536,14222016,14222081,14233647,14234108,2880,"6,6,26","9,0,2","7,7,25","2,0,0",197,119,0.004170459296,0.07183067392,"0.287,1.0,0.887","0.679,1.0,1.0",-0.168
AGE0000076,AGE_SEX,3d,Ray Lab Data - 3d_significant.csv,0d1be8bed10c0765b51202fa8b63dcf8c60d2e5da9746c3eea0bfa810b8d4b95,77,FBgn0027066;SE:chr2R:6752988-6753227:6753503-6754705:+,FBgn0027066;SE:2R:6752988-6753227:6753503-6754705:+,SE,chr2R,+,6752988-6753227:6753503-6754705,No,0.055,0.004149052536,0.07183067392,3d_male_vs_female,3d,SE,No,Higher inclusion in male,1846,FBgn0027066,Eb1,chr2R,+,6753226,6753503,6752842,6752988,6754704,6754844,1846,"52,29,108","0,0,0","45,110,134","0,0,8",396,119,0.004149052536,0.07183067392,"1.0,1.0,1.0","1.0,1.0,0.834",0.055
AGE0000077,AGE_SEX,3d,Ray Lab Data - 3d_significant.csv,0d1be8bed10c0765b51202fa8b63dcf8c60d2e5da9746c3eea0bfa810b8d4b95,78,FBgn0261804;SE:chr2L:18211298-18215464:18215703-18215765:-,FBgn0261804;SE:2L:18211298-18215464:18215703-18215765:-,SE,chr2L,-,18211298-18215464:18215703-18215765,No,0.026,0.00432394492,0.07350706364,3d_male_vs_female,3d,SE,No,Higher inclusion in male,2544,FBgn0261804,CG42750,chr2L,-,18215463,18215703,18210556,18211298,18215764,18215846,2544,"26,22,85","45,92,158","26,91,35","48,201,427",359,119,0.00432394492,0.07350706364,"0.161,0.073,0.151","0.152,0.13,0.026",0.026
AGE0000078,AGE_SEX,3d,Ray Lab Data - 3d_significant.csv,0d1be8bed10c0765b51202fa8b63dcf8c60d2e5da9746c3eea0bfa810b8d4b95,79,FBgn0266557;SE:chr2L:228281-229173:229382-230538:-,FBgn0266557;SE:2L:228281-229173:229382-230538:-,SE,chr2L,-,228281-229173:229382-230538,No,-0.22,0.004707283235,0.07899786865,3d_male_vs_female,3d,SE,No,Higher inclusion in female,601,FBgn0266557,kis,chr2L,-,229172,229382,227371,228281,230537,230627,601,"33,18,25","26,4,13","53,43,68","7,9,14",329,119,0.004707283235,0.07899786865,"0.315,0.619,0.41","0.733,0.633,0.637",-0.22
AGE0000079,AGE_SEX,3d,Ray Lab Data - 3d_significant.csv,0d1be8bed10c0765b51202fa8b63dcf8c60d2e5da9746c3eea0bfa810b8d4b95,80,FBgn0264908;SE:chr3L:15852697-15858101:15858151-15859812:-,FBgn0264908;SE:3L:15852697-15858101:15858151-15859812:-,SE,chr3L,-,15852697-15858101:15858151-15859812,No,0.355,0.005545250406,0.09188269343,3d_male_vs_female,3d,SE,No,Higher inclusion in male,995,FBgn0264908,pHCl-1,chr3L,-,15858100,15858151,15852694,15852697,15859811,15860026,995,"0,3,6","7,0,4","1,0,1","2,3,3",170,119,0.005545250406,0.09188269343,"0.0,1.0,0.512","0.259,0.0,0.189",0.355
AGE0000080,AGE_SEX,3d,Ray Lab Data - 3d_significant.csv,0d1be8bed10c0765b51202fa8b63dcf8c60d2e5da9746c3eea0bfa810b8d4b95,81,FBgn0034158;SE:chr2R:16789915-16790156:16790266-16790739:+,FBgn0034158;SE:2R:16789915-16790156:16790266-16790739:+,SE,chr2R,+,16789915-16790156:16790266-16790739,No,-0.404,0.005778109933,0.09423245078,3d_male_vs_female,3d,SE,No,Higher inclusion in female,2017,FBgn0034158,RalGPS,chr2R,+,16790155,16790266,16789711,16789915,16790738,16792472,2017,"2,2,3","3,8,9","8,2,7","0,3,4",230,119,0.005778109933,0.09423245078,"0.256,0.115,0.147","1.0,0.256,0.475",-0.404
AGE0000081,AGE_SEX,3d,Ray Lab Data - 3d_significant.csv,0d1be8bed10c0765b51202fa8b63dcf8c60d2e5da9746c3eea0bfa810b8d4b95,82,FBgn0013759;SE:chr3R:21792146-21803329:21803389-21817101:-,FBgn0013759;SE:3R:21792146-21803329:21803389-21817101:-,SE,chr3R,-,21792146-21803329:21803389-21817101,No,0.017,0.005831037825,0.09423245078,3d_male_vs_female,3d,SE,No,Higher inclusion in male,2111,FBgn0013759,CASK,chr3R,-,21803328,21803389,21791960,21792146,21817100,21817450,2111,"8,16,27","1,0,0","7,22,40","0,0,7",180,119,0.005831037825,0.09423245078,"0.841,1.0,1.0","1.0,1.0,0.791",0.017
AGE0000082,AGE_SEX,3d,Ray Lab Data - 3d_significant.csv,0d1be8bed10c0765b51202fa8b63dcf8c60d2e5da9746c3eea0bfa810b8d4b95,83,FBgn0003862;SE:chr3R:14275368-14276306:14277542-14286209:-,FBgn0003862;SE:3R:14275368-14276306:14277542-14286209:-,SE,chr3R,-,14275368-14276306:14277542-14286209,No,0.266,0.006161932169,0.09836547815,3d_male_vs_female,3d,SE,No,Higher inclusion in male,1227,FBgn0003862,trx,chr3R,-,14276305,14277542,14274191,14275368,14286208,14286903,1227,"20,7,24","0,0,0","16,23,56","0,8,0",1356,119,0.006161932169,0.09836547815,"1.0,1.0,1.0","1.0,0.201,1.0",0.266
AGE0000083,AGE_SEX,3d,Ray Lab Data - 3d_significant.csv,0d1be8bed10c0765b51202fa8b63dcf8c60d2e5da9746c3eea0bfa810b8d4b95,84,FBgn0260943;SE:chr3L:17065708-17066625:17066840-17067137:-,FBgn0260943;SE:3L:17065708-17066625:17066840-17067137:-,SE,chr3L,-,17065708-17066625:17066840-17067137,No,-0.057,0.006805037904,0.1073228267,3d_male_vs_female,3d,SE,No,Higher inclusion in female,2204,FBgn0260943,Rbp6,chr3L,-,17066624,17066840,17065265,17065708,17067136,17067378,2204,"580,1490,2898","82,121,161","577,2858,4967","57,136,192",335,119,0.006805037904,0.1073228267,"0.715,0.814,0.865","0.782,0.882,0.902",-0.057
AGE0000084,AGE_SEX,3d,Ray Lab Data - 3d_significant.csv,0d1be8bed10c0765b51202fa8b63dcf8c60d2e5da9746c3eea0bfa810b8d4b95,85,FBgn0037698;SE:chr3R:9466631-9467354:9467440-9467980:-,FBgn0037698;SE:3R:9466631-9467354:9467440-9467980:-,SE,chr3R,-,9466631-9467354:9467440-9467980,No,0.274,0.007205361611,0.1109625688,3d_male_vs_female,3d,SE,No,Higher inclusion in male,694,FBgn0037698,CG16779,chr3R,-,9467353,9467440,9461083,9466631,9467979,9468404,694,"13,12,6","3,0,0","9,8,9","1,17,1",206,119,0.007205361611,0.1109625688,"0.715,1.0,1.0","0.839,0.214,0.839",0.274
AGE0000085,AGE_SEX,3d,Ray Lab Data - 3d_significant.csv,0d1be8bed10c0765b51202fa8b63dcf8c60d2e5da9746c3eea0bfa810b8d4b95,86,FBgn0038013;SE:chr3R:12349680-12349795:12349982-12350195:-,FBgn0038013;SE:3R:12349680-12349795:12349982-12350195:-,SE,chr3R,-,12349680-12349795:12349982-12350195,No,-0.222,0.00712625418,0.1109625688,3d_male_vs_female,3d,SE,No,Higher inclusion in female,2921,FBgn0038013,CG10038,chr3R,-,12349794,12349982,12349421,12349680,12350194,12350310,2921,"4,13,9","0,0,7","1,16,10","0,0,0",307,119,0.00712625418,0.1109625688,"1.0,1.0,0.333","1.0,1.0,1.0",-0.222
AGE0000086,AGE_SEX,3d,Ray Lab Data - 3d_significant.csv,0d1be8bed10c0765b51202fa8b63dcf8c60d2e5da9746c3eea0bfa810b8d4b95,87,FBgn0038826;SE:chr3R:20792555-20795139:20795274-20797144:+,FBgn0038826;SE:3R:20792555-20795139:20795274-20797144:+,SE,chr3R,+,20792555-20795139:20795274-20797144,No,-0.06,0.007328163799,0.1115414699,3d_male_vs_female,3d,SE,No,Higher inclusion in female,779,FBgn0038826,Syp,chr3R,+,20795138,20795274,20792313,20792555,20797143,20797277,779,"46,56,139","0,5,3","53,84,286","0,1,0",255,119,0.007328163799,0.1115414699,"1.0,0.839,0.956","1.0,0.975,1.0",-0.06
AGE0000087,AGE_SEX,3d,Ray Lab Data - 3d_significant.csv,0d1be8bed10c0765b51202fa8b63dcf8c60d2e5da9746c3eea0bfa810b8d4b95,88,FBgn0029915;SE:chrX:6852942-6864902:6864981-6866802:-,FBgn0029915;SE:X:6852942-6864902:6864981-6866802:-,SE,chrX,-,6852942-6864902:6864981-6866802,No,-0.423,0.008031298387,0.1194655635,3d_male_vs_female,3d,SE,No,Higher inclusion in female,2136,FBgn0029915,CG14434,chrX,-,6864901,6864981,6851908,6852942,6866801,6867194,2136,"8,0,1","0,2,2","1,5,28","0,3,0",199,119,0.008031298387,0.1194655635,"1.0,0.0,0.23","1.0,0.499,1.0",-0.423
AGE0000088,AGE_SEX,3d,Ray Lab Data - 3d_significant.csv,0d1be8bed10c0765b51202fa8b63dcf8c60d2e5da9746c3eea0bfa810b8d4b95,89,FBgn0020496;SE:chr3R:13021642-13024800:13025029-13025389:+,FBgn0020496;SE:3R:13021642-13024800:13025029-13025389:+,SE,chr3R,+,13021642-13024800:13025029-13025389,No,0.224,0.007989415697,0.1194655635,3d_male_vs_female,3d,SE,No,Higher inclusion in male,2749,FBgn0020496,CtBP,chr3R,+,13024799,13025029,13021419,13021642,13025388,13026275,2749,"11,24,18","0,3,0","11,12,28","0,2,15",349,119,0.007989415697,0.1194655635,"1.0,0.732,1.0","1.0,0.672,0.389",0.224
AGE0000089,AGE_SEX,3d,Ray Lab Data - 3d_significant.csv,0d1be8bed10c0765b51202fa8b63dcf8c60d2e5da9746c3eea0bfa810b8d4b95,90,FBgn0033739;SE:chr2R:12449782-12450069:12450236-12451669:+,FBgn0033739;SE:2R:12449782-12450069:12450236-12451669:+,SE,chr2R,+,12449782-12450069:12450236-12451669,No,-0.402,0.008469268262,0.1245327235,3d_male_vs_female,3d,SE,No,Higher inclusion in female,1986,FBgn0033739,Dyb,chr2R,+,12450068,12450236,12449199,12449782,12451668,12451712,1986,"0,0,2","5,1,0","3,1,5","0,0,8",287,119,0.008469268262,0.1245327235,"0.0,0.0,1.0","1.0,1.0,0.206",-0.402
AGE0000090,AGE_SEX,3d,Ray Lab Data - 3d_significant.csv,0d1be8bed10c0765b51202fa8b63dcf8c60d2e5da9746c3eea0bfa810b8d4b95,91,FBgn0263980;SE:chr2R:15453008-15453741:15453797-15456435:+,FBgn0263980;SE:2R:15453008-15453741:15453797-15456435:+,SE,chr2R,+,15453008-15453741:15453797-15456435,No,-0.043,0.008682752262,0.1245327235,3d_male_vs_female,3d,SE,No,Higher inclusion in female,482,FBgn0263980,Stacl,chr2R,+,15453740,15453797,15452856,15453008,15456434,15456559,482,"3,1,0","19,33,25","4,0,10","22,24,43",176,119,0.008682752262,0.1245327235,"0.096,0.02,0.0","0.109,0.0,0.136",-0.043
AGE0000091,AGE_SEX,3d,Ray Lab Data - 3d_significant.csv,0d1be8bed10c0765b51202fa8b63dcf8c60d2e5da9746c3eea0bfa810b8d4b95,92,FBgn0085432;SE:chr4:94615-94837:95002-99406:+,FBgn0085432;SE:4:94615-94837:95002-99406:+,SE,chr4,+,94615-94837:95002-99406,No,0.009,0.00870828465,0.1245327235,3d_male_vs_female,3d,SE,No,Higher inclusion in male,1681,FBgn0085432,pan,chr4,+,94836,95002,94422,94615,99405,99475,1681,"60,253,305","1,0,0","58,312,600","0,3,11",285,119,0.00870828465,0.1245327235,"0.962,1.0,1.0","1.0,0.977,0.958",0.009
AGE0000092,AGE_SEX,3d,Ray Lab Data - 3d_significant.csv,0d1be8bed10c0765b51202fa8b63dcf8c60d2e5da9746c3eea0bfa810b8d4b95,93,FBgn0083124;SE:chr2R:9096202-9096383:9096438-9096671:+,FBgn0083124;SE:2R:9096202-9096383:9096438-9096671:+,SE,chr2R,+,9096202-9096383:9096438-9096671,No,0.006,0.008752490879,0.1245327235,3d_male_vs_female,3d,SE,No,Higher inclusion in male,646,FBgn0083124,Uhg4,chr2R,+,9096382,9096438,9096149,9096202,9096670,9096735,646,"173,669,1218","1,7,4","226,1027,2365","2,6,42",175,119,0.008752490879,0.1245327235,"0.992,0.985,0.995","0.987,0.991,0.975",0.006
AGE0000093,AGE_SEX,3d,Ray Lab Data - 3d_significant.csv,0d1be8bed10c0765b51202fa8b63dcf8c60d2e5da9746c3eea0bfa810b8d4b95,94,FBgn0026086;SE:chrX:1774222-1775699:1775738-1778370:+,FBgn0026086;SE:X:1774222-1775699:1775738-1778370:+,SE,chrX,+,1774222-1775699:1775738-1778370,No,-0.043,0.008907333472,0.1253731131,3d_male_vs_female,3d,SE,No,Higher inclusion in female,2000,FBgn0026086,Adar,chrX,+,1775698,1775738,1773724,1774222,1778369,1778560,2000,"16,29,75","0,6,2","19,24,102","2,0,0",159,119,0.008907333472,0.1253731131,"1.0,0.783,0.966","0.877,1.0,1.0",-0.043
AGE0000094,AGE_SEX,3d,Ray Lab Data - 3d_significant.csv,0d1be8bed10c0765b51202fa8b63dcf8c60d2e5da9746c3eea0bfa810b8d4b95,95,FBgn0261722;SE:chr3L:15810848-15811220:15812241-15813246:-,FBgn0261722;SE:3L:15810848-15811220:15812241-15813246:-,SE,chr3L,-,15810848-15811220:15812241-15813246,No,-0.167,0.009389567896,0.1307547274,3d_male_vs_female,3d,SE,No,Higher inclusion in female,3194,FBgn0261722,fwe,chr3L,-,15811219,15812241,15810080,15810848,15813245,15813353,3194,"57,138,145","6,0,0","63,146,213","0,0,0",1141,119,0.009389567896,0.1307547274,"0.498,1.0,1.0","1.0,1.0,1.0",-0.167
AGE0000095,AGE_SEX,3d,Ray Lab Data - 3d_significant.csv,0d1be8bed10c0765b51202fa8b63dcf8c60d2e5da9746c3eea0bfa810b8d4b95,96,FBgn0051665;SE:chr2L:1836652-1837173:1837406-1842899:+,FBgn0051665;SE:2L:1836652-1837173:1837406-1842899:+,SE,chr2L,+,1836652-1837173:1837406-1842899,No,0.205,0.009913021954,0.13569778,3d_male_vs_female,3d,SE,No,Higher inclusion in male,2573,FBgn0051665,wry,chr2L,+,1837172,1837406,1836537,1836652,1842898,1844720,2573,"23,29,37","2,0,2","7,54,123","2,6,14",353,119,0.009913021954,0.13569778,"0.795,1.0,0.862","0.541,0.752,0.748",0.205
AGE0000096,AGE_SEX,3d,Ray Lab Data - 3d_significant.csv,0d1be8bed10c0765b51202fa8b63dcf8c60d2e5da9746c3eea0bfa810b8d4b95,97,FBgn0267431;SE:chr3R:1191975-1342196:1342317-1454572:+,FBgn0267431;SE:3R:1191975-1342196:1342317-1454572:+,SE,chr3R,+,1191975-1342196:1342317-1454572,No,0.051,0.009951861638,0.13569778,3d_male_vs_female,3d,SE,No,Higher inclusion in male,328,FBgn0267431,Myo81F,chr3R,+,1342195,1342317,1191609,1191975,1454571,1455091,328,"73,77,51","0,0,0","90,121,137","4,0,5",241,119,0.009951861638,0.13569778,"1.0,1.0,1.0","0.917,1.0,0.931",0.051
AGE0000097,AGE_SEX,3d,Ray Lab Data - 3d_significant.csv,0d1be8bed10c0765b51202fa8b63dcf8c60d2e5da9746c3eea0bfa810b8d4b95,98,FBgn0263994;SE:chrX:15175551-15175811:15175999-15177693:+,FBgn0263994;SE:X:15175551-15175811:15175999-15177693:+,SE,chrX,+,15175551-15175811:15175999-15177693,No,-0.003,0.01022144159,0.1379367736,3d_male_vs_female,3d,SE,No,Higher inclusion in female,479,FBgn0263994,CG43737,chrX,+,15175810,15175999,15175440,15175551,15177692,15181333,479,"814,2237,5329","0,4,54","1131,4565,13042","3,14,36",308,119,0.01022144159,0.1379367736,"1.0,0.995,0.974","0.993,0.992,0.993",-0.003
AGE0000098,AGE_SEX,3d,Ray Lab Data - 3d_significant.csv,0d1be8bed10c0765b51202fa8b63dcf8c60d2e5da9746c3eea0bfa810b8d4b95,99,FBgn0261550;SE:chr3R:20310638-20315839:20315940-20318977:+,FBgn0261550;SE:3R:20310638-20315839:20315940-20318977:+,SE,chr3R,+,20310638-20315839:20315940-20318977,No,0.365,0.01046024799,0.1383077234,3d_male_vs_female,3d,SE,No,Higher inclusion in male,2090,FBgn0261550,Orp8,chr3R,+,20315838,20315940,20309903,20310638,20318976,20319026,2090,"2,3,11","1,1,1","0,17,6","1,9,5",221,119,0.01046024799,0.1383077234,"0.519,0.618,0.856","0.0,0.504,0.393",0.365
AGE0000099,AGE_SEX,3d,Ray Lab Data - 3d_significant.csv,0d1be8bed10c0765b51202fa8b63dcf8c60d2e5da9746c3eea0bfa810b8d4b95,100,FBgn0069969;SE:chr2R:946843-949871:949946-951127:-,FBgn0069969;SE:2R:946843-949871:949946-951127:-,SE,chr2R,-,946843-949871:949946-951127,No,-0.195,0.01043214189,0.1383077234,3d_male_vs_female,3d,SE,No,Higher inclusion in female,1322,FBgn0069969,CG40498,chr2R,-,949870,949946,946775,946843,951126,951252,1322,"10,11,8","0,0,9","4,24,29","0,1,0",195,119,0.01043214189,0.1383077234,"1.0,1.0,0.352","1.0,0.936,1.0",-0.195
AGE0000100,AGE_SEX,3d,Ray Lab Data - 3d_significant.csv,0d1be8bed10c0765b51202fa8b63dcf8c60d2e5da9746c3eea0bfa810b8d4b95,101,FBgn0265376;SE:chr3R:4597174-4598469:4598871-4599685:-,FBgn0265376;SE:3R:4597174-4598469:4598871-4599685:-,SE,chr3R,-,4597174-4598469:4598871-4599685,No,0.112,0.01075010434,0.1407188658,3d_male_vs_female,3d,SE,No,Higher inclusion in male,2824,FBgn0265376,lncRNA:CR44317,chr3R,-,4598468,4598871,4596282,4597174,4599684,4599749,2824,"12,26,81","1,1,0","9,77,107","2,6,0",522,119,0.01075010434,0.1407188658,"0.732,0.856,1.0","0.506,0.745,1.0",0.112
AGE0000101,AGE_SEX,3d,Ray Lab Data - 3d_significant.csv,0d1be8bed10c0765b51202fa8b63dcf8c60d2e5da9746c3eea0bfa810b8d4b95,102,FBgn0265487;SE:chr2R:17352305-17361113:17361154-17361980:+,FBgn0265487;SE:2R:17352305-17361113:17361154-17361980:+,SE,chr2R,+,17352305-17361113:17361154-17361980,No,-0.275,0.0117416216,0.1492211911,3d_male_vs_female,3d,SE,No,Higher inclusion in female,408,FBgn0265487,mbl,chr2R,+,17361112,17361154,17352128,17352305,17361979,17362097,408,"4,0,0","15,6,4","0,3,7","1,4,3",161,119,0.0117416216,0.1492211911,"0.165,0.0,0.0","0.0,0.357,0.633",-0.275
AGE0000102,AGE_SEX,3d,Ray Lab Data - 3d_significant.csv,0d1be8bed10c0765b51202fa8b63dcf8c60d2e5da9746c3eea0bfa810b8d4b95,103,FBgn0004838;SE:chr2L:6921073-6922731:6922826-6923784:+,FBgn0004838;SE:2L:6921073-6922731:6922826-6923784:+,SE,chr2L,+,6921073-6922731:6922826-6923784,No,-0.226,0.0115755299,0.1492211911,3d_male_vs_female,3d,SE,No,Higher inclusion in female,1717,FBgn0004838,Hrb27C,chr2L,+,6922730,6922826,6920965,6921073,6923783,6924400,1717,"3,6,21","0,7,0","5,20,41","0,0,0",215,119,0.0115755299,0.1492211911,"1.0,0.322,1.0","1.0,1.0,1.0",-0.226
AGE0000103,AGE_SEX,3d,Ray Lab Data - 3d_significant.csv,0d1be8bed10c0765b51202fa8b63dcf8c60d2e5da9746c3eea0bfa810b8d4b95,104,FBgn0003209;SE:chr2L:8713370-8734467:8735200-8740385:-,FBgn0003209;SE:2L:8713370-8734467:8735200-8740385:-,SE,chr2L,-,8713370-8734467:8735200-8740385,No,-0.033,0.01169896144,0.1492211911,3d_male_vs_female,3d,SE,No,Higher inclusion in female,758,FBgn0003209,raw,chr2L,-,8734466,8735200,8713263,8713370,8740384,8740660,758,"3,0,0","8,8,4","1,0,11","2,5,17",853,119,0.01169896144,0.1492211911,"0.05,0.0,0.0","0.065,0.0,0.083",-0.033
AGE0000104,AGE_SEX,3d,Ray Lab Data - 3d_significant.csv,0d1be8bed10c0765b51202fa8b63dcf8c60d2e5da9746c3eea0bfa810b8d4b95,105,FBgn0267431;SE:chr3R:1342317-1454572:1455091-1467146:+,FBgn0267431;SE:3R:1342317-1454572:1455091-1467146:+,SE,chr3R,+,1342317-1454572:1455091-1467146,No,0.04,0.01335006069,0.1680310523,3d_male_vs_female,3d,SE,No,Higher inclusion in male,329,FBgn0267431,Myo81F,chr3R,+,1454571,1455091,1342195,1342317,1467145,1467258,329,"141,175,157","2,0,0","159,258,449","1,9,0",639,119,0.01335006069,0.1680310523,"0.929,1.0,1.0","0.967,0.842,1.0",0.04
AGE0000105,AGE_SEX,3d,Ray Lab Data - 3d_significant.csv,0d1be8bed10c0765b51202fa8b63dcf8c60d2e5da9746c3eea0bfa810b8d4b95,106,FBgn0003371;SE:chrX:2673618-2674597:2674921-2677101:+,FBgn0003371;SE:X:2673618-2674597:2674921-2677101:+,SE,chrX,+,2673618-2674597:2674921-2677101,No,-0.428,0.01397652623,0.1742406936,3d_male_vs_female,3d,SE,No,Higher inclusion in female,1387,FBgn0003371,sgg,chrX,+,2674596,2674921,2673174,2673618,2677100,2677846,1387,"12,10,4","10,8,4","8,15,53","0,10,6",444,119,0.01397652623,0.1742406936,"0.243,0.251,0.211","1.0,0.287,0.703",-0.428
AGE0000106,AGE_SEX,3d,Ray Lab Data - 3d_significant.csv,0d1be8bed10c0765b51202fa8b63dcf8c60d2e5da9746c3eea0bfa810b8d4b95,107,FBgn0032515;SE:chr2L:13384022-13384657:13384794-13384987:+,FBgn0032515;SE:2L:13384022-13384657:13384794-13384987:+,SE,chr2L,+,13384022-13384657:13384794-13384987,No,0.109,0.01582745928,0.1936275159,3d_male_vs_female,3d,SE,No,Higher inclusion in male,2859,FBgn0032515,loqs,chr2L,+,13384656,13384794,13383736,13384022,13384986,13385671,2859,"7,3,3","1,0,0","6,6,10","0,0,6",257,119,0.01582745928,0.1936275159,"0.764,1.0,1.0","1.0,1.0,0.436",0.109
AGE0000107,AGE_SEX,3d,Ray Lab Data - 3d_significant.csv,0d1be8bed10c0765b51202fa8b63dcf8c60d2e5da9746c3eea0bfa810b8d4b95,108,FBgn0262737;SE:chr3L:21875325-21888634:21888692-21907346:+,FBgn0262737;SE:3L:21875325-21888634:21888692-21907346:+,SE,chr3L,+,21875325-21888634:21888692-21907346,No,-0.023,0.0157956315,0.1936275159,3d_male_vs_female,3d,SE,No,Higher inclusion in female,621,FBgn0262737,mub,chr3L,+,21888633,21888692,21875296,21875325,21907345,21907920,621,"2,3,12","43,95,156","1,10,28","40,141,155",178,119,0.0157956315,0.1936275159,"0.03,0.021,0.049","0.016,0.045,0.108",-0.023
AGE0000108,AGE_SEX,3d,Ray Lab Data - 3d_significant.csv,0d1be8bed10c0765b51202fa8b63dcf8c60d2e5da9746c3eea0bfa810b8d4b95,109,FBgn0022764;SE:chr2R:12576993-12577454:12578285-12579129:-,FBgn0022764;SE:2R:12576993-12577454:12578285-12579129:-,SE,chr2R,-,12576993-12577454:12578285-12579129,No,0.159,0.01640783254,0.1973255522,3d_male_vs_female,3d,SE,No,Higher inclusion in male,1118,FBgn0022764,Sin3A,chr2R,-,12577453,12578285,12576567,12576993,12579128,12579356,1118,"78,133,79","4,0,0","56,109,220","4,4,6",951,119,0.01640783254,0.1973255522,"0.709,1.0,1.0","0.637,0.773,0.821",0.159
AGE0000109,AGE_SEX,3d,Ray Lab Data - 3d_significant.csv,0d1be8bed10c0765b51202fa8b63dcf8c60d2e5da9746c3eea0bfa810b8d4b95,110,FBgn0264607;SE:chr4:1038434-1040013:1040078-1043468:-,FBgn0264607;SE:4:1038434-1040013:1040078-1043468:-,SE,chr4,-,1038434-1040013:1040078-1043468,No,-0.047,0.01643123391,0.1973255522,3d_male_vs_female,3d,SE,No,Higher inclusion in female,2785,FBgn0264607,CaMKII,chr4,-,1040012,1040078,1038358,1038434,1043467,1043521,2785,"8,39,29","0,1,5","17,61,89","1,1,0",185,119,0.01643123391,0.1973255522,"1.0,0.962,0.789","0.916,0.975,1.0",-0.047
AGE0000110,AGE_SEX,3d,Ray Lab Data - 3d_significant.csv,0d1be8bed10c0765b51202fa8b63dcf8c60d2e5da9746c3eea0bfa810b8d4b95,111,FBgn0287183;SE:chr3L:25978150-26008061:26008177-26013543:-,FBgn0287183;SE:3L:25978150-26008061:26008177-26013543:-,SE,chr3L,-,25978150-26008061:26008177-26013543,No,-0.025,0.01689482007,0.2010483588,3d_male_vs_female,3d,SE,No,Higher inclusion in female,267,FBgn0287183,l(3)80Fg,chr3L,-,26008060,26008177,25977966,25978150,26013542,26013721,267,"7,6,4","18,60,155","12,16,32","29,109,267",236,119,0.01689482007,0.2010483588,"0.164,0.048,0.013","0.173,0.069,0.057",-0.025
AGE0000111,AGE_SEX,3d,Ray Lab Data - 3d_significant.csv,0d1be8bed10c0765b51202fa8b63dcf8c60d2e5da9746c3eea0bfa810b8d4b95,112,FBgn0264607;SE:chr4:1038434-1043468:1043524-1045156:-,FBgn0264607;SE:4:1038434-1043468:1043524-1045156:-,SE,chr4,-,1038434-1043468:1043524-1045156,No,-0.013,0.01707066441,0.2013108082,3d_male_vs_female,3d,SE,No,Higher inclusion in female,2791,FBgn0264607,CaMKII,chr4,-,1043467,1043524,1038358,1038434,1045155,1045248,2791,"33,98,133","0,0,9","31,124,196","1,0,1",176,119,0.01707066441,0.2013108082,"1.0,1.0,0.909","0.954,1.0,0.993",-0.013
AGE0000112,AGE_SEX,3d,Ray Lab Data - 3d_significant.csv,0d1be8bed10c0765b51202fa8b63dcf8c60d2e5da9746c3eea0bfa810b8d4b95,113,FBgn0051363;SE:chr3R:11591307-11592367:11592624-11593633:-,FBgn0051363;SE:3R:11591307-11592367:11592624-11593633:-,SE,chr3R,-,11591307-11592367:11592624-11593633,No,0.031,0.01749994868,0.2045306502,3d_male_vs_female,3d,SE,No,Higher inclusion in male,946,FBgn0051363,Jupiter,chr3R,-,11592366,11592624,11590385,11591307,11593632,11593766,946,"535,496,706","1,0,18","500,1199,815","6,16,27",377,119,0.01749994868,0.2045306502,"0.994,1.0,0.925","0.963,0.959,0.905",0.031
AGE0000113,AGE_SEX,3d,Ray Lab Data - 3d_significant.csv,0d1be8bed10c0765b51202fa8b63dcf8c60d2e5da9746c3eea0bfa810b8d4b95,114,FBgn0263397;SE:chr2R:14279642-14281395:14281556-14285702:+,FBgn0263397;SE:2R:14279642-14281395:14281556-14285702:+,SE,chr2R,+,14279642-14281395:14281556-14285702,No,-0.26,0.01906210167,0.2188797464,3d_male_vs_female,3d,SE,No,Higher inclusion in female,2986,FBgn0263397,Ih,chr2R,+,14281394,14281556,14277280,14279642,14285701,14287483,2986,"9,4,23","0,6,0","20,15,15","0,0,0",281,119,0.01906210167,0.2188797464,"1.0,0.22,1.0","1.0,1.0,1.0",-0.26
AGE0000114,AGE_SEX,3d,Ray Lab Data - 3d_significant.csv,0d1be8bed10c0765b51202fa8b63dcf8c60d2e5da9746c3eea0bfa810b8d4b95,115,FBgn0010247;SE:chr3R:3462693-3468909:3469478-3523414:-,FBgn0010247;SE:3R:3462693-3468909:3469478-3523414:-,SE,chr3R,-,3462693-3468909:3469478-3523414,No,-0.069,0.0190083002,0.2188797464,3d_male_vs_female,3d,SE,No,Higher inclusion in female,2934,FBgn0010247,Parp1,chr3R,-,3468908,3469478,3461350,3462693,3523413,3523947,2934,"63,137,280","1,7,16","84,315,588","2,14,3",689,119,0.0190083002,0.2188797464,"0.916,0.772,0.751","0.879,0.795,0.971",-0.069
AGE0000115,AGE_SEX,3d,Ray Lab Data - 3d_significant.csv,0d1be8bed10c0765b51202fa8b63dcf8c60d2e5da9746c3eea0bfa810b8d4b95,116,FBgn0287183;SE:chr3L:25961540-25969230:25969627-25977967:-,FBgn0287183;SE:3L:25961540-25969230:25969627-25977967:-,SE,chr3L,-,25961540-25969230:25969627-25977967,No,-0.014,0.01928798787,0.2195476185,3d_male_vs_female,3d,SE,No,Higher inclusion in female,263,FBgn0287183,l(3)80Fg,chr3L,-,25969229,25969627,25961359,25961540,25977966,25978150,263,"669,1670,1962","3,15,4","816,2483,3765","2,7,2",517,119,0.01928798787,0.2195476185,"0.981,0.962,0.991","0.989,0.988,0.998",-0.014
AGE0000116,AGE_SEX,3d,Ray Lab Data - 3d_significant.csv,0d1be8bed10c0765b51202fa8b63dcf8c60d2e5da9746c3eea0bfa810b8d4b95,117,FBgn0283657;SE:chrX:3721647-3775815:3777360-3781655:+,FBgn0283657;SE:X:3721647-3775815:3777360-3781655:+,SE,chrX,+,3721647-3775815:3777360-3781655,No,0.076,0.01999549416,0.2256388091,3d_male_vs_female,3d,SE,No,Higher inclusion in male,2461,FBgn0283657,Tlk,chrX,+,3775814,3777360,3721375,3721647,3781654,3783559,2461,"169,127,222","0,3,0","205,375,700","5,6,2",1665,119,0.01999549416,0.2256388091,"1.0,0.752,1.0","0.746,0.817,0.962",0.076
AGE0000117,AGE_SEX,3d,Ray Lab Data - 3d_significant.csv,0d1be8bed10c0765b51202fa8b63dcf8c60d2e5da9746c3eea0bfa810b8d4b95,118,FBgn0041004;SE:chr2L:22844847-22848970:22849092-22849214:+,FBgn0041004;SE:2L:22844847-22848970:22849092-22849214:+,SE,chr2L,+,22844847-22848970:22849092-22849214,No,-0.399,0.02070966733,0.2297369028,3d_male_vs_female,3d,SE,No,Higher inclusion in female,1973,FBgn0041004,CG17715,chr2L,+,22848969,22849092,22844219,22844847,22849213,22849255,1973,"4,0,0","7,3,1","1,2,10","5,1,1",242,119,0.02070966733,0.2297369028,"0.219,0.0,0.0","0.09,0.496,0.831",-0.399
AGE0000118,AGE_SEX,3d,Ray Lab Data - 3d_significant.csv,0d1be8bed10c0765b51202fa8b63dcf8c60d2e5da9746c3eea0bfa810b8d4b95,119,FBgn0022764;SE:chr2R:12576993-12577454:12578551-12579129:-,FBgn0022764;SE:2R:12576993-12577454:12578551-12579129:-,SE,chr2R,-,12576993-12577454:12578551-12579129,No,0.168,0.02057622106,0.2297369028,3d_male_vs_female,3d,SE,No,Higher inclusion in male,1119,FBgn0022764,Sin3A,chr2R,-,12577453,12578551,12576567,12576993,12579128,12579356,1119,"101,149,84","4,0,0","65,144,269","4,4,6",1217,119,0.02057622106,0.2297369028,"0.712,1.0,1.0","0.614,0.779,0.814",0.168
AGE0000119,AGE_SEX,3d,Ray Lab Data - 3d_significant.csv,0d1be8bed10c0765b51202fa8b63dcf8c60d2e5da9746c3eea0bfa810b8d4b95,120,FBgn0003435;SE:chr2R:19546059-19564462:19564512-19574003:-,FBgn0003435;SE:2R:19546059-19564462:19564512-19574003:-,SE,chr2R,-,19546059-19564462:19564512-19574003,No,-0.059,0.02115813724,0.2300780033,3d_male_vs_female,3d,SE,No,Higher inclusion in female,2366,FBgn0003435,sm,chr2R,-,19564461,19564512,19546011,19546059,19574002,19574066,2366,"3,11,10","0,0,7","6,19,33","2,0,0",170,119,0.02115813724,0.2300780033,"1.0,1.0,0.5","0.677,1.0,1.0",-0.059
AGE0000120,AGE_SEX,3d,Ray Lab Data - 3d_significant.csv,0d1be8bed10c0765b51202fa8b63dcf8c60d2e5da9746c3eea0bfa810b8d4b95,121,FBgn0262593;SE:chr3L:2941624-2942566:2942655-2944023:+,FBgn0262593;SE:3L:2941624-2942566:2942655-2944023:+,SE,chr3L,+,2941624-2942566:2942655-2944023,No,0.047,0.02122192031,0.2300780033,3d_male_vs_female,3d,SE,No,Higher inclusion in male,635,FBgn0262593,Shab,chr3L,+,2942565,2942655,2940780,2941624,2944022,2946408,635,"6,17,0","131,44,183","2,10,0","58,120,219",209,119,0.02122192031,0.2300780033,"0.025,0.18,0.0","0.019,0.045,0.0",0.047
AGE0000121,AGE_SEX,3d,Ray Lab Data - 3d_significant.csv,0d1be8bed10c0765b51202fa8b63dcf8c60d2e5da9746c3eea0bfa810b8d4b95,122,FBgn0000370;SE:chr2L:21311032-21311193:21311531-21311753:+,FBgn0000370;SE:2L:21311032-21311193:21311531-21311753:+,SE,chr2L,+,21311032-21311193:21311531-21311753,No,-0.038,0.02126771459,0.2300780033,3d_male_vs_female,3d,SE,No,Higher inclusion in female,2874,FBgn0000370,crc,chr2L,+,21311192,21311531,21310865,21311032,21311752,21312043,2874,"110,179,413","0,6,18","98,518,881","1,7,14",458,119,0.02126771459,0.2300780033,"1.0,0.886,0.856","0.962,0.951,0.942",-0.038
AGE0000122,AGE_SEX,3d,Ray Lab Data - 3d_significant.csv,0d1be8bed10c0765b51202fa8b63dcf8c60d2e5da9746c3eea0bfa810b8d4b95,123,FBgn0019660;SE:chrX:11579124-11579352:11579528-11579670:+,FBgn0019660;SE:X:11579124-11579352:11579528-11579670:+,SE,chrX,+,11579124-11579352:11579528-11579670,No,-0.016,0.0219808045,0.235843222,3d_male_vs_female,3d,SE,No,Higher inclusion in female,175,FBgn0019660,lncRNA:roX2,chrX,+,11579351,11579528,11579064,11579124,11579669,11580084,175,"230,1006,2527","70,68,111","3,1,15","2,0,0",296,119,0.0219808045,0.235843222,"0.569,0.856,0.902","0.376,1.0,1.0",-0.016
AGE0000123,AGE_SEX,3d,Ray Lab Data - 3d_significant.csv,0d1be8bed10c0765b51202fa8b63dcf8c60d2e5da9746c3eea0bfa810b8d4b95,124,FBgn0058263;SE:chr2R:2553877-2562627:2562805-2565119:-,FBgn0058263;SE:2R:2553877-2562627:2562805-2565119:-,SE,chr2R,-,2553877-2562627:2562805-2565119,No,-0.037,0.02249078168,0.2374228485,3d_male_vs_female,3d,SE,No,Higher inclusion in female,2238,FBgn0058263,MFS17,chr2R,-,2562626,2562805,2553782,2553877,2565118,2565385,2238,"0,0,1","12,23,41","4,0,7","22,45,51",298,119,0.02249078168,0.2374228485,"0.0,0.0,0.01","0.068,0.0,0.052",-0.037
AGE0000124,AGE_SEX,3d,Ray Lab Data - 3d_significant.csv,0d1be8bed10c0765b51202fa8b63dcf8c60d2e5da9746c3eea0bfa810b8d4b95,125,FBgn0264273;SE:chr2R:16428822-16429331:16429462-16429579:+,FBgn0264273;SE:2R:16428822-16429331:16429462-16429579:+,SE,chr2R,+,16428822-16429331:16429462-16429579,No,0.036,0.02234178694,0.2374228485,3d_male_vs_female,3d,SE,No,Higher inclusion in male,3102,FBgn0264273,Sema2b,chr2R,+,16429330,16429462,16428728,16428822,16429578,16430763,3102,"94,92,114","0,0,3","78,79,149","0,4,5",251,119,0.02234178694,0.2374228485,"1.0,1.0,0.947","1.0,0.904,0.934",0.036
AGE0000125,AGE_SEX,3d,Ray Lab Data - 3d_significant.csv,0d1be8bed10c0765b51202fa8b63dcf8c60d2e5da9746c3eea0bfa810b8d4b95,126,FBgn0039890;SE:chr4:188523-189998:190061-191309:-,FBgn0039890;SE:4:188523-189998:190061-191309:-,SE,chr4,-,188523-189998:190061-191309,No,0.026,0.02305057866,0.2413856597,3d_male_vs_female,3d,SE,No,Higher inclusion in male,2502,FBgn0039890,Abcd1,chr4,-,189997,190061,188424,188523,191308,191386,2502,"18,13,11","1,0,0","11,26,49","0,0,6",183,119,0.02305057866,0.2413856597,"0.921,1.0,1.0","1.0,1.0,0.842",0.026
AGE0000126,AGE_SEX,3d,Ray Lab Data - 3d_significant.csv,0d1be8bed10c0765b51202fa8b63dcf8c60d2e5da9746c3eea0bfa810b8d4b95,127,FBgn0044324;SE:chr3L:22878018-22878151:22878225-22878634:-,FBgn0044324;SE:3L:22878018-22878151:22878225-22878634:-,SE,chr3L,-,22878018-22878151:22878225-22878634,No,-0.072,0.02394556215,0.2487677846,3d_male_vs_female,3d,SE,No,Higher inclusion in female,2813,FBgn0044324,Chro,chr3L,-,22878150,22878225,22877936,22878018,22878633,22878768,2813,"0,0,0","6,2,13","0,3,3","2,12,20",194,119,0.02394556215,0.2487677846,"0.0,0.0,0.0","0.0,0.133,0.084",-0.072
AGE0000127,AGE_SEX,3d,Ray Lab Data - 3d_significant.csv,0d1be8bed10c0765b51202fa8b63dcf8c60d2e5da9746c3eea0bfa810b8d4b95,128,FBgn0037698;SE:chr3R:9475840-9478545:9478697-9486601:-,FBgn0037698;SE:3R:9475840-9478545:9478697-9486601:-,SE,chr3R,-,9475840-9478545:9478697-9486601,No,-0.274,0.02448036775,0.2503500108,3d_male_vs_female,3d,SE,No,Higher inclusion in female,698,FBgn0037698,CG16779,chr3R,-,9478544,9478697,9475533,9475840,9486600,9487203,698,"0,1,2","1,2,0","0,2,3","3,0,0",272,119,0.02448036775,0.2503500108,"0.0,0.179,1.0","0.0,1.0,1.0",-0.274
AGE0000128,AGE_SEX,3d,Ray Lab Data - 3d_significant.csv,0d1be8bed10c0765b51202fa8b63dcf8c60d2e5da9746c3eea0bfa810b8d4b95,129,FBgn0003261;SE:chr3R:6005126-6005950:6006102-6008037:-,FBgn0003261;SE:3R:6005126-6005950:6006102-6008037:-,SE,chr3R,-,6005126-6005950:6006102-6008037,No,-0.058,0.02445120877,0.2503500108,3d_male_vs_female,3d,SE,No,Higher inclusion in female,1192,FBgn0003261,Rm62,chr3R,-,6005949,6006102,6004016,6005126,6008036,6008573,1192,"4,5,3","4,15,21","3,11,31","9,18,28",272,119,0.02445120877,0.2503500108,"0.304,0.127,0.059","0.127,0.211,0.326",-0.058
AGE0000129,AGE_SEX,3d,Ray Lab Data - 3d_significant.csv,0d1be8bed10c0765b51202fa8b63dcf8c60d2e5da9746c3eea0bfa810b8d4b95,130,FBgn0052423;SE:chr3L:5161601-5161768:5161803-5162456:-,FBgn0052423;SE:3L:5161601-5161768:5161803-5162456:-,SE,chr3L,-,5161601-5161768:5161803-5162456,No,0.021,0.02505861651,0.2542769691,3d_male_vs_female,3d,SE,No,Higher inclusion in male,2814,FBgn0052423,shep,chr3L,-,5161767,5161803,5155820,5161601,5162455,5162631,2814,"5,4,5","88,87,138","2,2,4","113,120,239",155,119,0.02505861651,0.2542769691,"0.042,0.034,0.027","0.013,0.013,0.013",0.021
AGE0000130,AGE_SEX,3d,Ray Lab Data - 3d_significant.csv,0d1be8bed10c0765b51202fa8b63dcf8c60d2e5da9746c3eea0bfa810b8d4b95,131,FBgn0034002;SE:chr2R:15221823-15221899:15221980-15222044:+,FBgn0034002;SE:2R:15221823-15221899:15221980-15222044:+,SE,chr2R,+,15221823-15221899:15221980-15222044,No,-0.281,0.02608948379,0.2627010329,3d_male_vs_female,3d,SE,No,Higher inclusion in female,2284,FBgn0034002,CG8079,chr2R,+,15221898,15221980,15221727,15221823,15222043,15222425,2284,"9,30,100","7,20,16","19,81,240","0,14,45",201,119,0.02608948379,0.2627010329,"0.432,0.47,0.787","1.0,0.774,0.759",-0.281
AGE0000131,AGE_SEX,3d,Ray Lab Data - 3d_significant.csv,0d1be8bed10c0765b51202fa8b63dcf8c60d2e5da9746c3eea0bfa810b8d4b95,132,FBgn0052647;SE:chrX:12783589-12784462:12784522-12784702:-,FBgn0052647;SE:X:12783589-12784462:12784522-12784702:-,SE,chrX,-,12783589-12784462:12784522-12784702,No,-0.222,0.02680395268,0.2658058641,3d_male_vs_female,3d,SE,No,Higher inclusion in female,2753,FBgn0052647,CG32647,chrX,-,12784461,12784522,12783088,12783589,12784701,12784958,2753,"4,3,10","6,1,0","8,8,15","0,3,0",180,119,0.02680395268,0.2658058641,"0.306,0.665,1.0","1.0,0.638,1.0",-0.222
AGE0000132,AGE_SEX,3d,Ray Lab Data - 3d_significant.csv,0d1be8bed10c0765b51202fa8b63dcf8c60d2e5da9746c3eea0bfa810b8d4b95,133,FBgn0051660;SE:chr2L:4874169-4874542:4874562-4874887:+,FBgn0051660;SE:2L:4874169-4874542:4874562-4874887:+,SE,chr2L,+,4874169-4874542:4874562-4874887,No,0.143,0.02679234448,0.2658058641,3d_male_vs_female,3d,SE,No,Higher inclusion in male,527,FBgn0051660,smog,chr2L,+,4874541,4874562,4874057,4874169,4874886,4875233,527,"17,21,7","19,17,13","10,9,18","22,19,43",140,119,0.02679234448,0.2658058641,"0.432,0.512,0.314","0.279,0.287,0.262",0.143
AGE0000133,AGE_SEX,3d,Ray Lab Data - 3d_significant.csv,0d1be8bed10c0765b51202fa8b63dcf8c60d2e5da9746c3eea0bfa810b8d4b95,134,FBgn0024807;SE:chrX:21628754-21628848:21629792-21629974:-,FBgn0024807;SE:X:21628754-21628848:21629792-21629974:-,SE,chrX,-,21628754-21628848:21629792-21629974,No,0.083,0.02725054175,0.2682027004,3d_male_vs_female,3d,SE,No,Higher inclusion in male,2627,FBgn0024807,DIP1,chrX,-,21628847,21629792,21628360,21628754,21629973,21630148,2627,"11,50,47","0,0,2","21,55,152","1,0,5",1064,119,0.02725054175,0.2682027004,"1.0,1.0,0.724","0.701,1.0,0.773",0.083
AGE0000134,AGE_SEX,3d,Ray Lab Data - 3d_significant.csv,0d1be8bed10c0765b51202fa8b63dcf8c60d2e5da9746c3eea0bfa810b8d4b95,135,FBgn0024807;SE:chrX:21628754-21628844:21629792-21629974:-,FBgn0024807;SE:X:21628754-21628844:21629792-21629974:-,SE,chrX,-,21628754-21628844:21629792-21629974,No,0.089,0.02840568886,0.2774854232,3d_male_vs_female,3d,SE,No,Higher inclusion in male,2626,FBgn0024807,DIP1,chrX,-,21628843,21629792,21628360,21628754,21629973,21630148,2626,"10,49,46","0,0,2","19,54,152","1,0,5",1068,119,0.02840568886,0.2774854232,"1.0,1.0,0.719","0.679,1.0,0.772",0.089
AGE0000135,AGE_SEX,3d,Ray Lab Data - 3d_significant.csv,0d1be8bed10c0765b51202fa8b63dcf8c60d2e5da9746c3eea0bfa810b8d4b95,136,FBgn0043884;SE:chr3R:24232974-24235393:24235431-24235817:+,FBgn0043884;SE:3R:24232974-24235393:24235431-24235817:+,SE,chr3R,+,24232974-24235393:24235431-24235817,No,-0.253,0.02920537219,0.2831839422,3d_male_vs_female,3d,SE,No,Higher inclusion in female,748,FBgn0043884,mask,chr3R,+,24235392,24235431,24231654,24232974,24235816,24235955,748,"0,0,2","3,4,1","3,0,3","4,9,0",158,119,0.02920537219,0.2831839422,"0.0,0.0,0.601","0.361,0.0,1.0",-0.253
AGE0000136,AGE_SEX,3d,Ray Lab Data - 3d_significant.csv,0d1be8bed10c0765b51202fa8b63dcf8c60d2e5da9746c3eea0bfa810b8d4b95,137,FBgn0284228;SE:chrX:15989950-15991083:15991382-15991822:-,FBgn0284228;SE:X:15989950-15991083:15991382-15991822:-,SE,chrX,-,15989950-15991083:15991382-15991822,No,-0.043,0.03004508618,0.2891839545,3d_male_vs_female,3d,SE,No,Higher inclusion in female,308,FBgn0284228,CG46312,chrX,-,15991082,15991382,15989853,15989950,15991821,15991974,308,"245,698,927","13,14,12","249,1110,1777","5,6,28",419,119,0.03004508618,0.2891839545,"0.843,0.934,0.956","0.934,0.981,0.947",-0.043
AGE0000137,AGE_SEX,3d,Ray Lab Data - 3d_significant.csv,0d1be8bed10c0765b51202fa8b63dcf8c60d2e5da9746c3eea0bfa810b8d4b95,138,FBgn0052423;SE:chr3L:5161601-5161768:5161808-5162456:-,FBgn0052423;SE:3L:5161601-5161768:5161808-5162456:-,SE,chr3L,-,5161601-5161768:5161808-5162456,No,0.021,0.03132277346,0.2992810982,3d_male_vs_female,3d,SE,No,Higher inclusion in male,2815,FBgn0052423,shep,chr3L,-,5161767,5161808,5160685,5161601,5162455,5162631,2815,"5,5,7","88,87,138","5,2,4","113,120,239",160,119,0.03132277346,0.2992810982,"0.041,0.041,0.036","0.032,0.012,0.012",0.021
AGE0000138,AGE_SEX,3d,Ray Lab Data - 3d_significant.csv,0d1be8bed10c0765b51202fa8b63dcf8c60d2e5da9746c3eea0bfa810b8d4b95,139,FBgn0043070;SE:chr2R:21502479-21507295:21507722-21510118:+,FBgn0043070;SE:2R:21502479-21507295:21507722-21510118:+,SE,chr2R,+,21502479-21507295:21507722-21510118,No,-0.007,0.03168989146,0.300594695,3d_male_vs_female,3d,SE,No,Higher inclusion in female,2566,FBgn0043070,MESK2,chr2R,+,21507294,21507722,21502096,21502479,21510117,21510201,2566,"1,11,2","0,3,23","1,13,21","1,3,1",547,119,0.03168989146,0.300594695,"1.0,0.444,0.019","0.179,0.485,0.82",-0.007
AGE0000139,AGE_SEX,3d,Ray Lab Data - 3d_significant.csv,0d1be8bed10c0765b51202fa8b63dcf8c60d2e5da9746c3eea0bfa810b8d4b95,140,FBgn0016126;SE:chr4:446486-446631:446751-446821:+,FBgn0016126;SE:4:446486-446631:446751-446821:+,SE,chr4,+,446486-446631:446751-446821,No,0.097,0.0322402849,0.3036153448,3d_male_vs_female,3d,SE,No,Higher inclusion in male,2494,FBgn0016126,CaMKI,chr4,+,446630,446751,446092,446486,446820,447035,2494,"17,15,34","0,0,0","27,42,64","2,4,0",240,119,0.0322402849,0.3036153448,"1.0,1.0,1.0","0.87,0.839,1.0",0.097
AGE0000140,AGE_SEX,3d,Ray Lab Data - 3d_significant.csv,0d1be8bed10c0765b51202fa8b63dcf8c60d2e5da9746c3eea0bfa810b8d4b95,141,FBgn0024807;SE:chrX:21628754-21628920:21629792-21629974:-,FBgn0024807;SE:X:21628754-21628920:21629792-21629974:-,SE,chrX,-,21628754-21628920:21629792-21629974,No,0.098,0.03255424419,0.3043821832,3d_male_vs_female,3d,SE,No,Higher inclusion in male,2628,FBgn0024807,DIP1,chrX,-,21628919,21629792,21628360,21628754,21629973,21630148,2628,"10,47,46","0,0,2","16,52,150","1,0,5",992,119,0.03255424419,0.3043821832,"1.0,1.0,0.734","0.657,1.0,0.783",0.098
AGE0000141,AGE_SEX,3d,Ray Lab Data - 3d_significant.csv,0d1be8bed10c0765b51202fa8b63dcf8c60d2e5da9746c3eea0bfa810b8d4b95,142,FBgn0002781;SE:chr3R:21355557-21355758:21356251-21375060:-,FBgn0002781;SE:3R:21355557-21355758:21356251-21375060:-,SE,chr3R,-,21355557-21355758:21356251-21375060,No,-0.097,0.03299180262,0.3062856002,3d_male_vs_female,3d,SE,No,Higher inclusion in female,907,FBgn0002781,mod(mdg4),chr3R,-,21355757,21356251,21355165,21355557,21375059,21375912,907,"8,30,33","1,0,4","11,38,54","2,0,0",613,119,0.03299180262,0.3062856002,"0.608,1.0,0.616","0.516,1.0,1.0",-0.097
AGE0000142,AGE_SEX,3d,Ray Lab Data - 3d_significant.csv,0d1be8bed10c0765b51202fa8b63dcf8c60d2e5da9746c3eea0bfa810b8d4b95,143,FBgn0036318;SE:chr3L:12851153-12852232:12852277-12852427:+,FBgn0036318;SE:3L:12851153-12852232:12852277-12852427:+,SE,chr3L,+,12851153-12852232:12852277-12852427,No,-0.027,0.03353534319,0.3091391847,3d_male_vs_female,3d,SE,No,Higher inclusion in female,1562,FBgn0036318,Wbp2,chr3L,+,12852231,12852277,12850914,12851153,12852426,12852521,1562,"4,1,5","24,49,54","1,10,13","17,65,65",165,119,0.03353534319,0.3091391847,"0.107,0.015,0.063","0.041,0.1,0.126",-0.027
AGE0000143,AGE_SEX,3d,Ray Lab Data - 3d_significant.csv,0d1be8bed10c0765b51202fa8b63dcf8c60d2e5da9746c3eea0bfa810b8d4b95,144,FBgn0267428;SE:chr2R:642363-673574:673836-705374:+,FBgn0267428;SE:2R:642363-673574:673836-705374:+,SE,chr2R,+,642363-673574:673836-705374,No,0.22,0.03392630027,0.3105561332,3d_male_vs_female,3d,SE,No,Higher inclusion in male,1204,FBgn0267428,DIP-lambda,chr2R,+,673573,673836,642099,642363,705373,705848,1204,"3,1,20","3,0,0","1,2,15","3,0,5",382,119,0.03392630027,0.3105561332,"0.238,1.0,1.0","0.094,1.0,0.483",0.22
AGE0000144,AGE_SEX,3d,Ray Lab Data - 3d_significant.csv,0d1be8bed10c0765b51202fa8b63dcf8c60d2e5da9746c3eea0bfa810b8d4b95,145,FBgn0031100;SE:chrX:20315949-20329163:20329275-20330118:-,FBgn0031100;SE:X:20315949-20329163:20329275-20330118:-,SE,chrX,-,20315949-20329163:20329275-20330118,No,0.059,0.03434751473,0.3122284499,3d_male_vs_female,3d,SE,No,Higher inclusion in male,14,FBgn0031100,CG1504,chrX,-,20329162,20329275,20315309,20315949,20330117,20330372,14,"104,158,193","12,9,15","140,290,572","19,43,56",232,119,0.03434751473,0.3122284499,"0.816,0.9,0.868","0.791,0.776,0.84",0.059
AGE0000145,AGE_SEX,3d,Ray Lab Data - 3d_significant.csv,0d1be8bed10c0765b51202fa8b63dcf8c60d2e5da9746c3eea0bfa810b8d4b95,146,FBgn0085638;SE:chr2R:2770710-2830708:2831043-2846508:-,FBgn0085638;SE:2R:2770710-2830708:2831043-2846508:-,SE,chr2R,-,2770710-2830708:2831043-2846508,No,0.073,0.03677993178,0.3320340048,3d_male_vs_female,3d,SE,No,Higher inclusion in male,1628,FBgn0085638,CG41378,chr2R,-,2830707,2831043,2770418,2770710,2846507,2846661,1628,"73,50,129","0,0,0","56,67,137","2,0,4",455,119,0.03677993178,0.3320340048,"1.0,1.0,1.0","0.88,1.0,0.9",0.073
AGE0000146,AGE_SEX,3d,Ray Lab Data - 3d_significant.csv,0d1be8bed10c0765b51202fa8b63dcf8c60d2e5da9746c3eea0bfa810b8d4b95,147,FBgn0031100;SE:chrX:20315949-20329163:20329542-20330118:-,FBgn0031100;SE:X:20315949-20329163:20329542-20330118:-,SE,chrX,-,20315949-20329163:20329542-20330118,No,0.075,0.03741606047,0.3354631723,3d_male_vs_female,3d,SE,No,Higher inclusion in male,15,FBgn0031100,CG1504,chrX,-,20329162,20329542,20315309,20315949,20330117,20330372,15,"152,234,232","12,9,15","213,412,707","19,43,56",499,119,0.03741606047,0.3354631723,"0.751,0.861,0.787","0.728,0.696,0.751",0.075
AGE0000147,AGE_SEX,3d,Ray Lab Data - 3d_significant.csv,0d1be8bed10c0765b51202fa8b63dcf8c60d2e5da9746c3eea0bfa810b8d4b95,148,FBgn0010434;SE:chr2R:19237063-19237742:19237771-19238152:+,FBgn0010434;SE:2R:19237063-19237742:19237771-19238152:+,SE,chr2R,+,19237063-19237742:19237771-19238152,No,0.076,0.03771853544,0.3358745775,3d_male_vs_female,3d,SE,No,Higher inclusion in male,2041,FBgn0010434,cora,chr2R,+,19237741,19237771,19236941,19237063,19238151,19238314,2041,"0,0,6","7,9,13","0,0,2","5,9,36",149,119,0.03771853544,0.3358745775,"0.0,0.0,0.269","0.0,0.0,0.042",0.076
AGE0000148,AGE_SEX,3d,Ray Lab Data - 3d_significant.csv,0d1be8bed10c0765b51202fa8b63dcf8c60d2e5da9746c3eea0bfa810b8d4b95,149,FBgn0261788;SE:chr3L:7656203-7656375:7661506-7661981:-,FBgn0261788;SE:3L:7656203-7656375:7661506-7661981:-,SE,chr3L,-,7656203-7656375:7661506-7661981,No,-0.136,0.04223773077,0.3735756052,3d_male_vs_female,3d,SE,No,Higher inclusion in female,3196,FBgn0261788,Ank2,chr3L,-,7656374,7661506,7655388,7656203,7661980,7662253,3196,"477,286,406","2,3,3","467,441,726","1,2,1",5251,119,0.04223773077,0.3735756052,"0.844,0.684,0.754","0.914,0.833,0.943",-0.136
AGE0000149,AGE_SEX,3d,Ray Lab Data - 3d_significant.csv,0d1be8bed10c0765b51202fa8b63dcf8c60d2e5da9746c3eea0bfa810b8d4b95,150,FBgn0003371;SE:chrX:2634025-2634836:2634871-2641590:+,FBgn0003371;SE:X:2634025-2634836:2634871-2641590:+,SE,chrX,+,2634025-2634836:2634871-2641590,No,-0.018,0.04278634409,0.3758880833,3d_male_vs_female,3d,SE,No,Higher inclusion in female,1377,FBgn0003371,sgg,chrX,+,2634835,2634871,2633951,2634025,2641589,2642093,1377,"1,3,0","56,23,40","2,3,8","78,29,87",155,119,0.04278634409,0.3758880833,"0.014,0.091,0.0","0.019,0.074,0.066",-0.018
AGE0000150,AGE_SEX,3d,Ray Lab Data - 3d_significant.csv,0d1be8bed10c0765b51202fa8b63dcf8c60d2e5da9746c3eea0bfa810b8d4b95,151,FBgn0028577;SE:chr3L:1499879-1501351:1501406-1501799:-,FBgn0028577;SE:3L:1499879-1501351:1501406-1501799:-,SE,chr3L,-,1499879-1501351:1501406-1501799,No,-0.357,0.04349671776,0.3770675731,3d_male_vs_female,3d,SE,No,Higher inclusion in female,230,FBgn0028577,hfp,chr3L,-,1501350,1501406,1499771,1499879,1501798,1501892,230,"5,2,28","3,15,21","4,22,42","0,5,41",175,119,0.04349671776,0.3770675731,"0.531,0.083,0.476","1.0,0.749,0.411",-0.357
AGE0000151,AGE_SEX,3d,Ray Lab Data - 3d_significant.csv,0d1be8bed10c0765b51202fa8b63dcf8c60d2e5da9746c3eea0bfa810b8d4b95,152,FBgn0266347;SE:chr3L:23227547-23247007:23247187-23262708:+,FBgn0266347;SE:3L:23227547-23247007:23247187-23262708:+,SE,chr3L,+,23227547-23247007:23247187-23262708,No,-0.216,0.04328735884,0.3770675731,3d_male_vs_female,3d,SE,No,Higher inclusion in female,385,FBgn0266347,nAChRalpha4,chr3L,+,23247006,23247187,23227437,23227547,23262707,23262823,385,"0,0,22","3,5,0","2,21,20","1,9,3",300,119,0.04328735884,0.3770675731,"0.0,0.0,1.0","0.442,0.481,0.726",-0.216
AGE0000152,AGE_SEX,3d,Ray Lab Data - 3d_significant.csv,0d1be8bed10c0765b51202fa8b63dcf8c60d2e5da9746c3eea0bfa810b8d4b95,153,FBgn0262731;SE:chr4:467994-469157:469330-471014:+,FBgn0262731;SE:4:467994-469157:469330-471014:+,SE,chr4,+,467994-469157:469330-471014,No,0.3,0.04379854218,0.3771861297,3d_male_vs_female,3d,SE,No,Higher inclusion in male,627,FBgn0262731,CG33941,chr4,+,469156,469330,467750,467994,471013,471476,627,"2,16,34","0,3,9","5,34,77","1,30,46",293,119,0.04379854218,0.3771861297,"1.0,0.684,0.605","0.67,0.315,0.405",0.3
AGE0000153,AGE_SEX,3d,Ray Lab Data - 3d_significant.csv,0d1be8bed10c0765b51202fa8b63dcf8c60d2e5da9746c3eea0bfa810b8d4b95,154,FBgn0263780;SE:chr2R:2053618-2118977:2119244-2261829:-,FBgn0263780;SE:2R:2053618-2118977:2119244-2261829:-,SE,chr2R,-,2053618-2118977:2119244-2261829,No,0.011,0.04435446055,0.3794770514,3d_male_vs_female,3d,SE,No,Higher inclusion in male,2479,FBgn0263780,CG17684,chr2R,-,2118976,2119244,2053344,2053618,2261828,2262115,2479,"407,489,508","1,5,0","346,751,818","1,8,8",387,119,0.04435446055,0.3794770514,"0.992,0.968,1.0","0.991,0.967,0.969",0.011
AGE0000154,AGE_SEX,3d,Ray Lab Data - 3d_significant.csv,0d1be8bed10c0765b51202fa8b63dcf8c60d2e5da9746c3eea0bfa810b8d4b95,155,FBgn0004907;SE:chr2R:10105067-10105702:10105825-10107467:+,FBgn0004907;SE:2R:10105067-10105702:10105825-10107467:+,SE,chr2R,+,10105067-10105702:10105825-10107467,No,0.053,0.04552758887,0.3869845054,3d_male_vs_female,3d,SE,No,Higher inclusion in male,1481,FBgn0004907,14-3-3zeta,chr2R,+,10105701,10105825,10104940,10105067,10107466,10107695,1481,"40,65,81","0,0,0","41,76,119","0,7,0",243,119,0.04552758887,0.3869845054,"1.0,1.0,1.0","1.0,0.842,1.0",0.053
AGE0000155,AGE_SEX,3d,Ray Lab Data - 3d_significant.csv,0d1be8bed10c0765b51202fa8b63dcf8c60d2e5da9746c3eea0bfa810b8d4b95,156,FBgn0022764;SE:chr2R:12576993-12577454:12577709-12579129:-,FBgn0022764;SE:2R:12576993-12577454:12577709-12579129:-,SE,chr2R,-,12576993-12577454:12577709-12579129,No,0.445,0.0461360003,0.3896259638,3d_male_vs_female,3d,SE,No,Higher inclusion in male,1117,FBgn0022764,Sin3A,chr2R,-,12577453,12577709,12576567,12576993,12579128,12579356,1117,"6,4,3","4,0,0","7,4,12","4,4,6",375,119,0.0461360003,0.3896259638,"0.322,1.0,1.0","0.357,0.241,0.388",0.445
AGE0000156,AGE_SEX,3d,Ray Lab Data - 3d_significant.csv,0d1be8bed10c0765b51202fa8b63dcf8c60d2e5da9746c3eea0bfa810b8d4b95,157,FBgn0285925;SE:chr3R:16632768-16635086:16635094-16635546:+,FBgn0285925;SE:3R:16632768-16635086:16635094-16635546:+,SE,chr3R,+,16632768-16635086:16635094-16635546,No,-0.321,0.04869660506,0.4086144617,3d_male_vs_female,3d,SE,No,Higher inclusion in female,288,FBgn0285925,Fas1,chr3R,+,16635085,16635094,16632607,16632768,16635545,16635700,288,"1,1,0","3,7,8","2,0,2","0,5,4",128,119,0.04869660506,0.4086144617,"0.237,0.117,0.0","1.0,0.0,0.317",-0.321
AGE0000157,AGE_SEX,3d,Ray Lab Data - 3d_significant.csv,0d1be8bed10c0765b51202fa8b63dcf8c60d2e5da9746c3eea0bfa810b8d4b95,158,FBgn0002781;SE:chr3R:21357364-21358005:21358204-21375060:-,FBgn0002781;SE:3R:21357364-21358005:21358204-21375060:-,SE,chr3R,-,21357364-21358005:21358204-21375060,No,0.028,0.04959563193,0.4135075299,3d_male_vs_female,3d,SE,No,Higher inclusion in male,908,FBgn0002781,mod(mdg4),chr3R,-,21358004,21358204,21357061,21357364,21375059,21375912,908,"7,12,12","14,31,27","8,15,2","19,23,89",319,119,0.04959563193,0.4135075299,"0.157,0.126,0.142","0.136,0.196,0.008",0.028
AGE0000158,AGE_SEX,3d,Ray Lab Data - 3d_significant.csv,0d1be8bed10c0765b51202fa8b63dcf8c60d2e5da9746c3eea0bfa810b8d4b95,159,FBgn0039890;SE:chr4:190061-191309:191386-193344:-,FBgn0039890;SE:4:190061-191309:191386-193344:-,SE,chr4,-,190061-191309:191386-193344,No,0.052,0.04997462929,0.4140303148,3d_male_vs_female,3d,SE,No,Higher inclusion in male,2510,FBgn0039890,Abcd1,chr4,-,191308,191386,189997,190061,193343,193489,2510,"54,48,47","3,1,0","39,71,129","4,2,7",197,119,0.04997462929,0.4140303148,"0.916,0.967,1.0","0.855,0.955,0.918",0.052
AGE0000159,AGE_SEX,3d,Ray Lab Data - 3d_significant.csv,0d1be8bed10c0765b51202fa8b63dcf8c60d2e5da9746c3eea0bfa810b8d4b95,160,FBgn0039116;A3SS:chr3R:23767870-23768009:23767870-23768079:+,FBgn0039116;A3:3R:23767870-23768009:23767870-23768079:+,A3SS,chr3R,+,23767870-23768009:23767870-23768079,Yes,0.814,0,0.00000001226801993,3d_male_vs_female,3d,A3SS,Yes,Higher inclusion in male,2115,FBgn0039116,CG10375,chr3R,+,23768008,23768329,23768078,23768329,23767711,23767870,2115,"3,1,12","0,0,0","0,1,15","2,3,15",189,119,0,0.00000001226801993,"1.0,1.0,1.0","0.0,0.173,0.386",0.814
AGE0000160,AGE_SEX,3d,Ray Lab Data - 3d_significant.csv,0d1be8bed10c0765b51202fa8b63dcf8c60d2e5da9746c3eea0bfa810b8d4b95,161,FBgn0034723;A3SS:chr2R:22383194-22386374:22383194-22386395:+,FBgn0034723;A3:2R:22383194-22386374:22383194-22386395:+,A3SS,chr2R,+,22383194-22386374:22383194-22386395,Yes,-0.593,0.0000004304630818,0.0001524488566,3d_male_vs_female,3d,A3SS,Yes,Higher inclusion in female,1096,FBgn0034723,CG13506,chr2R,+,22386373,22386528,22386394,22386528,22383133,22383194,1096,"0,1,1","3,0,3","2,2,2","0,0,0",140,119,0.0000004304630818,0.0001524488566,"0.0,1.0,0.221","1.0,1.0,1.0",-0.593
AGE0000161,AGE_SEX,3d,Ray Lab Data - 3d_significant.csv,0d1be8bed10c0765b51202fa8b63dcf8c60d2e5da9746c3eea0bfa810b8d4b95,162,FBgn0004656;A3SS:chrX:8055918-8055967:8055893-8055967:-,FBgn0004656;A3:X:8055918-8055967:8055893-8055967:-,A3SS,chrX,-,8055918-8055967:8055893-8055967,Yes,-0.101,0.0000006180359051,0.0001524488566,3d_male_vs_female,3d,A3SS,Yes,Higher inclusion in female,1759,FBgn0004656,fs(1)h,chrX,-,8054122,8055918,8054122,8055893,8055966,8056137,1759,"0,1,0","16,26,53","1,7,24","6,53,153",144,119,0.0000006180359051,0.0001524488566,"0.0,0.031,0.0","0.121,0.098,0.115",-0.101
AGE0000162,AGE_SEX,3d,Ray Lab Data - 3d_significant.csv,0d1be8bed10c0765b51202fa8b63dcf8c60d2e5da9746c3eea0bfa810b8d4b95,163,FBgn0039406;A3SS:chr3R:26059054-26059235:26059051-26059235:-,FBgn0039406;A3:3R:26059054-26059235:26059051-26059235:-,A3SS,chr3R,-,26059054-26059235:26059051-26059235,Yes,-0.693,0.000001648750106,0.0002033458464,3d_male_vs_female,3d,A3SS,Yes,Higher inclusion in female,1753,FBgn0039406,RpL34a,chr3R,-,26058979,26059054,26058979,26059051,26059234,26059267,1753,"1,0,0","2,1,1","3,1,4","1,0,2",122,119,0.000001648750106,0.0002033458464,"0.328,0.0,0.0","0.745,1.0,0.661",-0.693
AGE0000163,AGE_SEX,3d,Ray Lab Data - 3d_significant.csv,0d1be8bed10c0765b51202fa8b63dcf8c60d2e5da9746c3eea0bfa810b8d4b95,164,FBgn0003654;A3SS:chrX:20230596-20232117:20230593-20232117:-,FBgn0003654;A3:X:20230596-20232117:20230593-20232117:-,A3SS,chrX,-,20230596-20232117:20230593-20232117,Yes,0.619,0.000001299434876,0.0002033458464,3d_male_vs_female,3d,A3SS,Yes,Higher inclusion in male,2010,FBgn0003654,sw,chrX,-,20230440,20230596,20230440,20230593,20232116,20232164,2010,"2,6,8","0,3,0","1,4,8","3,12,17",122,119,0.000001299434876,0.0002033458464,"1.0,0.661,1.0","0.245,0.245,0.315",0.619
AGE0000164,AGE_SEX,3d,Ray Lab Data - 3d_significant.csv,0d1be8bed10c0765b51202fa8b63dcf8c60d2e5da9746c3eea0bfa810b8d4b95,165,FBgn0002783;A3SS:chr3R:15969594-15969882:15969402-15969882:-,FBgn0002783;A3:3R:15969594-15969882:15969402-15969882:-,A3SS,chr3R,-,15969594-15969882:15969402-15969882,Yes,-0.148,0.000001577621092,0.0002033458464,3d_male_vs_female,3d,A3SS,Yes,Higher inclusion in female,1399,FBgn0002783,mor,chr3R,-,15968574,15969594,15968574,15969402,15969881,15970092,1399,"0,0,0","3,2,10","0,11,11","2,17,13",311,119,0.000001577621092,0.0002033458464,"0.0,0.0,0.0","0.0,0.198,0.245",-0.148
AGE0000165,AGE_SEX,3d,Ray Lab Data - 3d_significant.csv,0d1be8bed10c0765b51202fa8b63dcf8c60d2e5da9746c3eea0bfa810b8d4b95,166,FBgn0264815;A3SS:chr2L:11925728-11928543:11925715-11928543:-,FBgn0264815;A3:2L:11925728-11928543:11925715-11928543:-,A3SS,chr2L,-,11925728-11928543:11925715-11928543,Yes,-0.667,0.00003892138198,0.00334874253,3d_male_vs_female,3d,A3SS,Yes,Higher inclusion in female,333,FBgn0264815,Pde1c,chr2L,-,11925541,11925728,11925541,11925715,11928542,11928572,333,"1,0,0","0,2,1","1,2,2","0,0,0",132,119,0.00003892138198,0.00334874253,"1.0,0.0,0.0","1.0,1.0,1.0",-0.667
AGE0000166,AGE_SEX,3d,Ray Lab Data - 3d_significant.csv,0d1be8bed10c0765b51202fa8b63dcf8c60d2e5da9746c3eea0bfa810b8d4b95,167,FBgn0029891;A3SS:chrX:6684461-6684518:6684461-6684524:+,FBgn0029891;A3:X:6684461-6684518:6684461-6684524:+,A3SS,chrX,+,6684461-6684518:6684461-6684524,Yes,-0.572,0.0000318577767,0.00334874253,3d_male_vs_female,3d,A3SS,Yes,Higher inclusion in female,2243,FBgn0029891,Pink1,chrX,+,6684517,6684721,6684523,6684721,6684127,6684461,2243,"3,0,4","0,2,20","15,41,15","2,0,0",125,119,0.0000318577767,0.00334874253,"1.0,0.0,0.16","0.877,1.0,1.0",-0.572
AGE0000167,AGE_SEX,3d,Ray Lab Data - 3d_significant.csv,0d1be8bed10c0765b51202fa8b63dcf8c60d2e5da9746c3eea0bfa810b8d4b95,168,FBgn0266557;A3SS:chr2L:242925-250757:242744-250757:-,FBgn0266557;A3:2L:242925-250757:242744-250757:-,A3SS,chr2L,-,242925-250757:242744-250757,Yes,-0.287,0.00004072794969,0.00334874253,3d_male_vs_female,3d,A3SS,Yes,Higher inclusion in female,453,FBgn0266557,kis,chr2L,-,242243,242925,242243,242744,250756,250823,453,"0,0,0","3,5,5","1,4,13","9,1,20",300,119,0.00004072794969,0.00334874253,"0.0,0.0,0.0","0.042,0.613,0.205",-0.287
AGE0000168,AGE_SEX,3d,Ray Lab Data - 3d_significant.csv,0d1be8bed10c0765b51202fa8b63dcf8c60d2e5da9746c3eea0bfa810b8d4b95,169,FBgn0041164;A3SS:chr3L:3461670-3462104:3461670-3462121:+,FBgn0041164;A3:3L:3461670-3462104:3461670-3462121:+,A3SS,chr3L,+,3461670-3462104:3461670-3462121,Yes,0.436,0.00005035125651,0.003725992982,3d_male_vs_female,3d,A3SS,Yes,Higher inclusion in male,1617,FBgn0041164,armi,chr3L,+,3462103,3462784,3462120,3462784,3461540,3461670,1617,"1,1,1","0,0,0","1,5,4","1,2,3",136,119,0.00005035125651,0.003725992982,"1.0,1.0,1.0","0.467,0.686,0.538",0.436
AGE0000169,AGE_SEX,3d,Ray Lab Data - 3d_significant.csv,0d1be8bed10c0765b51202fa8b63dcf8c60d2e5da9746c3eea0bfa810b8d4b95,170,FBgn0024963;A3SS:chr3R:19764413-19765633:19764413-19765645:+,FBgn0024963;A3:3R:19764413-19765633:19764413-19765645:+,A3SS,chr3R,+,19764413-19765633:19764413-19765645,Yes,-0.437,0.00007104853981,0.004381326622,3d_male_vs_female,3d,A3SS,Yes,Higher inclusion in female,830,FBgn0024963,GluClalpha,chr3R,+,19765632,19765751,19765644,19765751,19764248,19764413,830,"1,0,0","0,3,1","1,10,2","0,0,4",131,119,0.00007104853981,0.004381326622,"1.0,0.0,0.0","1.0,1.0,0.312",-0.437
AGE0000170,AGE_SEX,3d,Ray Lab Data - 3d_significant.csv,0d1be8bed10c0765b51202fa8b63dcf8c60d2e5da9746c3eea0bfa810b8d4b95,171,FBgn0259938;A3SS:chr3R:10389437-10396237:10389437-10396697:+,FBgn0259938;A3:3R:10389437-10396237:10389437-10396697:+,A3SS,chr3R,+,10389437-10396237:10389437-10396697,Yes,0.101,0.00008213895908,0.004675602286,3d_male_vs_female,3d,A3SS,Yes,Higher inclusion in male,2435,FBgn0259938,cwo,chr3R,+,10396236,10396820,10396696,10396820,10388257,10389437,2435,"26,29,96","0,0,0","17,72,112","0,0,10",579,119,0.00008213895908,0.004675602286,"1.0,1.0,1.0","1.0,1.0,0.697",0.101
AGE0000171,AGE_SEX,3d,Ray Lab Data - 3d_significant.csv,0d1be8bed10c0765b51202fa8b63dcf8c60d2e5da9746c3eea0bfa810b8d4b95,172,FBgn0263456;A3SS:chr3L:9141843-9142573:9141843-9143298:+,FBgn0263456;A3:3L:9141843-9142573:9141843-9143298:+,A3SS,chr3L,+,9141843-9142573:9141843-9143298,Yes,0.3,0.0001023627559,0.005352812931,3d_male_vs_female,3d,A3SS,Yes,Higher inclusion in male,423,FBgn0263456,nwk,chr3L,+,9142572,9143323,9143297,9143323,9141786,9141843,423,"16,20,31","0,0,0","12,33,64","2,0,5",844,119,0.0001023627559,0.005352812931,"1.0,1.0,1.0","0.458,1.0,0.643",0.3
AGE0000172,AGE_SEX,3d,Ray Lab Data - 3d_significant.csv,0d1be8bed10c0765b51202fa8b63dcf8c60d2e5da9746c3eea0bfa810b8d4b95,173,FBgn0041004;A3SS:chr2L:22844847-22848970:22844847-22849214:+,FBgn0041004;A3:2L:22844847-22848970:22844847-22849214:+,A3SS,chr2L,+,22844847-22848970:22844847-22849214,Yes,-0.406,0.000225101778,0.009798547982,3d_male_vs_female,3d,A3SS,Yes,Higher inclusion in female,1634,FBgn0041004,CG17715,chr2L,+,22848969,22849255,22849213,22849255,22844219,22844847,1634,"1,0,0","7,3,1","0,3,10","5,1,1",363,119,0.000225101778,0.009798547982,"0.045,0.0,0.0","0.0,0.496,0.766",-0.406
AGE0000173,AGE_SEX,3d,Ray Lab Data - 3d_significant.csv,0d1be8bed10c0765b51202fa8b63dcf8c60d2e5da9746c3eea0bfa810b8d4b95,174,FBgn0030809;A3SS:chrX:16967861-16968510:16967719-16968510:-,FBgn0030809;A3:X:16967861-16968510:16967719-16968510:-,A3SS,chrX,-,16967861-16968510:16967719-16968510,Yes,0.337,0.0004152077728,0.01706965288,3d_male_vs_female,3d,A3SS,Yes,Higher inclusion in male,2151,FBgn0030809,Ubr1,chrX,-,16967494,16967861,16967494,16967719,16968509,16968679,2151,"5,4,3","0,1,0","1,9,12","2,1,3",261,119,0.0004152077728,0.01706965288,"1.0,0.646,1.0","0.186,0.804,0.646",0.337
AGE0000174,AGE_SEX,3d,Ray Lab Data - 3d_significant.csv,0d1be8bed10c0765b51202fa8b63dcf8c60d2e5da9746c3eea0bfa810b8d4b95,175,FBgn0259221;A3SS:chr2R:13416947-13418987:13416606-13418987:-,FBgn0259221;A3:2R:13416947-13418987:13416606-13418987:-,A3SS,chr2R,-,13416947-13418987:13416606-13418987,Yes,-0.323,0.0004754013045,0.01728479637,3d_male_vs_female,3d,A3SS,Yes,Higher inclusion in female,1158,FBgn0259221,ATP8A,chr2R,-,13416574,13416947,13416574,13416606,13418986,13419085,1158,"14,34,29","9,9,4","9,64,89","1,7,0",460,119,0.0004754013045,0.01728479637,"0.287,0.494,0.652","0.7,0.703,1.0",-0.323
AGE0000175,AGE_SEX,3d,Ray Lab Data - 3d_significant.csv,0d1be8bed10c0765b51202fa8b63dcf8c60d2e5da9746c3eea0bfa810b8d4b95,176,FBgn0260749;A3SS:chr2L:10274105-10274165:10274090-10274165:-,FBgn0260749;A3:2L:10274105-10274165:10274090-10274165:-,A3SS,chr2L,-,10274105-10274165:10274090-10274165,Yes,0.121,0.0004905144916,0.01728479637,3d_male_vs_female,3d,A3SS,Yes,Higher inclusion in male,1998,FBgn0260749,Utx,chr2L,-,10273965,10274105,10273965,10274090,10274164,10274868,1998,"14,15,26","0,1,2","18,36,55","1,5,23",134,119,0.0004905144916,0.01728479637,"1.0,0.93,0.92","0.941,0.865,0.68",0.121
AGE0000176,AGE_SEX,3d,Ray Lab Data - 3d_significant.csv,0d1be8bed10c0765b51202fa8b63dcf8c60d2e5da9746c3eea0bfa810b8d4b95,177,FBgn0045823;A3SS:chr3L:9714623-9715744:9714623-9715747:+,FBgn0045823;A3:3L:9714623-9715744:9714623-9715747:+,A3SS,chr3L,+,9714623-9715744:9714623-9715747,Yes,-0.392,0.0007848102608,0.02419831637,3d_male_vs_female,3d,A3SS,Yes,Higher inclusion in female,1642,FBgn0045823,vsg,chr3L,+,9715743,9717716,9715746,9717716,9714323,9714623,1642,"1,0,1","1,2,18","1,3,13","0,7,17",122,119,0.0007848102608,0.02419831637,"0.494,0.0,0.051","1.0,0.295,0.427",-0.392
AGE0000177,AGE_SEX,3d,Ray Lab Data - 3d_significant.csv,0d1be8bed10c0765b51202fa8b63dcf8c60d2e5da9746c3eea0bfa810b8d4b95,178,FBgn0053547;A3SS:chr3R:17884103-17885604:17882183-17885604:-,FBgn0053547;A3:3R:17884103-17885604:17882183-17885604:-,A3SS,chr3R,-,17884103-17885604:17882183-17885604,Yes,0.208,0.0009025229461,0.0267146792,3d_male_vs_female,3d,A3SS,Yes,Higher inclusion in male,2103,FBgn0053547,Rim,chr3R,-,17882100,17884103,17882100,17882183,17885603,17885947,2103,"99,73,123","0,0,0","93,109,176","0,0,17",2039,119,0.0009025229461,0.0267146792,"1.0,1.0,1.0","1.0,1.0,0.377",0.208
AGE0000178,AGE_SEX,3d,Ray Lab Data - 3d_significant.csv,0d1be8bed10c0765b51202fa8b63dcf8c60d2e5da9746c3eea0bfa810b8d4b95,179,FBgn0013342;A3SS:chr3L:1637272-1637559:1637269-1637559:-,FBgn0013342;A3:3L:1637272-1637559:1637269-1637559:-,A3SS,chr3L,-,1637272-1637559:1637269-1637559,Yes,0.191,0.00104290195,0.02756240867,3d_male_vs_female,3d,A3SS,Yes,Higher inclusion in male,232,FBgn0013342,nSyb,chr3L,-,1636817,1637272,1636817,1637269,1637558,1637612,232,"1,2,2","0,0,0","1,8,7","0,2,4",122,119,0.00104290195,0.02756240867,"1.0,1.0,1.0","1.0,0.796,0.631",0.191
AGE0000179,AGE_SEX,3d,Ray Lab Data - 3d_significant.csv,0d1be8bed10c0765b51202fa8b63dcf8c60d2e5da9746c3eea0bfa810b8d4b95,180,FBgn0004838;A3SS:chr2L:6920861-6922731:6920861-6922735:+,FBgn0004838;A3:2L:6920861-6922731:6920861-6922735:+,A3SS,chr2L,+,6920861-6922731:6920861-6922735,Yes,0.166,0.001039413706,0.02756240867,3d_male_vs_female,3d,A3SS,Yes,Higher inclusion in male,1434,FBgn0004838,Hrb27C,chr2L,+,6922730,6922826,6922734,6922826,6920703,6920861,1434,"5,12,34","0,0,0","4,15,83","1,5,3",123,119,0.001039413706,0.02756240867,"1.0,1.0,1.0","0.795,0.744,0.964",0.166
AGE0000180,AGE_SEX,3d,Ray Lab Data - 3d_significant.csv,0d1be8bed10c0765b51202fa8b63dcf8c60d2e5da9746c3eea0bfa810b8d4b95,181,FBgn0053547;A3SS:chr3R:17884682-17885604:17882183-17885604:-,FBgn0053547;A3:3R:17884682-17885604:17882183-17885604:-,A3SS,chr3R,-,17884682-17885604:17882183-17885604,Yes,0.227,0.001314796485,0.03354997927,3d_male_vs_female,3d,A3SS,Yes,Higher inclusion in male,2104,FBgn0053547,Rim,chr3R,-,17882100,17884682,17882100,17882183,17885603,17885947,2104,"99,73,123","0,0,0","93,109,176","0,0,17",2618,119,0.001314796485,0.03354997927,"1.0,1.0,1.0","1.0,1.0,0.32",0.227
AGE0000181,AGE_SEX,3d,Ray Lab Data - 3d_significant.csv,0d1be8bed10c0765b51202fa8b63dcf8c60d2e5da9746c3eea0bfa810b8d4b95,182,FBgn0041004;A3SS:chr2L:22849255-22849306:22849255-22849324:+,FBgn0041004;A3:2L:22849255-22849306:22849255-22849324:+,A3SS,chr2L,+,22849255-22849306:22849255-22849324,Yes,-0.33,0.001852165418,0.04421298094,3d_male_vs_female,3d,A3SS,Yes,Higher inclusion in female,1635,FBgn0041004,CG17715,chr2L,+,22849305,22849373,22849323,22849373,22849213,22849255,1635,"9,2,3","6,5,0","15,14,5","3,0,0",137,119,0.001852165418,0.04421298094,"0.566,0.258,1.0","0.813,1.0,1.0",-0.33
AGE0000182,AGE_SEX,3d,Ray Lab Data - 3d_significant.csv,0d1be8bed10c0765b51202fa8b63dcf8c60d2e5da9746c3eea0bfa810b8d4b95,183,FBgn0052423;A3SS:chr3L:5163975-5166935:5163969-5166935:-,FBgn0052423;A3:3L:5163975-5166935:5163969-5166935:-,A3SS,chr3L,-,5163975-5166935:5163969-5166935,Yes,-0.204,0.001836431473,0.04421298094,3d_male_vs_female,3d,A3SS,Yes,Higher inclusion in female,2231,FBgn0052423,shep,chr3L,-,5163833,5163975,5163833,5163969,5166934,5167059,2231,"12,13,19","3,9,8","12,33,48","1,7,3",125,119,0.001836431473,0.04421298094,"0.792,0.579,0.693","0.92,0.818,0.938",-0.204
AGE0000183,AGE_SEX,3d,Ray Lab Data - 3d_significant.csv,0d1be8bed10c0765b51202fa8b63dcf8c60d2e5da9746c3eea0bfa810b8d4b95,184,FBgn0261260;A3SS:chrX:9473266-9499874:9472657-9499874:-,FBgn0261260;A3:X:9473266-9499874:9472657-9499874:-,A3SS,chrX,-,9473266-9499874:9472657-9499874,Yes,0.175,0.002031097588,0.04684638981,3d_male_vs_female,3d,A3SS,Yes,Higher inclusion in male,2482,FBgn0261260,mgl,chrX,-,9471998,9473266,9471998,9472657,9499873,9500129,2482,"122,121,175","10,14,32","76,163,371","15,44,104",728,119,0.002031097588,0.04684638981,"0.666,0.586,0.472","0.453,0.377,0.368",0.175
AGE0000184,AGE_SEX,3d,Ray Lab Data - 3d_significant.csv,0d1be8bed10c0765b51202fa8b63dcf8c60d2e5da9746c3eea0bfa810b8d4b95,185,FBgn0085412;A3SS:chr3R:13735623-13744784:13735623-13744846:+,FBgn0085412;A3:3R:13735623-13744784:13735623-13744846:+,A3SS,chr3R,+,13735623-13744784:13735623-13744846,Yes,-0.325,0.002329646812,0.04788718447,3d_male_vs_female,3d,A3SS,Yes,Higher inclusion in female,2364,FBgn0085412,kmr,chr3R,+,13744783,13744995,13744845,13744995,13735468,13735623,2364,"1,2,5","3,1,3","1,5,5","2,0,0",181,119,0.002329646812,0.04788718447,"0.18,0.568,0.523","0.247,1.0,1.0",-0.325
AGE0000185,AGE_SEX,3d,Ray Lab Data - 3d_significant.csv,0d1be8bed10c0765b51202fa8b63dcf8c60d2e5da9746c3eea0bfa810b8d4b95,186,FBgn0264822;A3SS:chr4:960038-962401:960038-962404:+,FBgn0264822;A3:4:960038-962401:960038-962404:+,A3SS,chr4,+,960038-962401:960038-962404,Yes,-0.234,0.002287922347,0.04788718447,3d_male_vs_female,3d,A3SS,Yes,Higher inclusion in female,772,FBgn0264822,asRNA:CR44030,chr4,+,962400,962692,962403,962692,959674,960038,772,"2,7,9","1,0,5","2,3,4","0,0,0",122,119,0.002287922347,0.04788718447,"0.661,1.0,0.637","1.0,1.0,1.0",-0.234
AGE0000186,AGE_SEX,3d,Ray Lab Data - 3d_significant.csv,0d1be8bed10c0765b51202fa8b63dcf8c60d2e5da9746c3eea0bfa810b8d4b95,187,FBgn0027621;A3SS:chrX:19506237-19506293:19506237-19506483:+,FBgn0027621;A3:X:19506237-19506293:19506237-19506483:+,A3SS,chrX,+,19506237-19506293:19506237-19506483,Yes,-0.263,0.002408392028,0.04816784057,3d_male_vs_female,3d,A3SS,Yes,Higher inclusion in female,120,FBgn0027621,Pfrx,chrX,+,19506292,19509350,19506482,19509350,19505912,19506237,120,"6,22,8","5,1,0","8,10,27","0,0,0",309,119,0.002408392028,0.04816784057,"0.316,0.894,1.0","1.0,1.0,1.0",-0.263
AGE0000187,AGE_SEX,3d,Ray Lab Data - 3d_significant.csv,0d1be8bed10c0765b51202fa8b63dcf8c60d2e5da9746c3eea0bfa810b8d4b95,188,FBgn0010263;A3SS:chr2L:2960986-2961215:2960986-2961218:+,FBgn0010263;A3:2L:2960986-2961215:2960986-2961218:+,A3SS,chr2L,+,2960986-2961215:2960986-2961218,No,-0.07,0.00006416262978,0.004316395094,3d_male_vs_female,3d,A3SS,No,Higher inclusion in female,2162,FBgn0010263,Rbp9,chr2L,+,2961214,2961672,2961217,2961672,2960894,2960986,2162,"1,0,0","24,31,35","0,6,9","15,73,41",122,119,0.00006416262978,0.004316395094,"0.039,0.0,0.0","0.0,0.074,0.176",-0.07
AGE0000188,AGE_SEX,3d,Ray Lab Data - 3d_significant.csv,0d1be8bed10c0765b51202fa8b63dcf8c60d2e5da9746c3eea0bfa810b8d4b95,189,FBgn0004242;A3SS:chr2L:2782940-2783041:2782839-2783041:-,FBgn0004242;A3:2L:2782940-2783041:2782839-2783041:-,A3SS,chr2L,-,2782940-2783041:2782839-2783041,No,0.022,0.0001085029648,0.005352812931,3d_male_vs_female,3d,A3SS,No,Higher inclusion in male,1437,FBgn0004242,Syt1,chr2L,-,2779266,2782940,2779266,2782839,2783040,2783274,1437,"8,7,37","53,95,141","11,9,1","39,130,211",220,119,0.0001085029648,0.005352812931,"0.075,0.038,0.124","0.132,0.036,0.003",0.022
AGE0000189,AGE_SEX,3d,Ray Lab Data - 3d_significant.csv,0d1be8bed10c0765b51202fa8b63dcf8c60d2e5da9746c3eea0bfa810b8d4b95,190,FBgn0035719;A3SS:chr3L:6947915-6947971:6947915-6947986:+,FBgn0035719;A3:3L:6947915-6947971:6947915-6947986:+,A3SS,chr3L,+,6947915-6947971:6947915-6947986,No,-0.07,0.0001706165793,0.007891016794,3d_male_vs_female,3d,A3SS,No,Higher inclusion in female,26,FBgn0035719,tow,chr3L,+,6947970,6948109,6947985,6948109,6947247,6947915,26,"0,1,0","2,4,9","0,1,7","1,8,15",134,119,0.0001706165793,0.007891016794,"0.0,0.182,0.0","0.0,0.1,0.293",-0.07
AGE0000190,AGE_SEX,3d,Ray Lab Data - 3d_significant.csv,0d1be8bed10c0765b51202fa8b63dcf8c60d2e5da9746c3eea0bfa810b8d4b95,191,FBgn0261509;A3SS:chr2L:1555753-1556324:1555753-1556540:+,FBgn0261509;A3:2L:1555753-1556324:1555753-1556540:+,A3SS,chr2L,+,1555753-1556324:1555753-1556540,No,0.012,0.0004434065223,0.01726951718,3d_male_vs_female,3d,A3SS,No,Higher inclusion in male,1411,FBgn0261509,haf,chr2L,+,1556323,1556915,1556539,1556915,1555128,1555753,1411,"125,281,369","2,0,0","114,234,556","0,0,17",335,119,0.0004434065223,0.01726951718,"0.957,1.0,1.0","1.0,1.0,0.921",0.012
AGE0000191,AGE_SEX,3d,Ray Lab Data - 3d_significant.csv,0d1be8bed10c0765b51202fa8b63dcf8c60d2e5da9746c3eea0bfa810b8d4b95,192,FBgn0262114;A3SS:chr2R:10429783-10430534:10429783-10430880:+,FBgn0262114;A3:2R:10429783-10430534:10429783-10430880:+,A3SS,chr2R,+,10429783-10430534:10429783-10430880,No,0.053,0.0006779678811,0.02280437418,3d_male_vs_female,3d,A3SS,No,Higher inclusion in male,2427,FBgn0262114,RanBPM,chr2R,+,10430533,10431915,10430879,10431915,10429711,10429783,2427,"3,7,27","0,1,0","2,1,40","0,0,11",465,119,0.0006779678811,0.02280437418,"1.0,0.642,1.0","1.0,1.0,0.482",0.053
AGE0000192,AGE_SEX,3d,Ray Lab Data - 3d_significant.csv,0d1be8bed10c0765b51202fa8b63dcf8c60d2e5da9746c3eea0bfa810b8d4b95,193,FBgn0022361;A3SS:chr4:560300-560349:560300-560372:+,FBgn0022361;A3:4:560300-560349:560300-560372:+,A3SS,chr4,+,560300-560349:560300-560372,No,-0.045,0.0007825509529,0.02419831637,3d_male_vs_female,3d,A3SS,No,Higher inclusion in female,2110,FBgn0022361,Pur-alpha,chr4,+,560348,560411,560371,560411,560094,560300,2110,"65,106,94","2,0,12","46,106,166","0,3,0",142,119,0.0007825509529,0.02419831637,"0.965,1.0,0.868","1.0,0.967,1.0",-0.045
AGE0000193,AGE_SEX,3d,Ray Lab Data - 3d_significant.csv,0d1be8bed10c0765b51202fa8b63dcf8c60d2e5da9746c3eea0bfa810b8d4b95,194,FBgn0035959;A3SS:chr3L:9070647-9070705:9070644-9070705:-,FBgn0035959;A3:3L:9070647-9070705:9070644-9070705:-,A3SS,chr3L,-,9070647-9070705:9070644-9070705,No,-0.025,0.001000264846,0.02756240867,3d_male_vs_female,3d,A3SS,No,Higher inclusion in female,1154,FBgn0035959,CG4911,chr3L,-,9069648,9070647,9069648,9070644,9070704,9071521,1154,"158,239,237","0,0,20","148,282,463","0,1,0",122,119,0.001000264846,0.02756240867,"1.0,1.0,0.92","1.0,0.996,1.0",-0.025
AGE0000194,AGE_SEX,3d,Ray Lab Data - 3d_significant.csv,0d1be8bed10c0765b51202fa8b63dcf8c60d2e5da9746c3eea0bfa810b8d4b95,195,FBgn0024804;A3SS:chr3L:27420841-27420901:27420841-27420952:+,FBgn0024804;A3:3L:27420841-27420901:27420841-27420952:+,A3SS,chr3L,+,27420841-27420901:27420841-27420952,No,-0.027,0.002089095762,0.04684638981,3d_male_vs_female,3d,A3SS,No,Higher inclusion in female,1404,FBgn0024804,Dbp80,chr3L,+,27420900,27421014,27420951,27421014,27420678,27420841,1404,"170,307,368","2,12,11","130,480,711","0,3,11",170,119,0.002089095762,0.04684638981,"0.983,0.947,0.959","1.0,0.991,0.978",-0.027
AGE0000195,AGE_SEX,3d,Ray Lab Data - 3d_significant.csv,0d1be8bed10c0765b51202fa8b63dcf8c60d2e5da9746c3eea0bfa810b8d4b95,196,FBgn0259740;A3SS:chr3R:10851488-10851541:10851488-10851549:+,FBgn0259740;A3:3R:10851488-10851541:10851488-10851549:+,A3SS,chr3R,+,10851488-10851541:10851488-10851549,No,-0.043,0.002180593696,0.04745998044,3d_male_vs_female,3d,A3SS,No,Higher inclusion in female,1277,FBgn0259740,CG42394,chr3R,+,10851540,10851788,10851548,10851788,10851284,10851488,1277,"48,21,64","207,154,642","34,66,107","213,295,397",127,119,0.002180593696,0.04745998044,"0.178,0.113,0.085","0.13,0.173,0.202",-0.043
AGE0000196,AGE_SEX,3d,Ray Lab Data - 3d_significant.csv,0d1be8bed10c0765b51202fa8b63dcf8c60d2e5da9746c3eea0bfa810b8d4b95,197,FBgn0051140;A3SS:chr3R:23963233-23965800:23963233-23965805:+,FBgn0051140;A3:3R:23963233-23965800:23963233-23965805:+,A3SS,chr3R,+,23963233-23965800:23963233-23965805,No,0.388,0.00261846656,0.05099119091,3d_male_vs_female,3d,A3SS,No,Higher inclusion in male,1143,FBgn0051140,CG31140,chr3R,+,23965799,23966702,23965804,23966702,23963179,23963233,1143,"4,3,18","0,1,0","0,8,10","2,0,7",124,119,0.00261846656,0.05099119091,"1.0,0.742,1.0","0.0,1.0,0.578",0.388
AGE0000197,AGE_SEX,3d,Ray Lab Data - 3d_significant.csv,0d1be8bed10c0765b51202fa8b63dcf8c60d2e5da9746c3eea0bfa810b8d4b95,198,FBgn0019660;A3SS:chrX:11579124-11579349:11579124-11579386:+,FBgn0019660;A3:X:11579124-11579349:11579124-11579386:+,A3SS,chrX,+,11579124-11579349:11579124-11579386,No,-0.183,0.003400416502,0.06452072337,3d_male_vs_female,3d,A3SS,No,Higher inclusion in female,185,FBgn0019660,lncRNA:roX2,chrX,+,11579348,11579399,11579385,11579399,11579064,11579124,185,"129,632,1582","75,125,225","1,1,8","0,0,2",156,119,0.003400416502,0.06452072337,"0.567,0.794,0.843","1.0,1.0,0.753",-0.183
AGE0000198,AGE_SEX,3d,Ray Lab Data - 3d_significant.csv,0d1be8bed10c0765b51202fa8b63dcf8c60d2e5da9746c3eea0bfa810b8d4b95,199,FBgn0264607;A3SS:chr4:1037590-1037646:1037569-1037646:-,FBgn0264607;A3:4:1037590-1037646:1037569-1037646:-,A3SS,chr4,-,1037590-1037646:1037569-1037646,No,0.034,0.003595110661,0.06650954723,3d_male_vs_female,3d,A3SS,No,Higher inclusion in male,2210,FBgn0264607,CaMKII,chr4,-,1037475,1037590,1037475,1037569,1037645,1037740,2210,"36,40,58","1,2,0","27,79,67","0,7,6",140,119,0.003595110661,0.06650954723,"0.968,0.944,1.0","1.0,0.906,0.905",0.034
AGE0000199,AGE_SEX,3d,Ray Lab Data - 3d_significant.csv,0d1be8bed10c0765b51202fa8b63dcf8c60d2e5da9746c3eea0bfa810b8d4b95,200,FBgn0010348;A3SS:chr3L:22870150-22871924:22870065-22871924:-,FBgn0010348;A3:3L:22870150-22871924:22870065-22871924:-,A3SS,chr3L,-,22870150-22871924:22870065-22871924,No,0.085,0.003771795017,0.06807630031,3d_male_vs_female,3d,A3SS,No,Higher inclusion in male,1647,FBgn0010348,Arf1,chr3L,-,22869841,22870150,22869841,22870065,22871923,22872052,1647,"8,6,18","0,0,1","11,11,23","0,0,7",204,119,0.003771795017,0.06807630031,"1.0,1.0,0.913","1.0,1.0,0.657",0.085
AGE0000200,AGE_SEX,3d,Ray Lab Data - 3d_significant.csv,0d1be8bed10c0765b51202fa8b63dcf8c60d2e5da9746c3eea0bfa810b8d4b95,201,FBgn0016126;A3SS:chr4:446486-446631:446486-446821:+,FBgn0016126;A3:4:446486-446631:446486-446821:+,A3SS,chr4,+,446486-446631:446486-446821,No,0.164,0.004185432864,0.07202837952,3d_male_vs_female,3d,A3SS,No,Higher inclusion in male,2044,FBgn0016126,CaMKI,chr4,+,446630,447035,446820,447035,446092,446486,2044,"21,32,23","0,0,0","21,25,42","2,4,0",309,119,0.004185432864,0.07202837952,"1.0,1.0,1.0","0.802,0.706,1.0",0.164
AGE0000201,AGE_SEX,3d,Ray Lab Data - 3d_significant.csv,0d1be8bed10c0765b51202fa8b63dcf8c60d2e5da9746c3eea0bfa810b8d4b95,202,FBgn0259168;A3SS:chrX:17868369-17868982:17868166-17868982:-,FBgn0259168;A3:X:17868369-17868982:17868166-17868982:-,A3SS,chrX,-,17868369-17868982:17868166-17868982,No,-0.066,0.004107643937,0.07202837952,3d_male_vs_female,3d,A3SS,No,Higher inclusion in female,2375,FBgn0259168,mnb,chrX,-,17867567,17868369,17867567,17868166,17868981,17869816,2375,"2,0,3","9,20,9","2,4,12","9,9,22",322,119,0.004107643937,0.07202837952,"0.076,0.0,0.11","0.076,0.141,0.168",-0.066
AGE0000202,AGE_SEX,3d,Ray Lab Data - 3d_significant.csv,0d1be8bed10c0765b51202fa8b63dcf8c60d2e5da9746c3eea0bfa810b8d4b95,203,FBgn0261793;A3SS:chrX:8409364-8410277:8409364-8410282:+,FBgn0261793;A3:X:8409364-8410277:8409364-8410282:+,A3SS,chrX,+,8409364-8410277:8409364-8410282,No,0.094,0.004537241976,0.07464860288,3d_male_vs_female,3d,A3SS,No,Higher inclusion in male,1793,FBgn0261793,Trf2,chrX,+,8410276,8410689,8410281,8410689,8409271,8409364,1793,"13,14,25","2,0,2","17,22,46","2,2,19",124,119,0.004537241976,0.07464860288,"0.862,1.0,0.923","0.891,0.913,0.699",0.094
AGE0000203,AGE_SEX,3d,Ray Lab Data - 3d_significant.csv,0d1be8bed10c0765b51202fa8b63dcf8c60d2e5da9746c3eea0bfa810b8d4b95,204,FBgn0031738;A3SS:chr2L:5799411-5800044:5799277-5800044:-,FBgn0031738;A3:2L:5799411-5800044:5799277-5800044:-,A3SS,chr2L,-,5799411-5800044:5799277-5800044,No,0.052,0.004584922391,0.07464860288,3d_male_vs_female,3d,A3SS,No,Higher inclusion in male,992,FBgn0031738,CG9171,chr2L,-,5799117,5799411,5799117,5799277,5800043,5800173,992,"15,50,51","0,0,0","25,37,132","0,1,7",253,119,0.004584922391,0.07464860288,"1.0,1.0,1.0","1.0,0.946,0.899",0.052
AGE0000204,AGE_SEX,3d,Ray Lab Data - 3d_significant.csv,0d1be8bed10c0765b51202fa8b63dcf8c60d2e5da9746c3eea0bfa810b8d4b95,205,FBgn0263995;A3SS:chr3R:18007324-18008865:18007324-18008868:+,FBgn0263995;A3:3R:18007324-18008865:18007324-18008868:+,A3SS,chr3R,+,18007324-18008865:18007324-18008868,No,-0.029,0.004640318557,0.07464860288,3d_male_vs_female,3d,A3SS,No,Higher inclusion in female,1614,FBgn0263995,cpo,chr3R,+,18008864,18009009,18008867,18009009,18007261,18007324,1614,"4,4,11","0,0,8","2,11,2","1,0,0",122,119,0.004640318557,0.07464860288,"1.0,1.0,0.573","0.661,1.0,1.0",-0.029
AGE0000205,AGE_SEX,3d,Ray Lab Data - 3d_significant.csv,0d1be8bed10c0765b51202fa8b63dcf8c60d2e5da9746c3eea0bfa810b8d4b95,206,FBgn0031398;A3SS:chr2L:2215459-2215515:2215456-2215515:-,FBgn0031398;A3:2L:2215459-2215515:2215456-2215515:-,A3SS,chr2L,-,2215459-2215515:2215456-2215515,No,0.075,0.004870531727,0.07668496761,3d_male_vs_female,3d,A3SS,No,Higher inclusion in male,127,FBgn0031398,daed,chr2L,-,2214971,2215459,2214971,2215456,2215514,2216311,127,"10,39,29","2,3,1","30,47,56","4,10,14",122,119,0.004870531727,0.07668496761,"0.83,0.927,0.966","0.88,0.821,0.796",0.075
AGE0000206,AGE_SEX,3d,Ray Lab Data - 3d_significant.csv,0d1be8bed10c0765b51202fa8b63dcf8c60d2e5da9746c3eea0bfa810b8d4b95,207,FBgn0034897;A3SS:chr2R:23714118-23714666:23714118-23714681:+,FBgn0034897;A3:2R:23714118-23714666:23714118-23714681:+,A3SS,chr2R,+,23714118-23714666:23714118-23714681,No,-0.273,0.005173646278,0.07976038012,3d_male_vs_female,3d,A3SS,No,Higher inclusion in female,2294,FBgn0034897,Sesn,chr2R,+,23714665,23714899,23714680,23714899,23713899,23714118,2294,"6,3,2","1,3,1","6,15,6","1,1,0",134,119,0.005173646278,0.07976038012,"0.842,0.47,0.64","0.842,0.93,1.0",-0.273
AGE0000207,AGE_SEX,3d,Ray Lab Data - 3d_significant.csv,0d1be8bed10c0765b51202fa8b63dcf8c60d2e5da9746c3eea0bfa810b8d4b95,208,FBgn0003204;A3SS:chrX:10745489-10745678:10745489-10745772:+,FBgn0003204;A3:X:10745489-10745678:10745489-10745772:+,A3SS,chrX,+,10745489-10745678:10745489-10745772,No,0.088,0.005295672266,0.07997545871,3d_male_vs_female,3d,A3SS,No,Higher inclusion in male,1808,FBgn0003204,ras,chrX,+,10745677,10745983,10745771,10745983,10745433,10745489,1808,"4,7,14","0,0,0","6,8,30","0,0,6",213,119,0.005295672266,0.07997545871,"1.0,1.0,1.0","1.0,1.0,0.736",0.088
AGE0000208,AGE_SEX,3d,Ray Lab Data - 3d_significant.csv,0d1be8bed10c0765b51202fa8b63dcf8c60d2e5da9746c3eea0bfa810b8d4b95,209,FBgn0016081;A3SS:chr3L:9632173-9632233:9632170-9632233:-,FBgn0016081;A3:3L:9632173-9632233:9632170-9632233:-,A3SS,chr3L,-,9632173-9632233:9632170-9632233,No,-0.087,0.006133393757,0.09058678999,3d_male_vs_female,3d,A3SS,No,Higher inclusion in female,42,FBgn0016081,fry,chr3L,-,9631833,9632173,9631833,9632170,9632232,9632599,42,"1,1,0","14,2,10","3,1,3","11,12,5",122,119,0.006133393757,0.09058678999,"0.065,0.328,0.0","0.21,0.075,0.369",-0.087
AGE0000209,AGE_SEX,3d,Ray Lab Data - 3d_significant.csv,0d1be8bed10c0765b51202fa8b63dcf8c60d2e5da9746c3eea0bfa810b8d4b95,210,FBgn0260008;A3SS:chr3L:25120818-25120878:25120818-25120894:+,FBgn0260008;A3:3L:25120818-25120878:25120818-25120894:+,A3SS,chr3L,+,25120818-25120878:25120818-25120894,No,-0.012,0.006243143634,0.09058678999,3d_male_vs_female,3d,A3SS,No,Higher inclusion in female,2444,FBgn0260008,UQCR-11,chr3L,+,25120877,25120985,25120893,25120985,25120748,25120818,2444,"10,9,16","444,588,605","12,27,49","402,884,1057",135,119,0.006243143634,0.09058678999,"0.019,0.013,0.023","0.026,0.026,0.039",-0.012
AGE0000210,AGE_SEX,3d,Ray Lab Data - 3d_significant.csv,0d1be8bed10c0765b51202fa8b63dcf8c60d2e5da9746c3eea0bfa810b8d4b95,211,FBgn0051660;A3SS:chr2L:4853016-4854398:4853016-4854435:+,FBgn0051660;A3:2L:4853016-4854398:4853016-4854435:+,A3SS,chr2L,+,4853016-4854398:4853016-4854435,No,0.034,0.006466487538,0.09202309188,3d_male_vs_female,3d,A3SS,No,Higher inclusion in male,407,FBgn0051660,smog,chr2L,+,4854397,4854728,4854434,4854728,4852863,4853016,407,"5,25,44","0,0,0","3,31,91","0,0,8",156,119,0.006466487538,0.09202309188,"1.0,1.0,1.0","1.0,1.0,0.897",0.034
AGE0000211,AGE_SEX,3d,Ray Lab Data - 3d_significant.csv,0d1be8bed10c0765b51202fa8b63dcf8c60d2e5da9746c3eea0bfa810b8d4b95,212,FBgn0031673;A3SS:chr2L:5042890-5042961:5042887-5042961:-,FBgn0031673;A3:2L:5042890-5042961:5042887-5042961:-,A3SS,chr2L,-,5042890-5042961:5042887-5042961,No,0.103,0.00734617934,0.1025692964,3d_male_vs_female,3d,A3SS,No,Higher inclusion in male,1316,FBgn0031673,CG31650,chr2L,-,5042490,5042890,5042490,5042887,5042960,5043158,1316,"3,28,100","2,1,9","4,32,188","2,12,51",122,119,0.00734617934,0.1025692964,"0.594,0.965,0.916","0.661,0.722,0.782",0.103
AGE0000212,AGE_SEX,3d,Ray Lab Data - 3d_significant.csv,0d1be8bed10c0765b51202fa8b63dcf8c60d2e5da9746c3eea0bfa810b8d4b95,213,FBgn0038167;A3SS:chr3R:13679066-13679141:13679066-13679151:+,FBgn0038167;A3:3R:13679066-13679141:13679066-13679151:+,A3SS,chr3R,+,13679066-13679141:13679066-13679151,No,0.048,0.008157933012,0.1117938968,3d_male_vs_female,3d,A3SS,No,Higher inclusion in male,1274,FBgn0038167,Lkb1,chr3R,+,13679140,13679430,13679150,13679430,13678749,13679066,1274,"1,5,9","0,1,0","6,16,16","0,0,7",129,119,0.008157933012,0.1117938968,"1.0,0.822,1.0","1.0,1.0,0.678",0.048
AGE0000213,AGE_SEX,3d,Ray Lab Data - 3d_significant.csv,0d1be8bed10c0765b51202fa8b63dcf8c60d2e5da9746c3eea0bfa810b8d4b95,214,FBgn0028577;A3SS:chr3L:1501406-1501799:1501397-1501799:-,FBgn0028577;A3:3L:1501406-1501799:1501397-1501799:-,A3SS,chr3L,-,1501406-1501799:1501397-1501799,No,0.215,0.008594481821,0.1156348463,3d_male_vs_female,3d,A3SS,No,Higher inclusion in male,226,FBgn0028577,hfp,chr3L,-,1501345,1501406,1501345,1501397,1501798,1501892,226,"8,9,40","4,3,13","4,32,69","6,20,64",128,119,0.008594481821,0.1156348463,"0.65,0.736,0.741","0.383,0.598,0.501",0.215
AGE0000214,AGE_SEX,3d,Ray Lab Data - 3d_significant.csv,0d1be8bed10c0765b51202fa8b63dcf8c60d2e5da9746c3eea0bfa810b8d4b95,215,FBgn0038167;A3SS:chr3R:13679066-13679126:13679066-13679151:+,FBgn0038167;A3:3R:13679066-13679126:13679066-13679151:+,A3SS,chr3R,+,13679066-13679126:13679066-13679151,No,0.086,0.009272105723,0.1225242542,3d_male_vs_female,3d,A3SS,No,Higher inclusion in male,1273,FBgn0038167,Lkb1,chr3R,+,13679125,13679430,13679150,13679430,13678749,13679066,1273,"4,9,24","0,1,0","11,24,14","0,0,7",144,119,0.009272105723,0.1225242542,"1.0,0.881,1.0","1.0,1.0,0.623",0.086
AGE0000215,AGE_SEX,3d,Ray Lab Data - 3d_significant.csv,0d1be8bed10c0765b51202fa8b63dcf8c60d2e5da9746c3eea0bfa810b8d4b95,216,FBgn0264607;A3SS:chr4:1038437-1043468:1038434-1043468:-,FBgn0264607;A3:4:1038437-1043468:1038434-1043468:-,A3SS,chr4,-,1038437-1043468:1038434-1043468,No,-0.017,0.009502214638,0.1233620848,3d_male_vs_female,3d,A3SS,No,Higher inclusion in female,2212,FBgn0264607,CaMKII,chr4,-,1038358,1038437,1038358,1038434,1043467,1043524,2212,"3,3,10","0,1,5","2,4,17","1,1,0",122,119,0.009502214638,0.1233620848,"1.0,0.745,0.661","0.661,0.796,1.0",-0.017
AGE0000216,AGE_SEX,3d,Ray Lab Data - 3d_significant.csv,0d1be8bed10c0765b51202fa8b63dcf8c60d2e5da9746c3eea0bfa810b8d4b95,217,FBgn0031997;A3SS:chr2L:8200280-8200346:8200280-8200351:+,FBgn0031997;A3:2L:8200280-8200346:8200280-8200351:+,A3SS,chr2L,+,8200280-8200346:8200280-8200351,No,0.005,0.009749204844,0.1243864066,3d_male_vs_female,3d,A3SS,No,Higher inclusion in male,1373,FBgn0031997,PGAP5,chr2L,+,8200345,8200652,8200350,8200652,8200101,8200280,1373,"12,10,6","0,0,2","8,26,56","1,0,10",124,119,0.009749204844,0.1243864066,"1.0,1.0,0.742","0.885,1.0,0.843",0.005
AGE0000217,AGE_SEX,3d,Ray Lab Data - 3d_significant.csv,0d1be8bed10c0765b51202fa8b63dcf8c60d2e5da9746c3eea0bfa810b8d4b95,218,FBgn0000479;A3SS:chrX:3256317-3258611:3256317-3258614:+,FBgn0000479;A3:X:3256317-3258611:3256317-3258614:+,A3SS,chrX,+,3256317-3258611:3256317-3258614,No,0.082,0.01035678007,0.1298985975,3d_male_vs_female,3d,A3SS,No,Higher inclusion in male,1252,FBgn0000479,Pde4,chrX,+,3258610,3258878,3258613,3258878,3256286,3256317,1252,"9,40,67","0,3,2","15,66,212","3,7,18",122,119,0.01035678007,0.1298985975,"1.0,0.929,0.97","0.83,0.902,0.92",0.082
AGE0000218,AGE_SEX,3d,Ray Lab Data - 3d_significant.csv,0d1be8bed10c0765b51202fa8b63dcf8c60d2e5da9746c3eea0bfa810b8d4b95,219,FBgn0002781;A3SS:chr3R:21355557-21375060:21355089-21375060:-,FBgn0002781;A3:3R:21355557-21375060:21355089-21375060:-,A3SS,chr3R,-,21355557-21375060:21355089-21375060,No,-0.14,0.01108403476,0.1367030954,3d_male_vs_female,3d,A3SS,No,Higher inclusion in female,738,FBgn0002781,mod(mdg4),chr3R,-,21354973,21355557,21354973,21355089,21375059,21375912,738,"36,74,84","6,5,3","28,136,218","2,4,2",587,119,0.01108403476,0.1367030954,"0.549,0.75,0.85","0.739,0.873,0.957",-0.14
AGE0000219,AGE_SEX,3d,Ray Lab Data - 3d_significant.csv,0d1be8bed10c0765b51202fa8b63dcf8c60d2e5da9746c3eea0bfa810b8d4b95,220,FBgn0264975;A3SS:chrX:8518398-8531525:8518398-8531697:+,FBgn0264975;A3:X:8518398-8531525:8518398-8531697:+,A3SS,chrX,+,8518398-8531525:8518398-8531697,No,0.018,0.01165006136,0.1413286132,3d_male_vs_female,3d,A3SS,No,Higher inclusion in male,418,FBgn0264975,Nrg,chrX,+,8531524,8532019,8531696,8532019,8517508,8518398,418,"119,364,676","0,0,0","111,515,1199","0,6,13",291,119,0.01165006136,0.1413286132,"1.0,1.0,1.0","1.0,0.972,0.974",0.018
AGE0000220,AGE_SEX,3d,Ray Lab Data - 3d_significant.csv,0d1be8bed10c0765b51202fa8b63dcf8c60d2e5da9746c3eea0bfa810b8d4b95,221,FBgn0037705;A3SS:chr3R:9542924-9546798:9542009-9546798:-,FBgn0037705;A3:3R:9542924-9546798:9542009-9546798:-,A3SS,chr3R,-,9542924-9546798:9542009-9546798,No,-0.009,0.01385169692,0.1653267051,3d_male_vs_female,3d,A3SS,No,Higher inclusion in female,823,FBgn0037705,mura,chr3R,-,9541678,9542924,9541678,9542009,9546797,9547370,823,"13,48,65","1,0,0","14,87,133","0,6,0",1034,119,0.01385169692,0.1653267051,"0.599,1.0,1.0","1.0,0.625,1.0",-0.009
AGE0000221,AGE_SEX,3d,Ray Lab Data - 3d_significant.csv,0d1be8bed10c0765b51202fa8b63dcf8c60d2e5da9746c3eea0bfa810b8d4b95,222,FBgn0022361;A3SS:chr4:558168-560095:558168-560098:+,FBgn0022361;A3:4:558168-560095:558168-560098:+,A3SS,chr4,+,558168-560095:558168-560098,No,0.106,0.01538635275,0.1785932513,3d_male_vs_female,3d,A3SS,No,Higher inclusion in male,2107,FBgn0022361,Pur-alpha,chr4,+,560094,560300,560097,560300,558015,558168,2107,"4,10,16","0,1,0","6,21,22","2,0,4",122,119,0.01538635275,0.1785932513,"1.0,0.907,1.0","0.745,1.0,0.843",0.106
AGE0000222,AGE_SEX,3d,Ray Lab Data - 3d_significant.csv,0d1be8bed10c0765b51202fa8b63dcf8c60d2e5da9746c3eea0bfa810b8d4b95,223,FBgn0037299;A3SS:chr3R:5226978-5227324:5226978-5227373:+,FBgn0037299;A3:3R:5226978-5227324:5226978-5227373:+,A3SS,chr3R,+,5226978-5227324:5226978-5227373,No,0.012,0.01544590281,0.1785932513,3d_male_vs_female,3d,A3SS,No,Higher inclusion in male,1002,FBgn0037299,Vps37B,chr3R,+,5227323,5227526,5227372,5227526,5226157,5226978,1002,"85,256,429","4,6,17","118,313,619","1,17,49",168,119,0.01544590281,0.1785932513,"0.938,0.968,0.947","0.988,0.929,0.899",0.012
AGE0000223,AGE_SEX,3d,Ray Lab Data - 3d_significant.csv,0d1be8bed10c0765b51202fa8b63dcf8c60d2e5da9746c3eea0bfa810b8d4b95,224,FBgn0034180;A3SS:chr2R:17010194-17010263:17010173-17010263:-,FBgn0034180;A3:2R:17010194-17010263:17010173-17010263:-,A3SS,chr2R,-,17010194-17010263:17010173-17010263,No,-0.246,0.01655415856,0.1884627283,3d_male_vs_female,3d,A3SS,No,Higher inclusion in female,990,FBgn0034180,Ehbp1,chr2R,-,17010052,17010194,17010052,17010173,17010262,17010535,990,"0,0,0","3,4,5","10,0,0","3,13,8",140,119,0.01655415856,0.1884627283,"0.0,0.0,0.0","0.739,0.0,0.0",-0.246
AGE0000224,AGE_SEX,3d,Ray Lab Data - 3d_significant.csv,0d1be8bed10c0765b51202fa8b63dcf8c60d2e5da9746c3eea0bfa810b8d4b95,225,FBgn0259143;A3SS:chrX:12476268-12476319:12476268-12476337:+,FBgn0259143;A3:X:12476268-12476319:12476268-12476337:+,A3SS,chrX,+,12476268-12476319:12476268-12476337,No,0.038,0.01796101662,0.2013810955,3d_male_vs_female,3d,A3SS,No,Higher inclusion in male,2383,FBgn0259143,CG42258,chrX,+,12476318,12477497,12476336,12477497,12476152,12476268,2383,"0,0,8","19,34,54","0,0,0","23,45,84",137,119,0.01796101662,0.2013810955,"0.0,0.0,0.114","0.0,0.0,0.0",0.038
AGE0000225,AGE_SEX,3d,Ray Lab Data - 3d_significant.csv,0d1be8bed10c0765b51202fa8b63dcf8c60d2e5da9746c3eea0bfa810b8d4b95,226,FBgn0263993;A3SS:chrX:6872921-6876342:6872921-6877914:+,FBgn0263993;A3:X:6872921-6876342:6872921-6877914:+,A3SS,chrX,+,6872921-6876342:6872921-6877914,No,0.267,0.0189509585,0.208767807,3d_male_vs_female,3d,A3SS,No,Higher inclusion in male,360,FBgn0263993,CG43736,chrX,+,6876341,6878483,6877913,6878483,6872715,6872921,360,"14,1,17","0,0,0","2,8,14","0,0,4",1691,119,0.0189509585,0.208767807,"1.0,1.0,1.0","1.0,1.0,0.198",0.267
AGE0000226,AGE_SEX,3d,Ray Lab Data - 3d_significant.csv,0d1be8bed10c0765b51202fa8b63dcf8c60d2e5da9746c3eea0bfa810b8d4b95,227,FBgn0038975;A3SS:chr3R:22468615-22469482:22468615-22469920:+,FBgn0038975;A3:3R:22468615-22469482:22468615-22469920:+,A3SS,chr3R,+,22468615-22469482:22468615-22469920,No,0.025,0.01918406875,0.208767807,3d_male_vs_female,3d,A3SS,No,Higher inclusion in male,1644,FBgn0038975,Nrx-1,chr3R,+,22469481,22471390,22469919,22471390,22468511,22468615,1644,"232,242,469","0,0,2","218,542,991","2,1,10",557,119,0.01918406875,0.208767807,"1.0,1.0,0.98","0.959,0.991,0.955",0.025
AGE0000227,AGE_SEX,3d,Ray Lab Data - 3d_significant.csv,0d1be8bed10c0765b51202fa8b63dcf8c60d2e5da9746c3eea0bfa810b8d4b95,228,FBgn0022764;A3SS:chr2R:12581951-12582289:12581939-12582289:-,FBgn0022764;A3:2R:12581951-12582289:12581939-12582289:-,A3SS,chr2R,-,12581951-12582289:12581939-12582289,No,0.042,0.0203324886,0.217075342,3d_male_vs_female,3d,A3SS,No,Higher inclusion in male,920,FBgn0022764,Sin3A,chr2R,-,12581638,12581951,12581638,12581939,12582288,12583829,920,"6,0,0","14,3,17","0,1,0","12,5,28",131,119,0.0203324886,0.217075342,"0.28,0.0,0.0","0.0,0.154,0.0",0.042
AGE0000228,AGE_SEX,3d,Ray Lab Data - 3d_significant.csv,0d1be8bed10c0765b51202fa8b63dcf8c60d2e5da9746c3eea0bfa810b8d4b95,229,FBgn0019660;A3SS:chrX:11579124-11579352:11579124-11579512:+,FBgn0019660;A3:X:11579124-11579352:11579124-11579512:+,A3SS,chrX,+,11579124-11579352:11579124-11579512,No,-0.033,0.02053415397,0.217075342,3d_male_vs_female,3d,A3SS,No,Higher inclusion in female,186,FBgn0019660,lncRNA:roX2,chrX,+,11579351,11579528,11579511,11579528,11579064,11579124,186,"269,1084,2707","6,12,28","3,2,15","0,0,0",279,119,0.02053415397,0.217075342,"0.95,0.975,0.976","1.0,1.0,1.0",-0.033
AGE0000229,AGE_SEX,3d,Ray Lab Data - 3d_significant.csv,0d1be8bed10c0765b51202fa8b63dcf8c60d2e5da9746c3eea0bfa810b8d4b95,230,FBgn0000108;A3SS:chrX:571000-571131:571000-571134:+,FBgn0000108;A3:X:571000-571131:571000-571134:+,A3SS,chrX,+,571000-571131:571000-571134,No,-0.155,0.02185369579,0.2215306149,3d_male_vs_female,3d,A3SS,No,Higher inclusion in female,602,FBgn0000108,Appl,chrX,+,571130,571352,571133,571352,570861,571000,602,"28,66,40","20,20,25","56,79,121","6,18,50",122,119,0.02185369579,0.2215306149,"0.577,0.763,0.609","0.901,0.811,0.702",-0.155
AGE0000230,AGE_SEX,3d,Ray Lab Data - 3d_significant.csv,0d1be8bed10c0765b51202fa8b63dcf8c60d2e5da9746c3eea0bfa810b8d4b95,231,FBgn0263219;A3SS:chr3L:8280688-8280744:8280688-8280760:+,FBgn0263219;A3:3L:8280688-8280744:8280688-8280760:+,A3SS,chr3L,+,8280688-8280744:8280688-8280760,No,0.12,0.02136849475,0.2215306149,3d_male_vs_female,3d,A3SS,No,Higher inclusion in male,442,FBgn0263219,Dscam4,chr3L,+,8280743,8281147,8280759,8281147,8280519,8280688,442,"1,1,0","13,0,4","8,2,0","6,9,4",135,119,0.02136849475,0.2215306149,"0.064,1.0,0.0","0.54,0.164,0.0",0.12
AGE0000231,AGE_SEX,3d,Ray Lab Data - 3d_significant.csv,0d1be8bed10c0765b51202fa8b63dcf8c60d2e5da9746c3eea0bfa810b8d4b95,232,FBgn0005536;A3SS:chr3L:16052174-16052755:16052174-16053005:+,FBgn0005536;A3:3L:16052174-16052755:16052174-16053005:+,A3SS,chr3L,+,16052174-16052755:16052174-16053005,No,0.01,0.02180384386,0.2215306149,3d_male_vs_female,3d,A3SS,No,Higher inclusion in male,79,FBgn0005536,Mbs,chr3L,+,16052754,16053560,16053004,16053560,16051958,16052174,79,"67,67,252","0,1,0","46,189,356","0,0,9",369,119,0.02180384386,0.2215306149,"1.0,0.956,1.0","1.0,1.0,0.927",0.01
AGE0000232,AGE_SEX,3d,Ray Lab Data - 3d_significant.csv,0d1be8bed10c0765b51202fa8b63dcf8c60d2e5da9746c3eea0bfa810b8d4b95,233,FBgn0260794;A3SS:chr3R:4795823-4796489:4795820-4796489:-,FBgn0260794;A3:3R:4795823-4796489:4795820-4796489:-,A3SS,chr3R,-,4795823-4796489:4795820-4796489,No,-0.365,0.02315828662,0.2315828662,3d_male_vs_female,3d,A3SS,No,Higher inclusion in female,2459,FBgn0260794,ctrip,chr3R,-,4795736,4795823,4795736,4795820,4796488,4797067,2459,"4,1,0","4,1,9","2,1,22","4,0,7",122,119,0.02315828662,0.2315828662,"0.494,0.494,0.0","0.328,1.0,0.754",-0.365
AGE0000233,AGE_SEX,3d,Ray Lab Data - 3d_significant.csv,0d1be8bed10c0765b51202fa8b63dcf8c60d2e5da9746c3eea0bfa810b8d4b95,234,FBgn0025574;A3SS:chr3R:23889191-23889694:23889119-23889694:-,FBgn0025574;A3:3R:23889191-23889694:23889119-23889694:-,A3SS,chr3R,-,23889191-23889694:23889119-23889694,No,0.205,0.02643140872,0.2607898994,3d_male_vs_female,3d,A3SS,No,Higher inclusion in male,625,FBgn0025574,Pli,chr3R,-,23889056,23889191,23889056,23889119,23889693,23890052,625,"1,4,15","0,0,0","2,5,5","0,0,5",191,119,0.02643140872,0.2607898994,"1.0,1.0,1.0","1.0,1.0,0.384",0.205
AGE0000234,AGE_SEX,3d,Ray Lab Data - 3d_significant.csv,0d1be8bed10c0765b51202fa8b63dcf8c60d2e5da9746c3eea0bfa810b8d4b95,235,FBgn0085410;A3SS:chr2L:5856318-5856383:5856318-5856404:+,FBgn0085410;A3:2L:5856318-5856383:5856318-5856404:+,A3SS,chr2L,+,5856318-5856383:5856318-5856404,No,0.021,0.02821259762,0.2747016084,3d_male_vs_female,3d,A3SS,No,Higher inclusion in male,2362,FBgn0085410,TrissinR,chr2L,+,5856382,5856767,5856403,5856767,5856098,5856318,2362,"0,0,1","5,2,1","1,2,1","6,8,8",140,119,0.02821259762,0.2747016084,"0.0,0.0,0.459","0.124,0.175,0.096",0.021
AGE0000235,AGE_SEX,3d,Ray Lab Data - 3d_significant.csv,0d1be8bed10c0765b51202fa8b63dcf8c60d2e5da9746c3eea0bfa810b8d4b95,236,FBgn0038143;A3SS:chr3R:13378318-13378402:13378285-13378402:-,FBgn0038143;A3:3R:13378318-13378402:13378285-13378402:-,A3SS,chr3R,-,13378318-13378402:13378285-13378402,No,0.295,0.02965734441,0.2807171505,3d_male_vs_female,3d,A3SS,No,Higher inclusion in male,1159,FBgn0038143,CG9813,chr3R,-,13377889,13378318,13377889,13378285,13378401,13378784,1159,"6,19,37","1,11,31","11,1,46","6,29,58",152,119,0.02965734441,0.2807171505,"0.824,0.575,0.483","0.589,0.026,0.383",0.295
AGE0000236,AGE_SEX,3d,Ray Lab Data - 3d_significant.csv,0d1be8bed10c0765b51202fa8b63dcf8c60d2e5da9746c3eea0bfa810b8d4b95,237,FBgn0262737;A3SS:chr3L:21915009-21915102:21915009-21915114:+,FBgn0262737;A3:3L:21915009-21915102:21915009-21915114:+,A3SS,chr3L,+,21915009-21915102:21915009-21915114,No,0.219,0.0296254518,0.2807171505,3d_male_vs_female,3d,A3SS,No,Higher inclusion in male,472,FBgn0262737,mub,chr3L,+,21915101,21915195,21915113,21915195,21914892,21915009,472,"6,8,6","4,1,1","6,12,12","2,9,19",131,119,0.0296254518,0.2807171505,"0.577,0.879,0.845","0.732,0.548,0.365",0.219
AGE0000237,AGE_SEX,3d,Ray Lab Data - 3d_significant.csv,0d1be8bed10c0765b51202fa8b63dcf8c60d2e5da9746c3eea0bfa810b8d4b95,238,FBgn0051140;A3SS:chr3R:23963211-23965800:23963211-23965805:+,FBgn0051140;A3:3R:23963211-23965800:23963211-23965805:+,A3SS,chr3R,+,23963211-23965800:23963211-23965805,No,-0.164,0.03033198977,0.2807171505,3d_male_vs_female,3d,A3SS,No,Higher inclusion in female,1141,FBgn0051140,CG31140,chr3R,+,23965799,23966702,23965804,23966702,23963179,23963211,1141,"4,9,15","1,7,4","11,19,49","1,5,4",124,119,0.03033198977,0.2807171505,"0.793,0.552,0.783","0.913,0.785,0.922",-0.164
AGE0000238,AGE_SEX,3d,Ray Lab Data - 3d_significant.csv,0d1be8bed10c0765b51202fa8b63dcf8c60d2e5da9746c3eea0bfa810b8d4b95,239,FBgn0016694;A3SS:chr3L:7816725-7817437:7816611-7817437:-,FBgn0016694;A3:3L:7816725-7817437:7816611-7817437:-,A3SS,chr3L,-,7816725-7817437:7816611-7817437,No,0.089,0.03072714756,0.2807171505,3d_male_vs_female,3d,A3SS,No,Higher inclusion in male,2498,FBgn0016694,Pdp1,chr3L,-,7816483,7816725,7816483,7816611,7817436,7817662,2498,"39,11,12","2,1,0","22,55,48","7,4,0",233,119,0.03072714756,0.2807171505,"0.909,0.849,1.0","0.616,0.875,1.0",0.089
AGE0000239,AGE_SEX,3d,Ray Lab Data - 3d_significant.csv,0d1be8bed10c0765b51202fa8b63dcf8c60d2e5da9746c3eea0bfa810b8d4b95,240,FBgn0264607;A3SS:chr4:1038458-1043468:1038434-1043468:-,FBgn0264607;A3:4:1038458-1043468:1038434-1043468:-,A3SS,chr4,-,1038458-1043468:1038434-1043468,No,0.021,0.03071993534,0.2807171505,3d_male_vs_female,3d,A3SS,No,Higher inclusion in male,2213,FBgn0264607,CaMKII,chr4,-,1038358,1038458,1038358,1038434,1043467,1043524,2213,"6,21,34","0,1,5","4,33,34","1,1,0",143,119,0.03071993534,0.2807171505,"1.0,0.946,0.85","0.769,0.965,1.0",0.021
AGE0000240,AGE_SEX,3d,Ray Lab Data - 3d_significant.csv,0d1be8bed10c0765b51202fa8b63dcf8c60d2e5da9746c3eea0bfa810b8d4b95,241,FBgn0264606;A3SS:chr3L:2689938-2697696:2689932-2697696:-,FBgn0264606;A3:3L:2689938-2697696:2689932-2697696:-,A3SS,chr3L,-,2689938-2697696:2689932-2697696,No,0.044,0.03253647729,0.2900842554,3d_male_vs_female,3d,A3SS,No,Higher inclusion in male,337,FBgn0264606,Fife,chr3L,-,2689488,2689938,2689488,2689932,2697695,2697926,337,"291,403,390","50,99,53","405,551,976","118,132,202",125,119,0.03253647729,0.2900842554,"0.847,0.795,0.875","0.766,0.799,0.821",0.044
AGE0000241,AGE_SEX,3d,Ray Lab Data - 3d_significant.csv,0d1be8bed10c0765b51202fa8b63dcf8c60d2e5da9746c3eea0bfa810b8d4b95,242,FBgn0001105;A3SS:chrX:15860250-15860989:15860250-15861140:+,FBgn0001105;A3:X:15860250-15860989:15860250-15861140:+,A3SS,chrX,+,15860250-15860989:15860250-15861140,No,0.012,0.03234338743,0.2900842554,3d_male_vs_female,3d,A3SS,No,Higher inclusion in male,143,FBgn0001105,Gbeta13F,chrX,+,15860988,15861492,15861139,15861492,15860114,15860250,143,"77,509,1091","2,4,11","98,852,2154","3,11,40",270,119,0.03234338743,0.2900842554,"0.944,0.982,0.978","0.935,0.972,0.96",0.012
AGE0000242,AGE_SEX,3d,Ray Lab Data - 3d_significant.csv,0d1be8bed10c0765b51202fa8b63dcf8c60d2e5da9746c3eea0bfa810b8d4b95,243,FBgn0034002;A3SS:chr2R:15221817-15221899:15221817-15222044:+,FBgn0034002;A3:2R:15221817-15221899:15221817-15222044:+,A3SS,chr2R,+,15221817-15221899:15221817-15222044,No,0.011,0.03527673217,0.310771212,3d_male_vs_female,3d,A3SS,No,Higher inclusion in male,1883,FBgn0034002,CG8079,chr2R,+,15221898,15222425,15222043,15222425,15221727,15221817,1883,"32,71,173","1,0,5","34,91,260","0,1,18",264,119,0.03527673217,0.310771212,"0.935,1.0,0.94","1.0,0.976,0.867",0.011
AGE0000243,AGE_SEX,3d,Ray Lab Data - 3d_significant.csv,0d1be8bed10c0765b51202fa8b63dcf8c60d2e5da9746c3eea0bfa810b8d4b95,244,FBgn0030706;A3SS:chrX:15919686-15919741:15919686-15919744:+,FBgn0030706;A3:X:15919686-15919741:15919686-15919744:+,A3SS,chrX,+,15919686-15919741:15919686-15919744,No,-0.117,0.03586618909,0.3122468226,3d_male_vs_female,3d,A3SS,No,Higher inclusion in female,142,FBgn0030706,Lrp4,chrX,+,15919740,15920570,15919743,15920570,15919528,15919686,142,"23,4,8","69,67,56","13,11,58","85,36,80",122,119,0.03586618909,0.3122468226,"0.245,0.055,0.122","0.13,0.23,0.414",-0.117
AGE0000244,AGE_SEX,3d,Ray Lab Data - 3d_significant.csv,0d1be8bed10c0765b51202fa8b63dcf8c60d2e5da9746c3eea0bfa810b8d4b95,245,FBgn0039081;A3SS:chr3R:23514326-23514377:23514323-23514377:-,FBgn0039081;A3:3R:23514326-23514377:23514323-23514377:-,A3SS,chr3R,-,23514326-23514377:23514323-23514377,No,0.037,0.03783935661,0.3238897937,3d_male_vs_female,3d,A3SS,No,Higher inclusion in male,750,FBgn0039081,Irk2,chr3R,-,23514208,23514326,23514208,23514323,23514376,23515159,750,"4,7,0","89,40,23","0,2,2","48,50,47",122,119,0.03783935661,0.3238897937,"0.042,0.146,0.0","0.0,0.038,0.04",0.037
AGE0000245,AGE_SEX,3d,Ray Lab Data - 3d_significant.csv,0d1be8bed10c0765b51202fa8b63dcf8c60d2e5da9746c3eea0bfa810b8d4b95,246,FBgn0053170;A3SS:chr3L:22866034-22867116:22866034-22867400:+,FBgn0053170;A3:3L:22866034-22867116:22866034-22867400:+,A3SS,chr3L,+,22866034-22867116:22866034-22867400,No,0.006,0.03807893521,0.3238897937,3d_male_vs_female,3d,A3SS,No,Higher inclusion in male,1743,FBgn0053170,CG33170,chr3L,+,22867115,22867535,22867399,22867535,22865877,22866034,1743,"531,1492,2314","0,8,9","552,2326,3912","1,9,36",403,119,0.03807893521,0.3238897937,"1.0,0.982,0.987","0.994,0.987,0.97",0.006
AGE0000246,AGE_SEX,3d,Ray Lab Data - 3d_significant.csv,0d1be8bed10c0765b51202fa8b63dcf8c60d2e5da9746c3eea0bfa810b8d4b95,247,FBgn0016694;A3SS:chr3L:7816740-7817437:7816611-7817437:-,FBgn0016694;A3:3L:7816740-7817437:7816611-7817437:-,A3SS,chr3L,-,7816740-7817437:7816611-7817437,No,0.113,0.04052433917,0.3381889919,3d_male_vs_female,3d,A3SS,No,Higher inclusion in male,2499,FBgn0016694,Pdp1,chr3L,-,7816483,7816740,7816483,7816611,7817436,7817662,2499,"26,10,7","2,1,0","16,40,28","7,4,0",248,119,0.04052433917,0.3381889919,"0.862,0.828,1.0","0.523,0.828,1.0",0.113
AGE0000247,AGE_SEX,3d,Ray Lab Data - 3d_significant.csv,0d1be8bed10c0765b51202fa8b63dcf8c60d2e5da9746c3eea0bfa810b8d4b95,248,FBgn0260938;A3SS:chrX:15883367-15883433:15883364-15883433:-,FBgn0260938;A3:X:15883367-15883433:15883364-15883433:-,A3SS,chrX,-,15883367-15883433:15883364-15883433,No,0.068,0.04067408146,0.3381889919,3d_male_vs_female,3d,A3SS,No,Higher inclusion in male,2470,FBgn0260938,tay,chrX,-,15883193,15883367,15883193,15883364,15883432,15884374,2470,"3,7,11","0,0,2","7,26,33","2,0,5",122,119,0.04067408146,0.3381889919,"1.0,1.0,0.843","0.773,1.0,0.866",0.068
AGE0000248,AGE_SEX,3d,Ray Lab Data - 3d_significant.csv,0d1be8bed10c0765b51202fa8b63dcf8c60d2e5da9746c3eea0bfa810b8d4b95,249,FBgn0029854;A3SS:chrX:6275390-6276228:6275170-6276228:-,FBgn0029854;A3:X:6275390-6276228:6275170-6276228:-,A3SS,chrX,-,6275390-6276228:6275170-6276228,No,0.008,0.04193826249,0.3448257138,3d_male_vs_female,3d,A3SS,No,Higher inclusion in male,2288,FBgn0029854,CG3566,chrX,-,6274971,6275390,6274971,6275170,6276227,6276296,2288,"25,101,182","362,1026,1746","8,123,187","322,1273,2582",339,119,0.04193826249,0.3448257138,"0.024,0.033,0.035","0.009,0.033,0.025",0.008
AGE0000249,AGE_SEX,3d,Ray Lab Data - 3d_significant.csv,0d1be8bed10c0765b51202fa8b63dcf8c60d2e5da9746c3eea0bfa810b8d4b95,250,FBgn0086683;A3SS:chr2L:23068144-23068200:23068101-23068200:-,FBgn0086683;A3:2L:23068144-23068200:23068101-23068200:-,A3SS,chr2L,-,23068144-23068200:23068101-23068200,No,-0.087,0.0426435531,0.3467717505,3d_male_vs_female,3d,A3SS,No,Higher inclusion in female,1181,FBgn0086683,Spf45,chr2L,-,23067144,23068144,23067144,23068101,23068199,23068386,1181,"24,52,106","2,10,19","39,80,267","0,8,28",162,119,0.0426435531,0.3467717505,"0.898,0.793,0.804","1.0,0.88,0.875",-0.087
AGE0000250,AGE_SEX,3d,Ray Lab Data - 3d_significant.csv,0d1be8bed10c0765b51202fa8b63dcf8c60d2e5da9746c3eea0bfa810b8d4b95,251,FBgn0000055;A3SS:chr2L:14615643-14616129:14615643-14616303:+,FBgn0000055;A3:2L:14615643-14616129:14615643-14616303:+,A3SS,chr2L,+,14615643-14616129:14615643-14616303,No,-0.438,0.04588381432,0.3659576353,3d_male_vs_female,3d,A3SS,No,Higher inclusion in female,1357,FBgn0000055,Adh,chr2L,+,14616128,14616437,14616302,14616437,14615551,14615643,1357,"6,2,2","8,3,4","4,5,12","0,1,14",293,119,0.04588381432,0.3659576353,"0.233,0.213,0.169","1.0,0.67,0.258",-0.438
AGE0000251,AGE_SEX,3d,Ray Lab Data - 3d_significant.csv,0d1be8bed10c0765b51202fa8b63dcf8c60d2e5da9746c3eea0bfa810b8d4b95,252,FBgn0029895;A3SS:chrX:6699574-6699911:6699574-6700053:+,FBgn0029895;A3:X:6699574-6699911:6699574-6700053:+,A3SS,chrX,+,6699574-6699911:6699574-6700053,No,0.131,0.04599197308,0.3659576353,3d_male_vs_female,3d,A3SS,No,Higher inclusion in male,1540,FBgn0029895,CG14441,chrX,+,6699910,6700353,6700052,6700353,6699507,6699574,1540,"18,42,73","4,4,19","39,97,109","11,39,34",261,119,0.04599197308,0.3659576353,"0.672,0.827,0.637","0.618,0.531,0.594",0.131
AGE0000252,AGE_SEX,3d,Ray Lab Data - 3d_significant.csv,0d1be8bed10c0765b51202fa8b63dcf8c60d2e5da9746c3eea0bfa810b8d4b95,253,FBgn0026056;A3SS:chr3R:21018074-21018130:21018074-21018133:+,FBgn0026056;A3:3R:21018074-21018130:21018074-21018133:+,A3SS,chr3R,+,21018074-21018130:21018074-21018133,No,0.011,0.04723452701,0.3718462764,3d_male_vs_female,3d,A3SS,No,Higher inclusion in male,1342,FBgn0026056,Rlip,chr3R,+,21018129,21019014,21018132,21019014,21017941,21018074,1342,"133,364,545","3,11,21","153,605,1114","5,15,77",122,119,0.04723452701,0.3718462764,"0.977,0.97,0.962","0.968,0.975,0.934",0.011
AGE0000253,AGE_SEX,3d,Ray Lab Data - 3d_significant.csv,0d1be8bed10c0765b51202fa8b63dcf8c60d2e5da9746c3eea0bfa810b8d4b95,254,FBgn0035110;A3SS:chr3L:212559-212618:212556-212618:-,FBgn0035110;A3:3L:212559-212618:212556-212618:-,A3SS,chr3L,-,212559-212618:212556-212618,No,-0.24,0.04861998813,0.3787241181,3d_male_vs_female,3d,A3SS,No,Higher inclusion in female,384,FBgn0035110,thoc7,chr3L,-,212444,212559,212444,212556,212617,212687,384,"3,3,2","0,0,5","1,4,4","0,0,0",122,119,0.04861998813,0.3787241181,"1.0,1.0,0.281","1.0,1.0,1.0",-0.24
AGE0000254,AGE_SEX,3d,Ray Lab Data - 3d_significant.csv,0d1be8bed10c0765b51202fa8b63dcf8c60d2e5da9746c3eea0bfa810b8d4b95,255,FBgn0263144;A3SS:chr2R:6221276-6233256:6221276-6233266:+,FBgn0263144;A3:2R:6221276-6233256:6221276-6233266:+,A3SS,chr2R,+,6221276-6233256:6221276-6233266,No,0,0.04971640405,0.3832306145,3d_male_vs_female,3d,A3SS,No,No difference,1849,FBgn0263144,bin3,chr2R,+,6233255,6234307,6233265,6234307,6221039,6221276,1849,"0,2,1","12,24,13","0,0,14","10,38,81",129,119,0.04971640405,0.3832306145,"0.0,0.071,0.066","0.0,0.0,0.138",0
AGE0000255,AGE_SEX,3d,Ray Lab Data - 3d_significant.csv,0d1be8bed10c0765b51202fa8b63dcf8c60d2e5da9746c3eea0bfa810b8d4b95,256,FBgn0086675;A5SS:chrX:12918013-12918577:12917814-12918577:+,FBgn0086675;A5:X:12918013-12918577:12917814-12918577:+,A5SS,chrX,+,12918013-12918577:12917814-12918577,Yes,-0.613,0,0,3d_male_vs_female,3d,A5SS,Yes,Higher inclusion in female,1632,FBgn0086675,fne,chrX,+,12917476,12918013,12917476,12917814,12918576,12919709,1632,"11,67,19","13,127,192","59,255,392","11,9,63",318,119,0,0,"0.24,0.165,0.036","0.667,0.914,0.7",-0.613
AGE0000256,AGE_SEX,3d,Ray Lab Data - 3d_significant.csv,0d1be8bed10c0765b51202fa8b63dcf8c60d2e5da9746c3eea0bfa810b8d4b95,257,FBgn0003345;A5SS:chrX:15805177-15805558:15804913-15805558:+,FBgn0003345;A5:X:15805177-15805558:15804913-15805558:+,A5SS,chrX,+,15805177-15805558:15804913-15805558,Yes,0.12,0,0,3d_male_vs_female,3d,A5SS,Yes,Higher inclusion in male,1206,FBgn0003345,sd,chrX,+,15804369,15805177,15804369,15804913,15805557,15806321,1206,"146,653,1284","0,0,0","148,683,1771","5,43,57",383,119,0,0,"1.0,1.0,1.0","0.902,0.832,0.906",0.12
AGE0000257,AGE_SEX,3d,Ray Lab Data - 3d_significant.csv,0d1be8bed10c0765b51202fa8b63dcf8c60d2e5da9746c3eea0bfa810b8d4b95,258,FBgn0261260;A5SS:chrX:9473266-9499874:9473266-9499886:-,FBgn0261260;A5:X:9473266-9499874:9473266-9499886:-,A5SS,chrX,-,9473266-9499874:9473266-9499886,Yes,-0.384,0.000000007628426113,0.000001830822267,3d_male_vs_female,3d,A5SS,Yes,Higher inclusion in female,2586,FBgn0261260,mgl,chrX,-,9499873,9500129,9499885,9500129,9471998,9473266,2586,"8,12,50","22,19,73","12,34,71","4,12,28",131,119,0.000000007628426113,0.000001830822267,"0.248,0.365,0.384","0.732,0.72,0.697",-0.384
AGE0000258,AGE_SEX,3d,Ray Lab Data - 3d_significant.csv,0d1be8bed10c0765b51202fa8b63dcf8c60d2e5da9746c3eea0bfa810b8d4b95,259,FBgn0037094;A5SS:chr3L:21523400-21524722:21523298-21524722:+,FBgn0037094;A5:3L:21523400-21524722:21523298-21524722:+,A5SS,chr3L,+,21523400-21524722:21523298-21524722,Yes,0.627,0.00000004033268974,0.000007743876431,3d_male_vs_female,3d,A5SS,Yes,Higher inclusion in male,1543,FBgn0037094,CG7611,chr3L,+,21523185,21523400,21523185,21523298,21524721,21525716,1543,"8,2,7","0,0,0","2,0,1","0,4,4",221,119,0.00000004033268974,0.000007743876431,"1.0,1.0,1.0","1.0,0.0,0.119",0.627
AGE0000259,AGE_SEX,3d,Ray Lab Data - 3d_significant.csv,0d1be8bed10c0765b51202fa8b63dcf8c60d2e5da9746c3eea0bfa810b8d4b95,260,FBgn0039229;A5SS:chr3R:24820767-24821097:24818849-24821097:+,FBgn0039229;A5:3R:24820767-24821097:24818849-24821097:+,A5SS,chr3R,+,24820767-24821097:24818849-24821097,Yes,0.154,0.00000007307938688,0.0000116927019,3d_male_vs_female,3d,A5SS,Yes,Higher inclusion in male,2032,FBgn0039229,Saf-B,chr3R,+,24818802,24820767,24818802,24818849,24821096,24821246,2032,"346,323,489","0,0,0","389,533,939","0,8,19",2037,119,0.00000007307938688,0.0000116927019,"1.0,1.0,1.0","1.0,0.796,0.743",0.154
AGE0000260,AGE_SEX,3d,Ray Lab Data - 3d_significant.csv,0d1be8bed10c0765b51202fa8b63dcf8c60d2e5da9746c3eea0bfa810b8d4b95,261,FBgn0290203;A5SS:chr2L:10229955-10231283:10229955-10231539:-,FBgn0290203;A5:2L:10229955-10231283:10229955-10231539:-,A5SS,chr2L,-,10229955-10231283:10229955-10231539,Yes,0.169,0.0000001877852784,0.00002575340961,3d_male_vs_female,3d,A5SS,Yes,Higher inclusion in male,303,FBgn0290203,Su(var)2-1,chr2L,-,10231282,10231692,10231538,10231692,10229704,10229955,303,"38,91,129","0,0,1","44,119,151","4,4,13",375,119,0.0000001877852784,0.00002575340961,"1.0,1.0,0.976","0.777,0.904,0.787",0.169
AGE0000261,AGE_SEX,3d,Ray Lab Data - 3d_significant.csv,0d1be8bed10c0765b51202fa8b63dcf8c60d2e5da9746c3eea0bfa810b8d4b95,262,FBgn0037094;A5SS:chr3L:21523605-21524722:21523298-21524722:+,FBgn0037094;A5:3L:21523605-21524722:21523298-21524722:+,A5SS,chr3L,+,21523605-21524722:21523298-21524722,Yes,0.547,0.0000004358467741,0.00005230161289,3d_male_vs_female,3d,A5SS,Yes,Higher inclusion in male,1544,FBgn0037094,CG7611,chr3L,+,21523185,21523605,21523185,21523298,21524721,21525716,1544,"12,5,16","0,0,0","5,1,6","0,4,4",426,119,0.0000004358467741,0.00005230161289,"1.0,1.0,1.0","1.0,0.065,0.295",0.547
AGE0000262,AGE_SEX,3d,Ray Lab Data - 3d_significant.csv,0d1be8bed10c0765b51202fa8b63dcf8c60d2e5da9746c3eea0bfa810b8d4b95,263,FBgn0032666;A5SS:chr2L:18122920-18123349:18122588-18123349:+,FBgn0032666;A5:2L:18122920-18123349:18122588-18123349:+,A5SS,chr2L,+,18122920-18123349:18122588-18123349,Yes,-0.181,0.0000005877118119,0.00006268925993,3d_male_vs_female,3d,A5SS,Yes,Higher inclusion in female,533,FBgn0032666,CG5758,chr2L,+,18122527,18122920,18122527,18122588,18123348,18123908,533,"1,2,0","15,5,9","13,19,11","7,19,22",451,119,0.0000005877118119,0.00006268925993,"0.017,0.095,0.0","0.329,0.209,0.117",-0.181
AGE0000263,AGE_SEX,3d,Ray Lab Data - 3d_significant.csv,0d1be8bed10c0765b51202fa8b63dcf8c60d2e5da9746c3eea0bfa810b8d4b95,264,FBgn0037094;A5SS:chr3L:21523627-21524722:21523298-21524722:+,FBgn0037094;A5:3L:21523627-21524722:21523298-21524722:+,A5SS,chr3L,+,21523627-21524722:21523298-21524722,Yes,0.477,0.0000007023925184,0.00006742968176,3d_male_vs_female,3d,A5SS,Yes,Higher inclusion in male,1545,FBgn0037094,CG7611,chr3L,+,21523185,21523627,21523185,21523298,21524721,21525716,1545,"12,5,16","0,0,0","5,6,6","0,4,4",448,119,0.0000007023925184,0.00006742968176,"1.0,1.0,1.0","1.0,0.285,0.285",0.477
AGE0000264,AGE_SEX,3d,Ray Lab Data - 3d_significant.csv,0d1be8bed10c0765b51202fa8b63dcf8c60d2e5da9746c3eea0bfa810b8d4b95,265,FBgn0037094;A5SS:chr3L:21524067-21524722:21523298-21524722:+,FBgn0037094;A5:3L:21524067-21524722:21523298-21524722:+,A5SS,chr3L,+,21524067-21524722:21523298-21524722,Yes,0.327,0.000002974945889,0.0002596316412,3d_male_vs_female,3d,A5SS,Yes,Higher inclusion in male,1546,FBgn0037094,CG7611,chr3L,+,21523185,21524067,21523185,21523298,21524721,21525716,1546,"30,22,26","0,0,0","31,22,44","0,4,4",888,119,0.000002974945889,0.0002596316412,"1.0,1.0,1.0","1.0,0.424,0.596",0.327
AGE0000265,AGE_SEX,3d,Ray Lab Data - 3d_significant.csv,0d1be8bed10c0765b51202fa8b63dcf8c60d2e5da9746c3eea0bfa810b8d4b95,266,FBgn0014010;A5SS:chr2L:2361585-2364837:2361585-2364890:-,FBgn0014010;A5:2L:2361585-2364837:2361585-2364890:-,A5SS,chr2L,-,2361585-2364837:2361585-2364890,Yes,0.355,0.000006399894203,0.0004434315285,3d_male_vs_female,3d,A5SS,Yes,Higher inclusion in male,765,FBgn0014010,Rab5,chr2L,-,2364836,2364954,2364889,2364954,2361159,2361585,765,"2,3,7","0,0,0","3,6,6","1,1,5",172,119,0.000006399894203,0.0004434315285,"1.0,1.0,1.0","0.675,0.806,0.454",0.355
AGE0000266,AGE_SEX,3d,Ray Lab Data - 3d_significant.csv,0d1be8bed10c0765b51202fa8b63dcf8c60d2e5da9746c3eea0bfa810b8d4b95,267,FBgn0004373;A5SS:chr3L:314317-318991:314317-319747:-,FBgn0004373;A5:3L:314317-318991:314317-319747:-,A5SS,chr3L,-,314317-318991:314317-319747,Yes,0.128,0.00000561563433,0.0004434315285,3d_male_vs_female,3d,A5SS,Yes,Higher inclusion in male,664,FBgn0004373,fwd,chr3L,-,318990,319884,319746,319884,313023,314317,664,"89,98,118","0,0,0","111,209,222","0,6,8",875,119,0.00000561563433,0.0004434315285,"1.0,1.0,1.0","1.0,0.826,0.791",0.128
AGE0000267,AGE_SEX,3d,Ray Lab Data - 3d_significant.csv,0d1be8bed10c0765b51202fa8b63dcf8c60d2e5da9746c3eea0bfa810b8d4b95,268,FBgn0030478;A5SS:chrX:13371526-13373863:13371060-13373863:+,FBgn0030478;A5:X:13371526-13373863:13371060-13373863:+,A5SS,chrX,+,13371526-13373863:13371060-13373863,Yes,-0.548,0.000009385071813,0.000600644596,3d_male_vs_female,3d,A5SS,Yes,Higher inclusion in female,1354,FBgn0030478,Alat,chrX,+,13370994,13371526,13370994,13371060,13373862,13374103,1354,"7,1,14","4,2,0","6,17,5","0,0,0",585,119,0.000009385071813,0.000600644596,"0.263,0.092,1.0","1.0,1.0,1.0",-0.548
AGE0000268,AGE_SEX,3d,Ray Lab Data - 3d_significant.csv,0d1be8bed10c0765b51202fa8b63dcf8c60d2e5da9746c3eea0bfa810b8d4b95,269,FBgn0030478;A5SS:chrX:13371367-13373863:13371060-13373863:+,FBgn0030478;A5:X:13371367-13373863:13371060-13373863:+,A5SS,chrX,+,13371367-13373863:13371060-13373863,Yes,-0.527,0.0000118167483,0.0007090048983,3d_male_vs_female,3d,A5SS,Yes,Higher inclusion in female,1353,FBgn0030478,Alat,chrX,+,13370994,13371367,13370994,13371060,13373862,13374103,1353,"6,1,4","4,2,0","5,10,5","0,0,0",426,119,0.0000118167483,0.0007090048983,"0.295,0.123,1.0","1.0,1.0,1.0",-0.527
AGE0000269,AGE_SEX,3d,Ray Lab Data - 3d_significant.csv,0d1be8bed10c0765b51202fa8b63dcf8c60d2e5da9746c3eea0bfa810b8d4b95,270,FBgn0259170;A5SS:chrX:10324356-10325633:10324356-10325791:-,FBgn0259170;A5:X:10324356-10325633:10324356-10325791:-,A5SS,chrX,-,10324356-10325633:10324356-10325791,Yes,-0.389,0.00001702626483,0.0009614831906,3d_male_vs_female,3d,A5SS,Yes,Higher inclusion in female,2499,FBgn0259170,alpha-Man-Ia,chrX,-,10325632,10325958,10325790,10325958,10323565,10324356,2499,"2,3,14","0,4,7","2,11,16","0,0,1",277,119,0.00001702626483,0.0009614831906,"1.0,0.244,0.462","1.0,1.0,0.873",-0.389
AGE0000270,AGE_SEX,3d,Ray Lab Data - 3d_significant.csv,0d1be8bed10c0765b51202fa8b63dcf8c60d2e5da9746c3eea0bfa810b8d4b95,271,FBgn0259170;A5SS:chrX:10324356-10325676:10324356-10325791:-,FBgn0259170;A5:X:10324356-10325676:10324356-10325791:-,A5SS,chrX,-,10324356-10325676:10324356-10325791,Yes,-0.374,0.0000218010002,0.001101524221,3d_male_vs_female,3d,A5SS,Yes,Higher inclusion in female,2501,FBgn0259170,alpha-Man-Ia,chrX,-,10325675,10325958,10325790,10325958,10323565,10324356,2501,"4,3,14","0,4,7","4,9,18","0,0,1",234,119,0.0000218010002,0.001101524221,"1.0,0.276,0.504","1.0,1.0,0.902",-0.374
AGE0000271,AGE_SEX,3d,Ray Lab Data - 3d_significant.csv,0d1be8bed10c0765b51202fa8b63dcf8c60d2e5da9746c3eea0bfa810b8d4b95,272,FBgn0051224;A5SS:chr3R:18657185-18658526:18657185-18658760:-,FBgn0051224;A5:3R:18657185-18658526:18657185-18658760:-,A5SS,chr3R,-,18657185-18658526:18657185-18658760,Yes,0.153,0.00002129018559,0.001101524221,3d_male_vs_female,3d,A5SS,Yes,Higher inclusion in male,2289,FBgn0051224,CG31224,chr3R,-,18658525,18659309,18658759,18659309,18656164,18657185,2289,"19,6,41","0,0,0","20,42,48","0,5,4",353,119,0.00002129018559,0.001101524221,"1.0,1.0,1.0","1.0,0.739,0.802",0.153
AGE0000272,AGE_SEX,3d,Ray Lab Data - 3d_significant.csv,0d1be8bed10c0765b51202fa8b63dcf8c60d2e5da9746c3eea0bfa810b8d4b95,273,FBgn0010280;A5SS:chr3L:16114843-16115669:16114720-16115669:+,FBgn0010280;A5:3L:16114843-16115669:16114720-16115669:+,A5SS,chr3L,+,16114843-16115669:16114720-16115669,Yes,-0.288,0.00003423541915,0.001643300119,3d_male_vs_female,3d,A5SS,Yes,Higher inclusion in female,63,FBgn0010280,Taf4,chr3L,+,16114311,16114843,16114311,16114720,16115668,16115830,63,"4,7,17","0,7,2","7,6,23","0,0,0",242,119,0.00003423541915,0.001643300119,"1.0,0.33,0.807","1.0,1.0,1.0",-0.288
AGE0000273,AGE_SEX,3d,Ray Lab Data - 3d_significant.csv,0d1be8bed10c0765b51202fa8b63dcf8c60d2e5da9746c3eea0bfa810b8d4b95,274,FBgn0034002;A5SS:chr2R:15221823-15221899:15221817-15221899:+,FBgn0034002;A5:2R:15221823-15221899:15221817-15221899:+,A5SS,chr2R,+,15221823-15221899:15221817-15221899,Yes,-0.123,0.00003809809157,0.001741627043,3d_male_vs_female,3d,A5SS,Yes,Higher inclusion in female,1927,FBgn0034002,CG8079,chr2R,+,15221727,15221823,15221727,15221817,15221898,15222425,1927,"8,20,66","2,7,5","19,59,165","4,0,0",125,119,0.00003809809157,0.001741627043,"0.792,0.731,0.926","0.819,1.0,1.0",-0.123
AGE0000274,AGE_SEX,3d,Ray Lab Data - 3d_significant.csv,0d1be8bed10c0765b51202fa8b63dcf8c60d2e5da9746c3eea0bfa810b8d4b95,275,FBgn0259923;A5SS:chrX:16694371-16694614:16694371-16694618:-,FBgn0259923;A5:X:16694371-16694614:16694371-16694618:-,A5SS,chrX,-,16694371-16694614:16694371-16694618,Yes,0.518,0.00004486831817,0.001872764584,3d_male_vs_female,3d,A5SS,Yes,Higher inclusion in male,919,FBgn0259923,Septin4,chrX,-,16694613,16695144,16694617,16695144,16694042,16694371,919,"3,1,3","1,0,1","2,2,6","3,7,12",123,119,0.00004486831817,0.001872764584,"0.744,1.0,0.744","0.392,0.217,0.326",0.518
AGE0000275,AGE_SEX,3d,Ray Lab Data - 3d_significant.csv,0d1be8bed10c0765b51202fa8b63dcf8c60d2e5da9746c3eea0bfa810b8d4b95,276,FBgn0013799;A5SS:chr3L:19820010-19828317:19820001-19828317:+,FBgn0013799;A5:3L:19820010-19828317:19820001-19828317:+,A5SS,chr3L,+,19820010-19828317:19820001-19828317,Yes,0.321,0.00007215105036,0.002770600334,3d_male_vs_female,3d,A5SS,Yes,Higher inclusion in male,2298,FBgn0013799,Deaf1,chr3L,+,19819101,19820010,19819101,19820001,19828316,19828945,2298,"4,13,8","0,0,2","3,7,15","2,9,3",128,119,0.00007215105036,0.002770600334,"1.0,1.0,0.788","0.582,0.42,0.823",0.321
AGE0000276,AGE_SEX,3d,Ray Lab Data - 3d_significant.csv,0d1be8bed10c0765b51202fa8b63dcf8c60d2e5da9746c3eea0bfa810b8d4b95,277,FBgn0052767;A5SS:chrX:5082239-5082417:5082239-5082522:-,FBgn0052767;A5:X:5082239-5082417:5082239-5082522:-,A5SS,chrX,-,5082239-5082417:5082239-5082522,Yes,-0.39,0.0001233952436,0.004230694065,3d_male_vs_female,3d,A5SS,Yes,Higher inclusion in female,1123,FBgn0052767,CG32767,chrX,-,5082416,5083025,5082521,5083025,5081485,5082239,1123,"4,8,12","4,14,21","10,18,44","1,7,18",224,119,0.0001233952436,0.004230694065,"0.347,0.233,0.233","0.842,0.577,0.565",-0.39
AGE0000277,AGE_SEX,3d,Ray Lab Data - 3d_significant.csv,0d1be8bed10c0765b51202fa8b63dcf8c60d2e5da9746c3eea0bfa810b8d4b95,278,FBgn0026083;A5SS:chrX:4117281-4117964:4117236-4117964:+,FBgn0026083;A5:X:4117281-4117964:4117236-4117964:+,A5SS,chrX,+,4117281-4117964:4117236-4117964,Yes,0.199,0.0001209502059,0.004230694065,3d_male_vs_female,3d,A5SS,Yes,Higher inclusion in male,2436,FBgn0026083,tyf,chrX,+,4117019,4117281,4117019,4117236,4117963,4118279,2436,"5,3,7","0,0,0","5,17,26","1,4,3",164,119,0.0001209502059,0.004230694065,"1.0,1.0,1.0","0.784,0.755,0.863",0.199
AGE0000278,AGE_SEX,3d,Ray Lab Data - 3d_significant.csv,0d1be8bed10c0765b51202fa8b63dcf8c60d2e5da9746c3eea0bfa810b8d4b95,279,FBgn0287873;A5SS:chr2R:25010616-25011312:25010616-25011376:-,FBgn0287873;A5:2R:25010616-25011312:25010616-25011376:-,A5SS,chr2R,-,25010616-25011312:25010616-25011376,Yes,0.396,0.0001976745441,0.006121534269,3d_male_vs_female,3d,A5SS,Yes,Higher inclusion in male,220,FBgn0287873,zip,chr2R,-,25011311,25011463,25011375,25011463,25010379,25010616,220,"1,1,2","0,0,0","1,1,8","0,3,3",183,119,0.0001976745441,0.006121534269,"1.0,1.0,1.0","1.0,0.178,0.634",0.396
AGE0000279,AGE_SEX,3d,Ray Lab Data - 3d_significant.csv,0d1be8bed10c0765b51202fa8b63dcf8c60d2e5da9746c3eea0bfa810b8d4b95,280,FBgn0011760;A5SS:chrX:4688672-4691637:4688317-4691637:+,FBgn0011760;A5:X:4688672-4691637:4688317-4691637:+,A5SS,chrX,+,4688672-4691637:4688317-4691637,Yes,-0.113,0.0002276014243,0.00682804273,3d_male_vs_female,3d,A5SS,Yes,Higher inclusion in female,1030,FBgn0011760,ctp,chrX,+,4688202,4688672,4688202,4688317,4691636,4691844,1030,"217,555,1108","67,173,479","359,1319,3101","66,275,854",474,119,0.0002276014243,0.00682804273,"0.448,0.446,0.367","0.577,0.546,0.477",-0.113
AGE0000280,AGE_SEX,3d,Ray Lab Data - 3d_significant.csv,0d1be8bed10c0765b51202fa8b63dcf8c60d2e5da9746c3eea0bfa810b8d4b95,281,FBgn0051140;A5SS:chr3R:23963223-23965800:23963211-23965800:+,FBgn0051140;A5:3R:23963223-23965800:23963211-23965800:+,A5SS,chr3R,+,23963223-23965800:23963211-23965800,Yes,0.113,0.0002695408219,0.007841187545,3d_male_vs_female,3d,A5SS,Yes,Higher inclusion in male,1032,FBgn0051140,CG31140,chr3R,+,23963179,23963223,23963179,23963211,23965799,23966702,1032,"43,56,147","4,9,14","37,82,162","11,18,45",131,119,0.0002695408219,0.007841187545,"0.907,0.85,0.905","0.753,0.805,0.766",0.113
AGE0000281,AGE_SEX,3d,Ray Lab Data - 3d_significant.csv,0d1be8bed10c0765b51202fa8b63dcf8c60d2e5da9746c3eea0bfa810b8d4b95,282,FBgn0024963;A5SS:chr3R:19764428-19765633:19764413-19765633:+,FBgn0024963;A5:3R:19764428-19765633:19764413-19765633:+,A5SS,chr3R,+,19764428-19765633:19764413-19765633,Yes,0.453,0.0002963256664,0.00817308499,3d_male_vs_female,3d,A5SS,Yes,Higher inclusion in male,759,FBgn0024963,GluClalpha,chr3R,+,19764248,19764428,19764248,19764413,19765632,19765751,759,"1,1,2","0,0,0","4,0,2","0,10,1",134,119,0.0002963256664,0.00817308499,"1.0,1.0,1.0","1.0,0.0,0.64",0.453
AGE0000282,AGE_SEX,3d,Ray Lab Data - 3d_significant.csv,0d1be8bed10c0765b51202fa8b63dcf8c60d2e5da9746c3eea0bfa810b8d4b95,283,FBgn0264442;A5SS:chr2L:11210747-11211768:11210725-11211768:+,FBgn0264442;A5:2L:11210747-11211768:11210725-11211768:+,A5SS,chr2L,+,11210747-11211768:11210725-11211768,Yes,-0.106,0.0002979770569,0.00817308499,3d_male_vs_female,3d,A5SS,Yes,Higher inclusion in female,326,FBgn0264442,ab,chr2L,+,11210677,11210747,11210677,11210725,11211767,11211963,326,"0,0,0","2,4,16","0,3,5","3,16,19",141,119,0.0002979770569,0.00817308499,"0.0,0.0,0.0","0.0,0.137,0.182",-0.106
AGE0000283,AGE_SEX,3d,Ray Lab Data - 3d_significant.csv,0d1be8bed10c0765b51202fa8b63dcf8c60d2e5da9746c3eea0bfa810b8d4b95,284,FBgn0052000;A5SS:chr4:133235-133588:133231-133588:+,FBgn0052000;A5:4:133235-133588:133231-133588:+,A5SS,chr4,+,133235-133588:133231-133588,Yes,-0.12,0.0003733887182,0.009957032486,3d_male_vs_female,3d,A5SS,Yes,Higher inclusion in female,2107,FBgn0052000,anne,chr4,+,133185,133235,133185,133231,133587,134964,2107,"23,36,60","62,86,169","35,77,203","47,139,293",123,119,0.0003733887182,0.009957032486,"0.264,0.288,0.256","0.419,0.349,0.401",-0.12
AGE0000284,AGE_SEX,3d,Ray Lab Data - 3d_significant.csv,0d1be8bed10c0765b51202fa8b63dcf8c60d2e5da9746c3eea0bfa810b8d4b95,285,FBgn0032210;A5SS:chr2L:10299220-10299747:10299220-10299762:-,FBgn0032210;A5:2L:10299220-10299747:10299220-10299762:-,A5SS,chr2L,-,10299220-10299747:10299220-10299762,Yes,-0.524,0.0005224278834,0.01319817811,3d_male_vs_female,3d,A5SS,Yes,Higher inclusion in female,1199,FBgn0032210,CYLD,chr2L,-,10299746,10299847,10299761,10299847,10299043,10299220,1199,"0,8,10","2,3,6","1,11,23","0,0,3",134,119,0.0005224278834,0.01319817811,"0.0,0.703,0.597","1.0,1.0,0.872",-0.524
AGE0000285,AGE_SEX,3d,Ray Lab Data - 3d_significant.csv,0d1be8bed10c0765b51202fa8b63dcf8c60d2e5da9746c3eea0bfa810b8d4b95,286,FBgn0031043;A5SS:chrX:19621650-19621768:19621650-19622203:-,FBgn0031043;A5:X:19621650-19621768:19621650-19622203:-,A5SS,chrX,-,19621650-19621768:19621650-19622203,Yes,0.146,0.0005466009183,0.01345479183,3d_male_vs_female,3d,A5SS,Yes,Higher inclusion in male,281,FBgn0031043,Naa20A,chrX,-,19621767,19622264,19622202,19622264,19621450,19621650,281,"17,47,47","0,0,0","16,54,68","0,9,0",554,119,0.0005466009183,0.01345479183,"1.0,1.0,1.0","1.0,0.563,1.0",0.146
AGE0000286,AGE_SEX,3d,Ray Lab Data - 3d_significant.csv,0d1be8bed10c0765b51202fa8b63dcf8c60d2e5da9746c3eea0bfa810b8d4b95,287,FBgn0010909;A5SS:chr3L:2585738-2586266:2585738-2586403:-,FBgn0010909;A5:3L:2585738-2586266:2585738-2586403:-,A5SS,chr3L,-,2585738-2586266:2585738-2586403,Yes,0.308,0.0005971595973,0.01433183034,3d_male_vs_female,3d,A5SS,Yes,Higher inclusion in male,1005,FBgn0010909,msn,chr3L,-,2586265,2586540,2586402,2586540,2585604,2585738,1005,"12,9,14","0,0,1","2,19,32","2,3,2",256,119,0.0005971595973,0.01433183034,"1.0,1.0,0.867","0.317,0.746,0.881",0.308
AGE0000287,AGE_SEX,3d,Ray Lab Data - 3d_significant.csv,0d1be8bed10c0765b51202fa8b63dcf8c60d2e5da9746c3eea0bfa810b8d4b95,288,FBgn0004656;A5SS:chrX:8060158-8061264:8060158-8061376:-,FBgn0004656;A5:X:8060158-8061264:8060158-8061376:-,A5SS,chrX,-,8060158-8061264:8060158-8061376,Yes,0.194,0.001044001225,0.02306271703,3d_male_vs_female,3d,A5SS,Yes,Higher inclusion in male,1783,FBgn0004656,fs(1)h,chrX,-,8061263,8061436,8061375,8061436,8059866,8060158,1783,"87,234,374","8,16,53","34,246,502","18,45,109",231,119,0.001044001225,0.02306271703,"0.849,0.883,0.784","0.493,0.738,0.703",0.194
AGE0000288,AGE_SEX,3d,Ray Lab Data - 3d_significant.csv,0d1be8bed10c0765b51202fa8b63dcf8c60d2e5da9746c3eea0bfa810b8d4b95,289,FBgn0035914;A5SS:chr3L:8604914-8609734:8604858-8609734:+,FBgn0035914;A5:3L:8604914-8609734:8604858-8609734:+,A5SS,chr3L,+,8604914-8609734:8604858-8609734,Yes,-0.145,0.001057041197,0.02306271703,3d_male_vs_female,3d,A5SS,Yes,Higher inclusion in female,69,FBgn0035914,CG6282,chr3L,+,8604656,8604914,8604656,8604858,8609733,8610356,69,"5,10,16","0,7,1","7,8,31","0,1,0",175,119,0.001057041197,0.02306271703,"1.0,0.493,0.916","1.0,0.845,1.0",-0.145
AGE0000289,AGE_SEX,3d,Ray Lab Data - 3d_significant.csv,0d1be8bed10c0765b51202fa8b63dcf8c60d2e5da9746c3eea0bfa810b8d4b95,290,FBgn0004656;A5SS:chrX:8060158-8060877:8060158-8060903:-,FBgn0004656;A5:X:8060158-8060877:8060158-8060903:-,A5SS,chrX,-,8060158-8060877:8060158-8060903,Yes,-0.106,0.001041849304,0.02306271703,3d_male_vs_female,3d,A5SS,Yes,Higher inclusion in female,1782,FBgn0004656,fs(1)h,chrX,-,8060876,8060974,8060902,8060974,8059866,8060158,1782,"108,247,494","32,91,229","193,706,1314","20,196,365",145,119,0.001041849304,0.02306271703,"0.735,0.69,0.639","0.888,0.747,0.747",-0.106
AGE0000290,AGE_SEX,3d,Ray Lab Data - 3d_significant.csv,0d1be8bed10c0765b51202fa8b63dcf8c60d2e5da9746c3eea0bfa810b8d4b95,291,FBgn0051140;A5SS:chr3R:23963233-23965800:23963211-23965800:+,FBgn0051140;A5:3R:23963233-23965800:23963211-23965800:+,A5SS,chr3R,+,23963233-23965800:23963211-23965800,Yes,0.288,0.001240225958,0.0248381268,3d_male_vs_female,3d,A5SS,Yes,Higher inclusion in male,1033,FBgn0051140,CG31140,chr3R,+,23963179,23963233,23963179,23963211,23965799,23966702,1033,"4,3,19","4,9,14","0,7,6","11,18,45",141,119,0.001240225958,0.0248381268,"0.458,0.22,0.534","0.0,0.247,0.101",0.288
AGE0000291,AGE_SEX,3d,Ray Lab Data - 3d_significant.csv,0d1be8bed10c0765b51202fa8b63dcf8c60d2e5da9746c3eea0bfa810b8d4b95,292,FBgn0038143;A5SS:chr3R:13379110-13379434:13379110-13379690:-,FBgn0038143;A5:3R:13379110-13379434:13379110-13379690:-,A5SS,chr3R,-,13379110-13379434:13379110-13379690,Yes,-0.26,0.001177193111,0.0248381268,3d_male_vs_female,3d,A5SS,Yes,Higher inclusion in female,1055,FBgn0038143,CG9813,chr3R,-,13379433,13379775,13379689,13379775,13379002,13379110,1055,"2,7,14","0,5,1","5,19,30","0,0,1",375,119,0.001177193111,0.0248381268,"1.0,0.308,0.816","1.0,1.0,0.905",-0.26
AGE0000292,AGE_SEX,3d,Ray Lab Data - 3d_significant.csv,0d1be8bed10c0765b51202fa8b63dcf8c60d2e5da9746c3eea0bfa810b8d4b95,293,FBgn0041605;A5SS:chr3R:4282003-4282674:4281915-4282674:+,FBgn0041605;A5:3R:4282003-4282674:4281915-4282674:+,A5SS,chr3R,+,4282003-4282674:4281915-4282674,Yes,0.214,0.001237647727,0.0248381268,3d_male_vs_female,3d,A5SS,Yes,Higher inclusion in male,623,FBgn0041605,cpx,chr3R,+,4281837,4282003,4281837,4281915,4282673,4282834,623,"27,21,46","1,1,2","21,28,73","16,1,12",207,119,0.001237647727,0.0248381268,"0.939,0.924,0.93","0.43,0.942,0.778",0.214
AGE0000293,AGE_SEX,3d,Ray Lab Data - 3d_significant.csv,0d1be8bed10c0765b51202fa8b63dcf8c60d2e5da9746c3eea0bfa810b8d4b95,294,FBgn0034345;A5SS:chr2R:18425076-18425340:18425034-18425340:+,FBgn0034345;A5:2R:18425076-18425340:18425034-18425340:+,A5SS,chr2R,+,18425076-18425340:18425034-18425340,Yes,0.105,0.00124190634,0.0248381268,3d_male_vs_female,3d,A5SS,Yes,Higher inclusion in male,1720,FBgn0034345,CG5174,chr2R,+,18424871,18425076,18424871,18425034,18425339,18426221,1720,"0,0,11","5,10,13","0,2,0","24,20,19",161,119,0.00124190634,0.0248381268,"0.0,0.0,0.385","0.0,0.069,0.0",0.105
AGE0000294,AGE_SEX,3d,Ray Lab Data - 3d_significant.csv,0d1be8bed10c0765b51202fa8b63dcf8c60d2e5da9746c3eea0bfa810b8d4b95,295,FBgn0003218;A5SS:chrX:13763111-13767787:13763088-13767787:+,FBgn0003218;A5:X:13763111-13767787:13763088-13767787:+,A5SS,chrX,+,13763111-13767787:13763088-13767787,Yes,0.424,0.001582593984,0.03100592295,3d_male_vs_female,3d,A5SS,Yes,Higher inclusion in male,1745,FBgn0003218,rdgB,chrX,+,13763068,13763111,13763068,13763088,13767786,13768157,1745,"1,3,4","1,1,10","0,1,2","1,12,18",142,119,0.001582593984,0.03100592295,"0.456,0.715,0.251","0.0,0.065,0.085",0.424
AGE0000295,AGE_SEX,3d,Ray Lab Data - 3d_significant.csv,0d1be8bed10c0765b51202fa8b63dcf8c60d2e5da9746c3eea0bfa810b8d4b95,296,FBgn0003218;A5SS:chrX:13762945-13767787:13762830-13767787:+,FBgn0003218;A5:X:13762945-13767787:13762830-13767787:+,A5SS,chrX,+,13762945-13767787:13762830-13767787,Yes,-0.286,0.001981463873,0.03804410637,3d_male_vs_female,3d,A5SS,Yes,Higher inclusion in female,1743,FBgn0003218,rdgB,chrX,+,13762751,13762945,13762751,13762830,13767786,13768157,1743,"7,11,18","3,2,7","7,17,65","0,2,4",234,119,0.001981463873,0.03804410637,"0.543,0.737,0.567","1.0,0.812,0.892",-0.286
AGE0000296,AGE_SEX,3d,Ray Lab Data - 3d_significant.csv,0d1be8bed10c0765b51202fa8b63dcf8c60d2e5da9746c3eea0bfa810b8d4b95,297,FBgn0260742;A5SS:chr3R:11966286-11966455:11966286-11966488:-,FBgn0260742;A5:3R:11966286-11966455:11966286-11966488:-,A5SS,chr3R,-,11966286-11966455:11966286-11966488,Yes,-0.667,0.002048705777,0.03838823878,3d_male_vs_female,3d,A5SS,Yes,Higher inclusion in female,2549,FBgn0260742,CG12213,chr3R,-,11966454,11966739,11966487,11966739,11965544,11966286,2549,"0,0,4","1,2,0","1,2,4","0,0,0",152,119,0.002048705777,0.03838823878,"0.0,0.0,1.0","1.0,1.0,1.0",-0.667
AGE0000297,AGE_SEX,3d,Ray Lab Data - 3d_significant.csv,0d1be8bed10c0765b51202fa8b63dcf8c60d2e5da9746c3eea0bfa810b8d4b95,298,FBgn0016976;A5SS:chrX:22995914-23004550:22995914-23004612:-,FBgn0016976;A5:X:22995914-23004550:22995914-23004612:-,A5SS,chrX,-,22995914-23004550:22995914-23004612,No,-0.072,0.000000005599915087,0.000001791972828,3d_male_vs_female,3d,A5SS,No,Higher inclusion in female,2397,FBgn0016976,stnA,chrX,-,23004549,23004648,23004611,23004648,22994483,22995914,2397,"73,52,152","302,568,1281","113,227,490","293,779,2389",181,119,0.000000005599915087,0.000001791972828,"0.137,0.057,0.072","0.202,0.161,0.119",-0.072
AGE0000298,AGE_SEX,3d,Ray Lab Data - 3d_significant.csv,0d1be8bed10c0765b51202fa8b63dcf8c60d2e5da9746c3eea0bfa810b8d4b95,299,FBgn0023213;A5SS:chr4:930131-930282:930131-930512:-,FBgn0023213;A5:4:930131-930282:930131-930512:-,A5SS,chr4,-,930131-930282:930131-930512,No,-0.08,0.00000646670979,0.0004434315285,3d_male_vs_female,3d,A5SS,No,Higher inclusion in female,960,FBgn0023213,eIF4G1,chr4,-,930281,930715,930511,930715,930079,930131,960,"0,0,0","8,8,12","0,13,12","10,26,39",349,119,0.00000646670979,0.0004434315285,"0.0,0.0,0.0","0.0,0.146,0.095",-0.08
AGE0000299,AGE_SEX,3d,Ray Lab Data - 3d_significant.csv,0d1be8bed10c0765b51202fa8b63dcf8c60d2e5da9746c3eea0bfa810b8d4b95,300,FBgn0004244;A5SS:chr3L:9151112-9151248:9151112-9151254:-,FBgn0004244;A5:3L:9151112-9151248:9151112-9151254:-,A5SS,chr3L,-,9151112-9151248:9151112-9151254,No,0.068,0.00004232156245,0.001846759089,3d_male_vs_female,3d,A5SS,No,Higher inclusion in male,29,FBgn0004244,Rdl,chr3L,-,9151247,9151873,9151253,9151873,9145837,9151112,29,"14,14,17","295,88,121","4,9,14","254,204,385",125,119,0.00004232156245,0.001846759089,"0.043,0.132,0.118","0.015,0.04,0.033",0.068
AGE0000300,AGE_SEX,3d,Ray Lab Data - 3d_significant.csv,0d1be8bed10c0765b51202fa8b63dcf8c60d2e5da9746c3eea0bfa810b8d4b95,301,FBgn0032078;A5SS:chr2L:8945534-8950770:8945534-8950978:-,FBgn0032078;A5:2L:8945534-8950770:8945534-8950978:-,A5SS,chr2L,-,8945534-8950770:8945534-8950978,No,0.04,0.00007184430466,0.002770600334,3d_male_vs_female,3d,A5SS,No,Higher inclusion in male,1435,FBgn0032078,C1GalTA,chr2L,-,8950769,8951216,8950977,8951216,8945357,8945534,1435,"57,81,141","1,0,0","58,107,251","0,1,15",327,119,0.00007184430466,0.002770600334,"0.954,1.0,1.0","1.0,0.975,0.859",0.04
AGE0000301,AGE_SEX,3d,Ray Lab Data - 3d_significant.csv,0d1be8bed10c0765b51202fa8b63dcf8c60d2e5da9746c3eea0bfa810b8d4b95,302,FBgn0263995;A5SS:chr3R:17944286-17947194:17944213-17947194:+,FBgn0263995;A5:3R:17944286-17947194:17944213-17947194:+,A5SS,chr3R,+,17944286-17947194:17944213-17947194,No,0.073,0.0001054536192,0.003893672094,3d_male_vs_female,3d,A5SS,No,Higher inclusion in male,1600,FBgn0263995,cpo,chr3R,+,17944105,17944286,17944105,17944213,17947193,17947598,1600,"3,15,41","0,0,0","8,31,71","0,1,9",192,119,0.0001054536192,0.003893672094,"1.0,1.0,1.0","1.0,0.951,0.83",0.073
AGE0000302,AGE_SEX,3d,Ray Lab Data - 3d_significant.csv,0d1be8bed10c0765b51202fa8b63dcf8c60d2e5da9746c3eea0bfa810b8d4b95,303,FBgn0086674;A5SS:chrX:13586092-13589922:13586054-13589922:+,FBgn0086674;A5:X:13586092-13589922:13586054-13589922:+,A5SS,chrX,+,13586092-13589922:13586054-13589922,No,0.086,0.0001769683033,0.005666188282,3d_male_vs_female,3d,A5SS,No,Higher inclusion in male,2457,FBgn0086674,Tpst,chrX,+,13585893,13586092,13585893,13586054,13589921,13590570,2457,"33,43,53","0,2,0","30,65,96","0,20,2",157,119,0.0001769683033,0.005666188282,"1.0,0.942,1.0","1.0,0.711,0.973",0.086
AGE0000303,AGE_SEX,3d,Ray Lab Data - 3d_significant.csv,0d1be8bed10c0765b51202fa8b63dcf8c60d2e5da9746c3eea0bfa810b8d4b95,304,FBgn0266098;A5SS:chrX:5086201-5089342:5085889-5089342:+,FBgn0266098;A5:X:5086201-5089342:5085889-5089342:+,A5SS,chrX,+,5086201-5089342:5085889-5089342,No,0.076,0.0001770683838,0.005666188282,3d_male_vs_female,3d,A5SS,No,Higher inclusion in male,1050,FBgn0266098,rg,chrX,+,5085758,5086201,5085758,5085889,5089341,5090145,1050,"417,563,869","15,16,35","492,1314,1955","32,78,131",431,119,0.0001770683838,0.005666188282,"0.885,0.907,0.873","0.809,0.823,0.805",0.076
AGE0000304,AGE_SEX,3d,Ray Lab Data - 3d_significant.csv,0d1be8bed10c0765b51202fa8b63dcf8c60d2e5da9746c3eea0bfa810b8d4b95,305,FBgn0261710;A5SS:chrX:10472143-10473169:10472143-10473328:-,FBgn0261710;A5:X:10472143-10473169:10472143-10473328:-,A5SS,chrX,-,10472143-10473169:10472143-10473328,No,0.049,0.0004146811741,0.01075929533,3d_male_vs_female,3d,A5SS,No,Higher inclusion in male,1246,FBgn0261710,nocte,chrX,-,10473168,10473587,10473327,10473587,10471879,10472143,1246,"20,25,79","0,0,0","11,38,122","0,0,9",278,119,0.0004146811741,0.01075929533,"1.0,1.0,1.0","1.0,1.0,0.853",0.049
AGE0000305,AGE_SEX,3d,Ray Lab Data - 3d_significant.csv,0d1be8bed10c0765b51202fa8b63dcf8c60d2e5da9746c3eea0bfa810b8d4b95,306,FBgn0033313;A5SS:chr2R:8616156-8616327:8616078-8616327:+,FBgn0033313;A5:2R:8616156-8616327:8616078-8616327:+,A5SS,chr2R,+,8616156-8616327:8616078-8616327,No,-0.039,0.0006994481581,0.01637732273,3d_male_vs_female,3d,A5SS,No,Higher inclusion in female,1914,FBgn0033313,Cirl,chr2R,+,8615902,8616156,8615902,8616078,8616326,8616516,1914,"30,98,137","0,0,11","38,179,398","0,0,0",197,119,0.0006994481581,0.01637732273,"1.0,1.0,0.883","1.0,1.0,1.0",-0.039
AGE0000306,AGE_SEX,3d,Ray Lab Data - 3d_significant.csv,0d1be8bed10c0765b51202fa8b63dcf8c60d2e5da9746c3eea0bfa810b8d4b95,307,FBgn0052767;A5SS:chrX:5082239-5082417:5082239-5082882:-,FBgn0052767;A5:X:5082239-5082417:5082239-5082882:-,A5SS,chrX,-,5082239-5082417:5082239-5082882,No,-0.069,0.002079362934,0.03838823878,3d_male_vs_female,3d,A5SS,No,Higher inclusion in female,1124,FBgn0052767,CG32767,chrX,-,5082416,5083025,5082881,5083025,5081485,5082239,1124,"51,144,278","1,5,10","78,217,560","2,1,5",584,119,0.002079362934,0.03838823878,"0.912,0.854,0.85","0.888,0.978,0.958",-0.069
AGE0000307,AGE_SEX,3d,Ray Lab Data - 3d_significant.csv,0d1be8bed10c0765b51202fa8b63dcf8c60d2e5da9746c3eea0bfa810b8d4b95,308,FBgn0003392;A5SS:chrX:15892360-15892828:15892251-15892828:+,FBgn0003392;A5:X:15892360-15892828:15892251-15892828:+,A5SS,chrX,+,15892360-15892828:15892251-15892828,No,0.029,0.002166766689,0.03924709474,3d_male_vs_female,3d,A5SS,No,Higher inclusion in male,1882,FBgn0003392,shi,chrX,+,15892199,15892360,15892199,15892251,15892827,15893150,1882,"407,997,1627","7,11,23","272,1299,2547","13,30,56",228,119,0.002166766689,0.03924709474,"0.968,0.979,0.974","0.916,0.958,0.96",0.029
AGE0000308,AGE_SEX,3d,Ray Lab Data - 3d_significant.csv,0d1be8bed10c0765b51202fa8b63dcf8c60d2e5da9746c3eea0bfa810b8d4b95,309,FBgn0003392;A5SS:chrX:15892417-15892828:15892251-15892828:+,FBgn0003392;A5:X:15892417-15892828:15892251-15892828:+,A5SS,chrX,+,15892417-15892828:15892251-15892828,No,0.029,0.002613224798,0.04591354197,3d_male_vs_female,3d,A5SS,No,Higher inclusion in male,1883,FBgn0003392,shi,chrX,+,15892199,15892417,15892199,15892251,15892827,15893150,1883,"473,1205,2063","7,11,23","339,1546,3268","13,30,56",285,119,0.002613224798,0.04591354197,"0.966,0.979,0.974","0.916,0.956,0.961",0.029
AGE0000309,AGE_SEX,3d,Ray Lab Data - 3d_significant.csv,0d1be8bed10c0765b51202fa8b63dcf8c60d2e5da9746c3eea0bfa810b8d4b95,310,FBgn0017418;A5SS:chrX:18137050-18137421:18137050-18137576:-,FBgn0017418;A5:X:18137050-18137421:18137050-18137576:-,A5SS,chrX,-,18137050-18137421:18137050-18137576,No,-0.016,0.002630463342,0.04591354197,3d_male_vs_female,3d,A5SS,No,Higher inclusion in female,2111,FBgn0017418,ari-1,chrX,-,18137420,18137685,18137575,18137685,18136441,18137050,2111,"5,1,0","48,107,233","7,6,20","51,145,388",274,119,0.002630463342,0.04591354197,"0.043,0.004,0.0","0.056,0.018,0.022",-0.016
AGE0000310,AGE_SEX,3d,Ray Lab Data - 3d_significant.csv,0d1be8bed10c0765b51202fa8b63dcf8c60d2e5da9746c3eea0bfa810b8d4b95,311,FBgn0000179;A5SS:chrX:4427539-4428198:4427352-4428198:+,FBgn0000179;A5:X:4427539-4428198:4427352-4428198:+,A5SS,chrX,+,4427539-4428198:4427352-4428198,No,0.031,0.002762611613,0.04735905622,3d_male_vs_female,3d,A5SS,No,Higher inclusion in male,1137,FBgn0000179,bi,chrX,+,4427134,4427539,4427134,4427352,4428197,4429498,1137,"95,417,834","4,12,34","101,711,1674","3,39,125",306,119,0.002762611613,0.04735905622,"0.902,0.931,0.905","0.929,0.876,0.839",0.031
AGE0000311,AGE_SEX,3d,Ray Lab Data - 3d_significant.csv,0d1be8bed10c0765b51202fa8b63dcf8c60d2e5da9746c3eea0bfa810b8d4b95,312,FBgn0000662;A5SS:chr2R:13822125-13824284:13822125-13824471:-,FBgn0000662;A5:2R:13822125-13824284:13822125-13824471:-,A5SS,chr2R,-,13822125-13824284:13822125-13824471,No,0.105,0.002987018246,0.05030767572,3d_male_vs_female,3d,A5SS,No,Higher inclusion in male,614,FBgn0000662,fl(2)d,chr2R,-,13824283,13824553,13824470,13824553,13821765,13822125,614,"7,11,17","0,0,2","14,17,24","1,0,6",306,119,0.002987018246,0.05030767572,"1.0,1.0,0.768","0.845,1.0,0.609",0.105
AGE0000312,AGE_SEX,3d,Ray Lab Data - 3d_significant.csv,0d1be8bed10c0765b51202fa8b63dcf8c60d2e5da9746c3eea0bfa810b8d4b95,313,FBgn0003392;A5SS:chrX:15892440-15892828:15892251-15892828:+,FBgn0003392;A5:X:15892440-15892828:15892251-15892828:+,A5SS,chrX,+,15892440-15892828:15892251-15892828,No,0.028,0.00324188455,0.05365877875,3d_male_vs_female,3d,A5SS,No,Higher inclusion in male,1884,FBgn0003392,shi,chrX,+,15892199,15892440,15892199,15892251,15892827,15893150,1884,"504,1315,2263","7,11,23","368,1694,3643","13,30,56",308,119,0.00324188455,0.05365877875,"0.965,0.979,0.974","0.916,0.956,0.962",0.028
AGE0000313,AGE_SEX,3d,Ray Lab Data - 3d_significant.csv,0d1be8bed10c0765b51202fa8b63dcf8c60d2e5da9746c3eea0bfa810b8d4b95,314,FBgn0039890;A5SS:chr4:191386-193545:191386-193673:-,FBgn0039890;A5:4:191386-193545:191386-193673:-,A5SS,chr4,-,191386-193545:191386-193673,No,0.385,0.003524180409,0.05734259648,3d_male_vs_female,3d,A5SS,No,Higher inclusion in male,2091,FBgn0039890,Abcd1,chr4,-,193544,193829,193672,193829,191308,191386,2091,"7,23,12","8,1,1","4,10,12","3,14,16",247,119,0.003524180409,0.05734259648,"0.297,0.917,0.853","0.391,0.256,0.265",0.385
AGE0000314,AGE_SEX,3d,Ray Lab Data - 3d_significant.csv,0d1be8bed10c0765b51202fa8b63dcf8c60d2e5da9746c3eea0bfa810b8d4b95,315,FBgn0038143;A5SS:chr3R:13379110-13379620:13379110-13379690:-,FBgn0038143;A5:3R:13379110-13379620:13379110-13379690:-,A5SS,chr3R,-,13379110-13379620:13379110-13379690,No,-0.205,0.00361317146,0.05781074336,3d_male_vs_female,3d,A5SS,No,Higher inclusion in female,1057,FBgn0038143,CG9813,chr3R,-,13379619,13379775,13379689,13379775,13379002,13379110,1057,"4,6,14","0,5,1","5,16,26","0,0,1",189,119,0.00361317146,0.05781074336,"1.0,0.43,0.898","1.0,1.0,0.942",-0.205
AGE0000315,AGE_SEX,3d,Ray Lab Data - 3d_significant.csv,0d1be8bed10c0765b51202fa8b63dcf8c60d2e5da9746c3eea0bfa810b8d4b95,316,FBgn0028875;A5SS:chr2L:14040465-14041321:14040221-14041321:+,FBgn0028875;A5:2L:14040465-14041321:14040221-14041321:+,A5SS,chr2L,+,14040465-14041321:14040221-14041321,No,-0.088,0.003798440274,0.05977873219,3d_male_vs_female,3d,A5SS,No,Higher inclusion in female,1568,FBgn0028875,nAChRalpha5,chr2L,+,14040169,14040465,14040169,14040221,14041320,14042234,1568,"231,338,539","101,185,231","283,586,1167","82,179,465",363,119,0.003798440274,0.05977873219,"0.428,0.375,0.433","0.531,0.518,0.451",-0.088
AGE0000316,AGE_SEX,3d,Ray Lab Data - 3d_significant.csv,0d1be8bed10c0765b51202fa8b63dcf8c60d2e5da9746c3eea0bfa810b8d4b95,317,FBgn0052767;A5SS:chrX:5082239-5082522:5082239-5082882:-,FBgn0052767;A5:X:5082239-5082522:5082239-5082882:-,A5SS,chrX,-,5082239-5082522:5082239-5082882,No,-0.052,0.00386829688,0.05989620976,3d_male_vs_female,3d,A5SS,No,Higher inclusion in female,1127,FBgn0052767,CG32767,chrX,-,5082521,5083025,5082881,5083025,5081485,5082239,1127,"51,150,287","1,5,10","69,206,534","2,1,5",479,119,0.00386829688,0.05989620976,"0.927,0.882,0.877","0.896,0.981,0.964",-0.052
AGE0000317,AGE_SEX,3d,Ray Lab Data - 3d_significant.csv,0d1be8bed10c0765b51202fa8b63dcf8c60d2e5da9746c3eea0bfa810b8d4b95,318,FBgn0083228;A5SS:chrX:18186501-18192331:18186439-18192331:+,FBgn0083228;A5:X:18186501-18192331:18186439-18192331:+,A5SS,chrX,+,18186501-18192331:18186439-18192331,No,-0.25,0.003982580715,0.06068694423,3d_male_vs_female,3d,A5SS,No,Higher inclusion in female,1722,FBgn0083228,Frq2,chrX,+,18186154,18186501,18186154,18186439,18192330,18192563,1722,"14,15,11","5,24,23","18,52,82","8,20,23",181,119,0.003982580715,0.06068694423,"0.648,0.291,0.239","0.597,0.631,0.701",-0.25
AGE0000318,AGE_SEX,3d,Ray Lab Data - 3d_significant.csv,0d1be8bed10c0765b51202fa8b63dcf8c60d2e5da9746c3eea0bfa810b8d4b95,319,FBgn0011661;A5SS:chrX:8874401-8874503:8874401-8874512:-,FBgn0011661;A5:X:8874401-8874503:8874401-8874512:-,A5SS,chrX,-,8874401-8874503:8874401-8874512,No,-0.157,0.004113724886,0.06170587329,3d_male_vs_female,3d,A5SS,No,Higher inclusion in female,935,FBgn0011661,Moe,chrX,-,8874502,8874899,8874511,8874899,8874188,8874401,935,"0,0,0","17,2,5","3,2,1","9,9,14",128,119,0.004113724886,0.06170587329,"0.0,0.0,0.0","0.237,0.171,0.062",-0.157
AGE0000319,AGE_SEX,3d,Ray Lab Data - 3d_significant.csv,0d1be8bed10c0765b51202fa8b63dcf8c60d2e5da9746c3eea0bfa810b8d4b95,320,FBgn0259923;A5SS:chrX:16694371-16694831:16694371-16694951:-,FBgn0259923;A5:X:16694371-16694831:16694371-16694951:-,A5SS,chrX,-,16694371-16694831:16694371-16694951,No,-0.417,0.00460504017,0.06555752108,3d_male_vs_female,3d,A5SS,No,Higher inclusion in female,924,FBgn0259923,Septin4,chrX,-,16694830,16695144,16694950,16695144,16694042,16694371,924,"2,1,0","3,2,3","3,10,2","0,5,4",239,119,0.00460504017,0.06555752108,"0.249,0.199,0.0","1.0,0.499,0.199",-0.417
AGE0000320,AGE_SEX,3d,Ray Lab Data - 3d_significant.csv,0d1be8bed10c0765b51202fa8b63dcf8c60d2e5da9746c3eea0bfa810b8d4b95,321,FBgn0001078;A5SS:chr3L:18754633-18754984:18754633-18755134:-,FBgn0001078;A5:3L:18754633-18754984:18754633-18755134:-,A5SS,chr3L,-,18754633-18754984:18754633-18755134,No,-0.223,0.004480588071,0.06555752108,3d_male_vs_female,3d,A5SS,No,Higher inclusion in female,80,FBgn0001078,ftz-f1,chr3L,-,18754983,18755504,18755133,18755504,18754576,18754633,80,"2,4,9","0,0,8","12,7,4","0,0,0",269,119,0.004480588071,0.06555752108,"1.0,1.0,0.332","1.0,1.0,1.0",-0.223
AGE0000321,AGE_SEX,3d,Ray Lab Data - 3d_significant.csv,0d1be8bed10c0765b51202fa8b63dcf8c60d2e5da9746c3eea0bfa810b8d4b95,322,FBgn0052529;A5SS:chrX:19866269-19866793:19866242-19866793:+,FBgn0052529;A5:X:19866269-19866793:19866242-19866793:+,A5SS,chrX,+,19866269-19866793:19866242-19866793,No,0.077,0.004643657743,0.06555752108,3d_male_vs_female,3d,A5SS,No,Higher inclusion in male,1587,FBgn0052529,Hers,chrX,+,19866145,19866269,19866145,19866242,19866792,19867166,1587,"5,10,3","0,0,2","10,16,25","4,1,8",146,119,0.004643657743,0.06555752108,"1.0,1.0,0.55","0.671,0.929,0.718",0.077
AGE0000322,AGE_SEX,3d,Ray Lab Data - 3d_significant.csv,0d1be8bed10c0765b51202fa8b63dcf8c60d2e5da9746c3eea0bfa810b8d4b95,323,FBgn0003392;A5SS:chrX:15892569-15892828:15892251-15892828:+,FBgn0003392;A5:X:15892569-15892828:15892251-15892828:+,A5SS,chrX,+,15892569-15892828:15892251-15892828,No,0.025,0.004616665009,0.06555752108,3d_male_vs_female,3d,A5SS,No,Higher inclusion in male,1885,FBgn0003392,shi,chrX,+,15892199,15892569,15892199,15892251,15892827,15893150,1885,"674,1974,3714","7,11,23","555,2639,5893","13,30,56",437,119,0.004616665009,0.06555752108,"0.963,0.98,0.978","0.921,0.96,0.966",0.025
AGE0000323,AGE_SEX,3d,Ray Lab Data - 3d_significant.csv,0d1be8bed10c0765b51202fa8b63dcf8c60d2e5da9746c3eea0bfa810b8d4b95,324,FBgn0003392;A5SS:chrX:15892581-15892828:15892251-15892828:+,FBgn0003392;A5:X:15892581-15892828:15892251-15892828:+,A5SS,chrX,+,15892581-15892828:15892251-15892828,No,0.025,0.004713598573,0.06558050188,3d_male_vs_female,3d,A5SS,No,Higher inclusion in male,1886,FBgn0003392,shi,chrX,+,15892199,15892581,15892199,15892251,15892827,15893150,1886,"685,1978,3696","7,11,23","567,2653,5871","13,30,56",449,119,0.004713598573,0.06558050188,"0.963,0.979,0.977","0.92,0.959,0.965",0.025
AGE0000324,AGE_SEX,3d,Ray Lab Data - 3d_significant.csv,0d1be8bed10c0765b51202fa8b63dcf8c60d2e5da9746c3eea0bfa810b8d4b95,325,FBgn0003218;A5SS:chrX:13762868-13767787:13762830-13767787:+,FBgn0003218;A5:X:13762868-13767787:13762830-13767787:+,A5SS,chrX,+,13762868-13767787:13762830-13767787,No,-0.252,0.004799698216,0.06582443268,3d_male_vs_female,3d,A5SS,No,Higher inclusion in female,1742,FBgn0003218,rdgB,chrX,+,13762751,13762868,13762751,13762830,13767786,13768157,1742,"5,8,13","3,2,7","5,8,47","0,2,4",157,119,0.004799698216,0.06582443268,"0.558,0.752,0.585","1.0,0.752,0.899",-0.252
AGE0000325,AGE_SEX,3d,Ray Lab Data - 3d_significant.csv,0d1be8bed10c0765b51202fa8b63dcf8c60d2e5da9746c3eea0bfa810b8d4b95,326,FBgn0003435;A5SS:chr2R:19546059-19573988:19546059-19574003:-,FBgn0003435;A5:2R:19546059-19573988:19546059-19574003:-,A5SS,chr2R,-,19546059-19573988:19546059-19574003,No,-0.039,0.005097253319,0.06892060826,3d_male_vs_female,3d,A5SS,No,Higher inclusion in female,1966,FBgn0003435,sm,chr2R,-,19573987,19574066,19574002,19574066,19546011,19546059,1966,"8,6,14","0,0,7","7,9,28","2,0,0",134,119,0.005097253319,0.06892060826,"1.0,1.0,0.64","0.757,1.0,1.0",-0.039
AGE0000326,AGE_SEX,3d,Ray Lab Data - 3d_significant.csv,0d1be8bed10c0765b51202fa8b63dcf8c60d2e5da9746c3eea0bfa810b8d4b95,327,FBgn0261239;A5SS:chr2L:21237420-21238281:21237346-21238281:+,FBgn0261239;A5:2L:21237420-21238281:21237346-21238281:+,A5SS,chr2L,+,21237420-21238281:21237346-21238281,No,-0.393,0.005368438083,0.06964460216,3d_male_vs_female,3d,A5SS,No,Higher inclusion in female,2582,FBgn0261239,Hr39,chr2L,+,21237249,21237420,21237249,21237346,21238280,21238565,2582,"4,0,0","3,2,3","1,12,10","3,2,3",193,119,0.005368438083,0.06964460216,"0.451,0.0,0.0","0.17,0.787,0.673",-0.393
AGE0000327,AGE_SEX,3d,Ray Lab Data - 3d_significant.csv,0d1be8bed10c0765b51202fa8b63dcf8c60d2e5da9746c3eea0bfa810b8d4b95,328,FBgn0259994;A5SS:chrX:5629024-5629385:5629024-5629397:-,FBgn0259994;A5:X:5629024-5629385:5629024-5629397:-,A5SS,chrX,-,5629024-5629385:5629024-5629397,No,-0.217,0.005248069095,0.06964460216,3d_male_vs_female,3d,A5SS,No,Higher inclusion in female,2534,FBgn0259994,OtopLa,chrX,-,5629384,5629745,5629396,5629745,5628220,5629024,2534,"3,0,0","12,5,4","6,0,18","11,14,16",131,119,0.005248069095,0.06964460216,"0.185,0.0,0.0","0.331,0.0,0.505",-0.217
AGE0000328,AGE_SEX,3d,Ray Lab Data - 3d_significant.csv,0d1be8bed10c0765b51202fa8b63dcf8c60d2e5da9746c3eea0bfa810b8d4b95,329,FBgn0035639;A5SS:chr3L:5811979-5812065:5811918-5812065:+,FBgn0035639;A5:3L:5811979-5812065:5811918-5812065:+,A5SS,chr3L,+,5811979-5812065:5811918-5812065,No,-0.015,0.005326554943,0.06964460216,3d_male_vs_female,3d,A5SS,No,Higher inclusion in female,976,FBgn0035639,kri,chr3L,+,5811385,5811979,5811385,5811918,5812064,5812228,976,"189,458,468","2,2,16","166,799,1052","2,4,0",180,119,0.005326554943,0.06964460216,"0.984,0.993,0.951","0.982,0.992,1.0",-0.015
AGE0000329,AGE_SEX,3d,Ray Lab Data - 3d_significant.csv,0d1be8bed10c0765b51202fa8b63dcf8c60d2e5da9746c3eea0bfa810b8d4b95,330,FBgn0041605;A5SS:chr3R:4280822-4282674:4280469-4282674:+,FBgn0041605;A5:3R:4280822-4282674:4280469-4282674:+,A5SS,chr3R,+,4280822-4282674:4280469-4282674,No,-0.329,0.006094551599,0.07598401994,3d_male_vs_female,3d,A5SS,No,Higher inclusion in female,621,FBgn0041605,cpx,chr3R,+,4280384,4280822,4280384,4280469,4282673,4282834,621,"14,22,64","3,4,9","10,44,95","0,0,8",472,119,0.006094551599,0.07598401994,"0.541,0.581,0.642","1.0,1.0,0.75",-0.329
AGE0000330,AGE_SEX,3d,Ray Lab Data - 3d_significant.csv,0d1be8bed10c0765b51202fa8b63dcf8c60d2e5da9746c3eea0bfa810b8d4b95,331,FBgn0038143;A5SS:chr3R:13379110-13379434:13379110-13379685:-,FBgn0038143;A5:3R:13379110-13379434:13379110-13379685:-,A5SS,chr3R,-,13379110-13379434:13379110-13379685,No,-0.268,0.005964738749,0.07598401994,3d_male_vs_female,3d,A5SS,No,Higher inclusion in female,1054,FBgn0038143,CG9813,chr3R,-,13379433,13379775,13379684,13379775,13379002,13379110,1054,"2,7,14","0,3,4","5,17,30","0,0,3",370,119,0.005964738749,0.07598401994,"1.0,0.429,0.53","1.0,1.0,0.763",-0.268
AGE0000331,AGE_SEX,3d,Ray Lab Data - 3d_significant.csv,0d1be8bed10c0765b51202fa8b63dcf8c60d2e5da9746c3eea0bfa810b8d4b95,332,FBgn0052423;A5SS:chr3L:5163975-5166935:5163975-5166968:-,FBgn0052423;A5:3L:5163975-5166935:5163975-5166968:-,A5SS,chr3L,-,5163975-5166935:5163975-5166968,No,0.14,0.006086644632,0.07598401994,3d_male_vs_female,3d,A5SS,No,Higher inclusion in male,2279,FBgn0052423,shep,chr3L,-,5166934,5167059,5166967,5167059,5163833,5163975,2279,"11,14,15","3,0,0","11,32,45","5,5,6",152,119,0.006086644632,0.07598401994,"0.742,1.0,1.0","0.633,0.834,0.854",0.14
AGE0000332,AGE_SEX,3d,Ray Lab Data - 3d_significant.csv,0d1be8bed10c0765b51202fa8b63dcf8c60d2e5da9746c3eea0bfa810b8d4b95,333,FBgn0041605;A5SS:chr3R:4281930-4282674:4281915-4282674:+,FBgn0041605;A5:3R:4281930-4282674:4281915-4282674:+,A5SS,chr3R,+,4281930-4282674:4281915-4282674,No,0.201,0.006362385898,0.07830628798,3d_male_vs_female,3d,A5SS,No,Higher inclusion in male,622,FBgn0041605,cpx,chr3R,+,4281837,4281930,4281837,4281915,4282673,4282834,622,"21,3,15","1,1,2","9,22,26","16,1,12",134,119,0.006362385898,0.07830628798,"0.949,0.727,0.869","0.333,0.951,0.658",0.201
AGE0000333,AGE_SEX,3d,Ray Lab Data - 3d_significant.csv,0d1be8bed10c0765b51202fa8b63dcf8c60d2e5da9746c3eea0bfa810b8d4b95,334,FBgn0038143;A5SS:chr3R:13379110-13379620:13379110-13379685:-,FBgn0038143;A5:3R:13379110-13379620:13379110-13379685:-,A5SS,chr3R,-,13379110-13379620:13379110-13379685,No,-0.197,0.007264049,0.08721043868,3d_male_vs_female,3d,A5SS,No,Higher inclusion in female,1056,FBgn0038143,CG9813,chr3R,-,13379619,13379775,13379684,13379775,13379002,13379110,1056,"4,6,14","0,3,4","5,14,26","0,0,3",184,119,0.007264049,0.08721043868,"1.0,0.564,0.694","1.0,1.0,0.849",-0.197
AGE0000334,AGE_SEX,3d,Ray Lab Data - 3d_significant.csv,0d1be8bed10c0765b51202fa8b63dcf8c60d2e5da9746c3eea0bfa810b8d4b95,335,FBgn0026083;A5SS:chrX:4117395-4117964:4117236-4117964:+,FBgn0026083;A5:X:4117395-4117964:4117236-4117964:+,A5SS,chrX,+,4117395-4117964:4117236-4117964,No,0.066,0.007267536557,0.08721043868,3d_male_vs_female,3d,A5SS,No,Higher inclusion in male,2437,FBgn0026083,tyf,chrX,+,4117019,4117395,4117019,4117236,4117963,4118279,2437,"29,39,32","0,0,0","37,92,145","1,4,3",278,119,0.007267536557,0.08721043868,"1.0,1.0,1.0","0.941,0.908,0.954",0.066
AGE0000335,AGE_SEX,3d,Ray Lab Data - 3d_significant.csv,0d1be8bed10c0765b51202fa8b63dcf8c60d2e5da9746c3eea0bfa810b8d4b95,336,FBgn0036518;A5SS:chr3L:15605755-15606659:15605280-15606659:+,FBgn0036518;A5:3L:15605755-15606659:15605280-15606659:+,A5SS,chr3L,+,15605755-15606659:15605280-15606659,No,0.333,0.007865480224,0.09322050636,3d_male_vs_female,3d,A5SS,No,Higher inclusion in male,62,FBgn0036518,RhoGAP71E,chr3L,+,15604835,15605755,15604835,15605280,15606658,15609125,62,"2,4,14","0,0,0","4,5,0","0,0,5",594,119,0.007865480224,0.09322050636,"1.0,1.0,1.0","1.0,1.0,0.0",0.333
AGE0000336,AGE_SEX,3d,Ray Lab Data - 3d_significant.csv,0d1be8bed10c0765b51202fa8b63dcf8c60d2e5da9746c3eea0bfa810b8d4b95,337,FBgn0003435;A5SS:chr2R:19629070-19630853:19629070-19631037:-,FBgn0003435;A5:2R:19629070-19630853:19629070-19631037:-,A5SS,chr2R,-,19629070-19630853:19629070-19631037,No,0.043,0.008343108547,0.09767541713,3d_male_vs_female,3d,A5SS,No,Higher inclusion in male,1968,FBgn0003435,sm,chr2R,-,19630852,19631508,19631036,19631508,19628480,19629070,1968,"34,53,80","68,379,422","25,53,117","151,442,849",303,119,0.008343108547,0.09767541713,"0.164,0.052,0.069","0.061,0.045,0.051",0.043
AGE0000337,AGE_SEX,3d,Ray Lab Data - 3d_significant.csv,0d1be8bed10c0765b51202fa8b63dcf8c60d2e5da9746c3eea0bfa810b8d4b95,338,FBgn0004638;A5SS:chr2R:13502091-13502691:13502091-13502789:-,FBgn0004638;A5:2R:13502091-13502691:13502091-13502789:-,A5SS,chr2R,-,13502091-13502691:13502091-13502789,No,0.215,0.008525036826,0.09860283558,3d_male_vs_female,3d,A5SS,No,Higher inclusion in male,1957,FBgn0004638,drk,chr2R,-,13502690,13502841,13502788,13502841,13501812,13502091,1957,"5,13,13","0,0,0","8,5,12","0,1,4",217,119,0.008525036826,0.09860283558,"1.0,1.0,1.0","1.0,0.733,0.622",0.215
AGE0000338,AGE_SEX,3d,Ray Lab Data - 3d_significant.csv,0d1be8bed10c0765b51202fa8b63dcf8c60d2e5da9746c3eea0bfa810b8d4b95,339,FBgn0039890;A5SS:chr4:189248-193545:189248-193673:-,FBgn0039890;A5:4:189248-193545:189248-193673:-,A5SS,chr4,-,189248-193545:189248-193673,No,0.211,0.008765144639,0.1001730816,3d_male_vs_female,3d,A5SS,No,Higher inclusion in male,2089,FBgn0039890,Abcd1,chr4,-,193544,193829,193672,193829,188577,189248,2089,"8,21,11","0,0,3","4,2,10","1,0,9",247,119,0.008765144639,0.1001730816,"1.0,1.0,0.639","0.658,1.0,0.349",0.211
AGE0000339,AGE_SEX,3d,Ray Lab Data - 3d_significant.csv,0d1be8bed10c0765b51202fa8b63dcf8c60d2e5da9746c3eea0bfa810b8d4b95,340,FBgn0053129;A5SS:chr2L:10966621-10968105:10966621-10968134:-,FBgn0053129;A5:2L:10966621-10968105:10966621-10968134:-,A5SS,chr2L,-,10966621-10968105:10966621-10968134,No,-0.08,0.009093017531,0.1026976098,3d_male_vs_female,3d,A5SS,No,Higher inclusion in female,1099,FBgn0053129,Tmem214,chr2L,-,10968104,10968166,10968133,10968166,10966501,10966621,1099,"0,0,0","19,25,57","1,5,2","10,25,60",148,119,0.009093017531,0.1026976098,"0.0,0.0,0.0","0.074,0.139,0.026",-0.08
AGE0000340,AGE_SEX,3d,Ray Lab Data - 3d_significant.csv,0d1be8bed10c0765b51202fa8b63dcf8c60d2e5da9746c3eea0bfa810b8d4b95,341,FBgn0044323;A5SS:chr2L:8031575-8032060:8031308-8032060:+,FBgn0044323;A5:2L:8031575-8032060:8031308-8032060:+,A5SS,chr2L,+,8031575-8032060:8031308-8032060,No,0.077,0.009686118993,0.108124119,3d_male_vs_female,3d,A5SS,No,Higher inclusion in male,1608,FBgn0044323,Cka,chr2L,+,8031009,8031575,8031009,8031308,8032059,8032641,1608,"73,181,306","0,4,1","94,239,429","8,5,4",386,119,0.009686118993,0.108124119,"1.0,0.933,0.99","0.784,0.936,0.971",0.077
AGE0000341,AGE_SEX,3d,Ray Lab Data - 3d_significant.csv,0d1be8bed10c0765b51202fa8b63dcf8c60d2e5da9746c3eea0bfa810b8d4b95,342,FBgn0031897;A5SS:chr2L:7219130-7219860:7219130-7219944:-,FBgn0031897;A5:2L:7219130-7219860:7219130-7219944:-,A5SS,chr2L,-,7219130-7219860:7219130-7219944,No,-0.075,0.0103444874,0.1130424617,3d_male_vs_female,3d,A5SS,No,Higher inclusion in female,666,FBgn0031897,CG13784,chr2L,-,7219859,7220033,7219943,7220033,7218908,7219130,666,"65,44,90","1,7,0","47,67,110","0,0,1",203,119,0.0103444874,0.1130424617,"0.974,0.787,1.0","1.0,1.0,0.985",-0.075
AGE0000342,AGE_SEX,3d,Ray Lab Data - 3d_significant.csv,0d1be8bed10c0765b51202fa8b63dcf8c60d2e5da9746c3eea0bfa810b8d4b95,343,FBgn0017418;A5SS:chrX:18137050-18137365:18137050-18137421:-,FBgn0017418;A5:X:18137050-18137365:18137050-18137421:-,A5SS,chrX,-,18137050-18137365:18137050-18137421,No,0.072,0.01047997822,0.1130424617,3d_male_vs_female,3d,A5SS,No,Higher inclusion in male,2109,FBgn0017418,ari-1,chrX,-,18137364,18137685,18137420,18137685,18136441,18137050,2109,"6,14,18","0,0,0","5,14,32","0,0,6",175,119,0.01047997822,0.1130424617,"1.0,1.0,1.0","1.0,1.0,0.784",0.072
AGE0000343,AGE_SEX,3d,Ray Lab Data - 3d_significant.csv,0d1be8bed10c0765b51202fa8b63dcf8c60d2e5da9746c3eea0bfa810b8d4b95,344,FBgn0030897;A5SS:chrX:18155732-18161013:18155594-18161013:+,FBgn0030897;A5:X:18155732-18161013:18155594-18161013:+,A5SS,chrX,+,18155732-18161013:18155594-18161013,No,0.03,0.01042578983,0.1130424617,3d_male_vs_female,3d,A5SS,No,Higher inclusion in male,2378,FBgn0030897,Frq1,chrX,+,18155368,18155732,18155368,18155594,18161012,18161292,2378,"275,614,1953","18,36,86","282,1104,3158","23,74,233",257,119,0.01042578983,0.1130424617,"0.876,0.888,0.913","0.85,0.874,0.863",0.03
AGE0000344,AGE_SEX,3d,Ray Lab Data - 3d_significant.csv,0d1be8bed10c0765b51202fa8b63dcf8c60d2e5da9746c3eea0bfa810b8d4b95,345,FBgn0010415;A5SS:chr2R:21395045-21398887:21395045-21399175:-,FBgn0010415;A5:2R:21395045-21398887:21395045-21399175:-,A5SS,chr2R,-,21395045-21398887:21395045-21399175,No,0.014,0.0116489534,0.1242555029,3d_male_vs_female,3d,A5SS,No,Higher inclusion in male,1859,FBgn0010415,Sdc,chr2R,-,21398886,21399313,21399174,21399313,21394877,21395045,1859,"28,77,112","2,0,0","55,119,165","2,0,7",407,119,0.0116489534,0.1242555029,"0.804,1.0,1.0","0.889,1.0,0.873",0.014
AGE0000345,AGE_SEX,3d,Ray Lab Data - 3d_significant.csv,0d1be8bed10c0765b51202fa8b63dcf8c60d2e5da9746c3eea0bfa810b8d4b95,346,FBgn0026257;A5SS:chr3R:24221753-24222343:24221626-24222343:+,FBgn0026257;A5:3R:24221753-24222343:24221626-24222343:+,A5SS,chr3R,+,24221753-24222343:24221626-24222343,No,0.015,0.01290039686,0.1360920988,3d_male_vs_female,3d,A5SS,No,Higher inclusion in male,568,FBgn0026257,cav,chr3R,+,24221102,24221753,24221102,24221626,24222342,24222474,568,"169,308,332","3,6,3","221,557,717","2,5,39",246,119,0.01290039686,0.1360920988,"0.965,0.961,0.982","0.982,0.982,0.899",0.015
AGE0000346,AGE_SEX,3d,Ray Lab Data - 3d_significant.csv,0d1be8bed10c0765b51202fa8b63dcf8c60d2e5da9746c3eea0bfa810b8d4b95,347,FBgn0039602;A5SS:chr3R:28820517-28820572:28820505-28820572:+,FBgn0039602;A5:3R:28820517-28820572:28820505-28820572:+,A5SS,chr3R,+,28820517-28820572:28820505-28820572,No,-0.166,0.01327727989,0.1385455293,3d_male_vs_female,3d,A5SS,No,Higher inclusion in female,497,FBgn0039602,CG1647,chr3R,+,28820220,28820517,28820220,28820505,28820571,28820718,497,"5,15,20","2,5,0","11,30,41","0,0,3",131,119,0.01327727989,0.1385455293,"0.694,0.732,1.0","1.0,1.0,0.925",-0.166
AGE0000347,AGE_SEX,3d,Ray Lab Data - 3d_significant.csv,0d1be8bed10c0765b51202fa8b63dcf8c60d2e5da9746c3eea0bfa810b8d4b95,348,FBgn0024734;A5SS:chr2L:16250158-16251241:16250158-16251624:-,FBgn0024734;A5:2L:16250158-16251241:16250158-16251624:-,A5SS,chr2L,-,16250158-16251241:16250158-16251624,No,-0.202,0.01420102823,0.1465912592,3d_male_vs_female,3d,A5SS,No,Higher inclusion in female,1478,FBgn0024734,PRL-1,chr2L,-,16251240,16251788,16251623,16251788,16250080,16250158,1478,"4,1,25","10,0,27","30,51,43","4,4,11",502,119,0.01420102823,0.1465912592,"0.087,1.0,0.18","0.64,0.751,0.481",-0.202
AGE0000348,AGE_SEX,3d,Ray Lab Data - 3d_significant.csv,0d1be8bed10c0765b51202fa8b63dcf8c60d2e5da9746c3eea0bfa810b8d4b95,349,FBgn0027081;A5SS:chr2L:12104056-12104492:12103834-12104492:+,FBgn0027081;A5:2L:12104056-12104492:12103834-12104492:+,A5SS,chr2L,+,12104056-12104492:12103834-12104492,No,-0.356,0.01510110946,0.1542240966,3d_male_vs_female,3d,A5SS,No,Higher inclusion in female,946,FBgn0027081,ThrRS,chr2L,+,12103750,12104056,12103750,12103834,12104491,12104552,946,"5,7,5","2,0,2","7,17,38","0,0,0",341,119,0.01510110946,0.1542240966,"0.466,1.0,0.466","1.0,1.0,1.0",-0.356
AGE0000349,AGE_SEX,3d,Ray Lab Data - 3d_significant.csv,0d1be8bed10c0765b51202fa8b63dcf8c60d2e5da9746c3eea0bfa810b8d4b95,350,FBgn0031897;A5SS:chr2L:7219130-7219919:7219130-7219944:-,FBgn0031897;A5:2L:7219130-7219919:7219130-7219944:-,A5SS,chr2L,-,7219130-7219919:7219130-7219944,No,-0.069,0.01584181249,0.1584181249,3d_male_vs_female,3d,A5SS,No,Higher inclusion in female,667,FBgn0031897,CG13784,chr2L,-,7219918,7220033,7219943,7220033,7218908,7219130,667,"55,34,69","1,7,0","39,47,85","0,0,1",144,119,0.01584181249,0.1584181249,"0.978,0.801,1.0","1.0,1.0,0.986",-0.069
AGE0000350,AGE_SEX,3d,Ray Lab Data - 3d_significant.csv,0d1be8bed10c0765b51202fa8b63dcf8c60d2e5da9746c3eea0bfa810b8d4b95,351,FBgn0035397;A5SS:chr3L:3071307-3073081:3071189-3073081:+,FBgn0035397;A5:3L:3071307-3073081:3071189-3073081:+,A5SS,chr3L,+,3071307-3073081:3071189-3073081,No,0.051,0.01578426904,0.1584181249,3d_male_vs_female,3d,A5SS,No,Higher inclusion in male,375,FBgn0035397,PAN3,chr3L,+,3071132,3071307,3071132,3071189,3073080,3073478,375,"54,62,133","83,152,322","37,84,222","94,295,654",237,119,0.01578426904,0.1584181249,"0.246,0.17,0.172","0.165,0.125,0.146",0.051
AGE0000351,AGE_SEX,3d,Ray Lab Data - 3d_significant.csv,0d1be8bed10c0765b51202fa8b63dcf8c60d2e5da9746c3eea0bfa810b8d4b95,352,FBgn0036974;A5SS:chr3L:20348408-20348942:20348385-20348942:+,FBgn0036974;A5:3L:20348408-20348942:20348385-20348942:+,A5SS,chr3L,+,20348408-20348942:20348385-20348942,No,0.333,0.01703213883,0.1660504385,3d_male_vs_female,3d,A5SS,No,Higher inclusion in male,1710,FBgn0036974,eRF1,chr3L,+,20348354,20348408,20348354,20348385,20348941,20349206,1710,"0,1,4","2,2,0","1,0,0","2,4,4",142,119,0.01703213883,0.1660504385,"0.0,0.295,1.0","0.295,0.0,0.0",0.333
AGE0000352,AGE_SEX,3d,Ray Lab Data - 3d_significant.csv,0d1be8bed10c0765b51202fa8b63dcf8c60d2e5da9746c3eea0bfa810b8d4b95,353,FBgn0028875;A5SS:chr2L:14040394-14041321:14040221-14041321:+,FBgn0028875;A5:2L:14040394-14041321:14040221-14041321:+,A5SS,chr2L,+,14040394-14041321:14040221-14041321,No,-0.086,0.01687806617,0.1660504385,3d_male_vs_female,3d,A5SS,No,Higher inclusion in female,1567,FBgn0028875,nAChRalpha5,chr2L,+,14040169,14040394,14040169,14040221,14041320,14042234,1567,"168,259,542","101,185,231","220,446,1087","82,179,465",292,119,0.01687806617,0.1660504385,"0.404,0.363,0.489","0.522,0.504,0.488",-0.086
AGE0000353,AGE_SEX,3d,Ray Lab Data - 3d_significant.csv,0d1be8bed10c0765b51202fa8b63dcf8c60d2e5da9746c3eea0bfa810b8d4b95,354,FBgn0028370;A5SS:chr2L:15552873-15554510:15552809-15554510:+,FBgn0028370;A5:2L:15552873-15554510:15552809-15554510:+,A5SS,chr2L,+,15552873-15554510:15552809-15554510,No,-0.007,0.01712395147,0.1660504385,3d_male_vs_female,3d,A5SS,No,Higher inclusion in female,1948,FBgn0028370,kek3,chr2L,+,15552722,15552873,15552722,15552809,15554509,15555030,1948,"73,291,467","3,1,0","98,456,982","0,4,20",183,119,0.01712395147,0.1660504385,"0.941,0.995,1.0","1.0,0.987,0.97",-0.007
AGE0000354,AGE_SEX,3d,Ray Lab Data - 3d_significant.csv,0d1be8bed10c0765b51202fa8b63dcf8c60d2e5da9746c3eea0bfa810b8d4b95,355,FBgn0030897;A5SS:chrX:18155594-18161059:18155590-18161059:+,FBgn0030897;A5:X:18155594-18161059:18155590-18161059:+,A5SS,chrX,+,18155594-18161059:18155590-18161059,No,-0.084,0.01753983153,0.1683823827,3d_male_vs_female,3d,A5SS,No,Higher inclusion in female,2379,FBgn0030897,Frq1,chrX,+,18155368,18155594,18155368,18155590,18161058,18161292,2379,"11,15,31","0,3,4","8,32,80","0,0,3",123,119,0.01753983153,0.1683823827,"1.0,0.829,0.882","1.0,1.0,0.963",-0.084
AGE0000355,AGE_SEX,3d,Ray Lab Data - 3d_significant.csv,0d1be8bed10c0765b51202fa8b63dcf8c60d2e5da9746c3eea0bfa810b8d4b95,356,FBgn0037525;A5SS:chr3R:7886168-7886443:7886168-7886536:-,FBgn0037525;A5:3R:7886168-7886443:7886168-7886536:-,A5SS,chr3R,-,7886168-7886443:7886168-7886536,No,0.027,0.02022724317,0.1922589449,3d_male_vs_female,3d,A5SS,No,Higher inclusion in male,1532,FBgn0037525,CG17816,chr3R,-,7886442,7886733,7886535,7886733,7885853,7886168,1532,"28,123,163","0,0,0","17,162,269","0,4,6",212,119,0.02022724317,0.1922589449,"1.0,1.0,1.0","1.0,0.958,0.962",0.027
AGE0000356,AGE_SEX,3d,Ray Lab Data - 3d_significant.csv,0d1be8bed10c0765b51202fa8b63dcf8c60d2e5da9746c3eea0bfa810b8d4b95,357,FBgn0031043;A5SS:chrX:19621650-19621777:19621650-19622203:-,FBgn0031043;A5:X:19621650-19621777:19621650-19622203:-,A5SS,chrX,-,19621650-19621777:19621650-19622203,No,0.042,0.02201326549,0.2071836752,3d_male_vs_female,3d,A5SS,No,Higher inclusion in male,282,FBgn0031043,Naa20A,chrX,-,19621776,19622264,19622202,19622264,19621450,19621650,282,"67,268,353","0,0,0","50,283,565","0,9,0",545,119,0.02201326549,0.2071836752,"1.0,1.0,1.0","1.0,0.873,1.0",0.042
AGE0000357,AGE_SEX,3d,Ray Lab Data - 3d_significant.csv,0d1be8bed10c0765b51202fa8b63dcf8c60d2e5da9746c3eea0bfa810b8d4b95,358,FBgn0030693;A5SS:chrX:15795101-15795893:15795101-15796002:-,FBgn0030693;A5:X:15795101-15795893:15795101-15796002:-,A5SS,chrX,-,15795101-15795893:15795101-15796002,No,0.305,0.02301405987,0.2144999755,3d_male_vs_female,3d,A5SS,No,Higher inclusion in male,140,FBgn0030693,sordd1,chrX,-,15795892,15796028,15796001,15796028,15794496,15795101,140,"3,3,7","2,0,1","4,10,3","2,3,8",228,119,0.02301405987,0.2144999755,"0.439,1.0,0.785","0.511,0.635,0.164",0.305
AGE0000358,AGE_SEX,3d,Ray Lab Data - 3d_significant.csv,0d1be8bed10c0765b51202fa8b63dcf8c60d2e5da9746c3eea0bfa810b8d4b95,359,FBgn0051140;A5SS:chr3R:23963233-23965805:23963211-23965805:+,FBgn0051140;A5:3R:23963233-23965805:23963211-23965805:+,A5SS,chr3R,+,23963233-23965805:23963211-23965805,No,-0.273,0.02437673302,0.2250159971,3d_male_vs_female,3d,A5SS,No,Higher inclusion in female,1036,FBgn0051140,CG31140,chr3R,+,23963179,23963233,23963179,23963211,23965804,23966702,1036,"0,1,2","1,7,4","2,0,7","1,5,4",141,119,0.02437673302,0.2250159971,"0.0,0.108,0.297","0.628,0.0,0.596",-0.273
AGE0000359,AGE_SEX,3d,Ray Lab Data - 3d_significant.csv,0d1be8bed10c0765b51202fa8b63dcf8c60d2e5da9746c3eea0bfa810b8d4b95,360,FBgn0051140;A5SS:chr3R:23963233-23965800:23963223-23965800:+,FBgn0051140;A5:3R:23963233-23965800:23963223-23965800:+,A5SS,chr3R,+,23963233-23965800:23963223-23965800,No,0.039,0.02467467283,0.2255970087,3d_male_vs_female,3d,A5SS,No,Higher inclusion in male,1034,FBgn0051140,CG31140,chr3R,+,23963179,23963233,23963179,23963223,23965799,23966702,1034,"4,3,17","43,56,145","0,7,6","37,82,162",129,119,0.02467467283,0.2255970087,"0.079,0.047,0.098","0.0,0.073,0.033",0.039
AGE0000360,AGE_SEX,3d,Ray Lab Data - 3d_significant.csv,0d1be8bed10c0765b51202fa8b63dcf8c60d2e5da9746c3eea0bfa810b8d4b95,361,FBgn0262483;A5SS:chr3R:15375322-15381163:15374968-15381163:+,FBgn0262483;A5:3R:15375322-15381163:15374968-15381163:+,A5SS,chr3R,+,15375322-15381163:15374968-15381163,No,-0.025,0.02583736595,0.233998786,3d_male_vs_female,3d,A5SS,No,Higher inclusion in female,452,FBgn0262483,Rbp,chr3R,+,15374634,15375322,15374634,15374968,15381162,15381328,452,"312,895,1616","12,21,16","289,1431,2646","8,24,13",473,119,0.02583736595,0.233998786,"0.867,0.915,0.962","0.901,0.938,0.981",-0.025
AGE0000361,AGE_SEX,3d,Ray Lab Data - 3d_significant.csv,0d1be8bed10c0765b51202fa8b63dcf8c60d2e5da9746c3eea0bfa810b8d4b95,362,FBgn0026374;A5SS:chrX:15789112-15790247:15788957-15790247:+,FBgn0026374;A5:X:15789112-15790247:15788957-15790247:+,A5SS,chrX,+,15789112-15790247:15788957-15790247,No,0.033,0.02615007912,0.2346175323,3d_male_vs_female,3d,A5SS,No,Higher inclusion in male,287,FBgn0026374,Rhp,chrX,+,15788896,15789112,15788896,15788957,15790246,15790388,287,"7,1,0","1,0,1","2,0,13","0,2,3",274,119,0.02615007912,0.2346175323,"0.752,1.0,0.0","1.0,0.0,0.653",0.033
AGE0000362,AGE_SEX,3d,Ray Lab Data - 3d_significant.csv,0d1be8bed10c0765b51202fa8b63dcf8c60d2e5da9746c3eea0bfa810b8d4b95,363,FBgn0044323;A5SS:chr2L:8031035-8032060:8030839-8032060:+,FBgn0044323;A5:2L:8031035-8032060:8030839-8032060:+,A5SS,chr2L,+,8031035-8032060:8030839-8032060,No,0.106,0.03045821779,0.2707397137,3d_male_vs_female,3d,A5SS,No,Higher inclusion in male,1607,FBgn0044323,Cka,chr2L,+,8030720,8031035,8030720,8030839,8032059,8032641,1607,"0,8,1","1,1,0","1,3,3","0,6,3",315,119,0.03045821779,0.2707397137,"0.0,0.751,1.0","1.0,0.159,0.274",0.106
AGE0000363,AGE_SEX,3d,Ray Lab Data - 3d_significant.csv,0d1be8bed10c0765b51202fa8b63dcf8c60d2e5da9746c3eea0bfa810b8d4b95,364,FBgn0261617;A5SS:chrX:9684151-9685503:9684151-9685550:-,FBgn0261617;A5:X:9684151-9685503:9684151-9685550:-,A5SS,chrX,-,9684151-9685503:9684151-9685550,No,-0.117,0.03115706819,0.2733016438,3d_male_vs_female,3d,A5SS,No,Higher inclusion in female,2093,FBgn0261617,nej,chrX,-,9685502,9685667,9685549,9685667,9682551,9684151,2093,"27,21,22","5,1,10","28,29,62","1,5,3",166,119,0.03115706819,0.2733016438,"0.795,0.938,0.612","0.953,0.806,0.937",-0.117
AGE0000364,AGE_SEX,3d,Ray Lab Data - 3d_significant.csv,0d1be8bed10c0765b51202fa8b63dcf8c60d2e5da9746c3eea0bfa810b8d4b95,365,FBgn0086758;A5SS:chr2L:1651712-1652775:1651429-1652775:+,FBgn0086758;A5:2L:1651712-1652775:1651429-1652775:+,A5SS,chr2L,+,1651712-1652775:1651429-1652775,No,-0.028,0.03131581335,0.2733016438,3d_male_vs_female,3d,A5SS,No,Higher inclusion in female,1374,FBgn0086758,chinmo,chr2L,+,1651257,1651712,1651257,1651429,1652774,1653835,1374,"537,732,1289","11,23,46","595,1324,2426","9,25,58",402,119,0.03131581335,0.2733016438,"0.935,0.904,0.892","0.951,0.94,0.925",-0.028
AGE0000365,AGE_SEX,3d,Ray Lab Data - 3d_significant.csv,0d1be8bed10c0765b51202fa8b63dcf8c60d2e5da9746c3eea0bfa810b8d4b95,366,FBgn0040324;A5SS:chr4:572171-573613:571863-573613:+,FBgn0040324;A5:4:572171-573613:571863-573613:+,A5SS,chr4,+,572171-573613:571863-573613,No,0.237,0.03239008931,0.2801305021,3d_male_vs_female,3d,A5SS,No,Higher inclusion in male,789,FBgn0040324,Ephrin,chr4,+,571754,572171,571754,571863,573612,574428,789,"9,23,23","0,0,0","6,51,54","2,0,3",427,119,0.03239008931,0.2801305021,"1.0,1.0,1.0","0.455,1.0,0.834",0.237
AGE0000366,AGE_SEX,3d,Ray Lab Data - 3d_significant.csv,0d1be8bed10c0765b51202fa8b63dcf8c60d2e5da9746c3eea0bfa810b8d4b95,367,FBgn0004656;A5SS:chrX:8056137-8056317:8056137-8056610:-,FBgn0004656;A5:X:8056137-8056317:8056137-8056610:-,A5SS,chrX,-,8056137-8056317:8056137-8056610,No,-0.47,0.03587873901,0.3075320486,3d_male_vs_female,3d,A5SS,No,Higher inclusion in female,1781,FBgn0004656,fs(1)h,chrX,-,8056316,8056701,8056609,8056701,8055966,8056137,1781,"0,5,0","1,1,7","5,4,0","0,0,7",412,119,0.03587873901,0.3075320486,"0.0,0.591,0.0","1.0,1.0,0.0",-0.47
AGE0000367,AGE_SEX,3d,Ray Lab Data - 3d_significant.csv,0d1be8bed10c0765b51202fa8b63dcf8c60d2e5da9746c3eea0bfa810b8d4b95,368,FBgn0032305;A5SS:chr2L:10842273-10842381:10842273-10842385:-,FBgn0032305;A5:2L:10842273-10842381:10842273-10842385:-,A5SS,chr2L,-,10842273-10842381:10842273-10842385,No,-0.117,0.03622088324,0.3077172381,3d_male_vs_female,3d,A5SS,No,Higher inclusion in female,1499,FBgn0032305,CG6700,chr2L,-,10842380,10842597,10842384,10842597,10840866,10842273,1499,"3,7,4","0,0,6","3,9,8","1,0,0",123,119,0.03622088324,0.3077172381,"1.0,1.0,0.392","0.744,1.0,1.0",-0.117
AGE0000368,AGE_SEX,3d,Ray Lab Data - 3d_significant.csv,0d1be8bed10c0765b51202fa8b63dcf8c60d2e5da9746c3eea0bfa810b8d4b95,369,FBgn0010280;A5SS:chr3L:16116619-16117545:16116241-16117545:+,FBgn0010280;A5:3L:16116619-16117545:16116241-16117545:+,A5SS,chr3L,+,16116619-16117545:16116241-16117545,No,-0.257,0.03673687974,0.3093631978,3d_male_vs_female,3d,A5SS,No,Higher inclusion in female,64,FBgn0010280,Taf4,chr3L,+,16116031,16116619,16116031,16116241,16117544,16118108,64,"12,5,21","0,4,0","8,21,15","0,0,0",497,119,0.03673687974,0.3093631978,"1.0,0.23,1.0","1.0,1.0,1.0",-0.257
AGE0000369,AGE_SEX,3d,Ray Lab Data - 3d_significant.csv,0d1be8bed10c0765b51202fa8b63dcf8c60d2e5da9746c3eea0bfa810b8d4b95,370,FBgn0030685;A5SS:chrX:15758317-15760240:15758317-15760467:-,FBgn0030685;A5:X:15758317-15760240:15758317-15760467:-,A5SS,chrX,-,15758317-15760240:15758317-15760467,No,0.129,0.03709958351,0.3097008711,3d_male_vs_female,3d,A5SS,No,Higher inclusion in male,135,FBgn0030685,Graf,chrX,-,15760239,15760649,15760466,15760649,15757855,15758317,135,"55,54,71","0,3,9","55,120,175","6,8,39",346,119,0.03709958351,0.3097008711,"1.0,0.861,0.731","0.759,0.838,0.607",0.129
AGE0000370,AGE_SEX,3d,Ray Lab Data - 3d_significant.csv,0d1be8bed10c0765b51202fa8b63dcf8c60d2e5da9746c3eea0bfa810b8d4b95,371,FBgn0036958;A5SS:chr3L:20240532-20241119:20240532-20241319:-,FBgn0036958;A5:3L:20240532-20241119:20240532-20241319:-,A5SS,chr3L,-,20240532-20241119:20240532-20241319,No,0.017,0.03785663693,0.3132963056,3d_male_vs_female,3d,A5SS,No,Higher inclusion in male,97,FBgn0036958,CG17233,chr3L,-,20241118,20241518,20241318,20241518,20239862,20240532,97,"27,24,47","0,0,3","25,47,65","0,0,6",319,119,0.03785663693,0.3132963056,"1.0,1.0,0.854","1.0,1.0,0.802",0.017
AGE0000371,AGE_SEX,3d,Ray Lab Data - 3d_significant.csv,0d1be8bed10c0765b51202fa8b63dcf8c60d2e5da9746c3eea0bfa810b8d4b95,372,FBgn0014396;A5SS:chr2L:3506756-3507189:3506756-3507196:-,FBgn0014396;A5:2L:3506756-3507189:3506756-3507196:-,A5SS,chr2L,-,3506756-3507189:3506756-3507196,No,-0.229,0.03974731115,0.3261317838,3d_male_vs_female,3d,A5SS,No,Higher inclusion in female,1984,FBgn0014396,tim,chr2L,-,3507188,3507218,3507195,3507218,3506557,3506756,1984,"1,1,1","2,2,1","1,5,8","2,2,2",126,119,0.03974731115,0.3261317838,"0.321,0.321,0.486","0.321,0.702,0.791",-0.229
AGE0000372,AGE_SEX,3d,Ray Lab Data - 3d_significant.csv,0d1be8bed10c0765b51202fa8b63dcf8c60d2e5da9746c3eea0bfa810b8d4b95,373,FBgn0052057;A5SS:chr3L:10182515-10185925:10182515-10186023:-,FBgn0052057;A5:3L:10182515-10185925:10182515-10186023:-,A5SS,chr3L,-,10182515-10185925:10182515-10186023,No,0.02,0.04126147379,0.3334064979,3d_male_vs_female,3d,A5SS,No,Higher inclusion in male,770,FBgn0052057,dpr10,chr3L,-,10185924,10186108,10186022,10186108,10182242,10182515,770,"96,209,322","1,7,9","137,285,515","1,13,30",217,119,0.04126147379,0.3334064979,"0.981,0.942,0.952","0.987,0.923,0.904",0.02
AGE0000373,AGE_SEX,3d,Ray Lab Data - 3d_significant.csv,0d1be8bed10c0765b51202fa8b63dcf8c60d2e5da9746c3eea0bfa810b8d4b95,374,FBgn0016726;A5SS:chr2R:21293874-21294054:21293789-21294054:+,FBgn0016726;A5:2R:21293874-21294054:21293789-21294054:+,A5SS,chr2R,+,21293874-21294054:21293789-21294054,No,-0.002,0.0413285138,0.3334064979,3d_male_vs_female,3d,A5SS,No,Higher inclusion in female,1849,FBgn0016726,RpL29,chr2R,+,21293767,21293874,21293767,21293789,21294053,21294161,1849,"2103,3403,5528","10,43,55","2094,5406,9785","24,26,67",204,119,0.0413285138,0.3334064979,"0.992,0.979,0.983","0.981,0.992,0.988",-0.002
AGE0000374,AGE_SEX,3d,Ray Lab Data - 3d_significant.csv,0d1be8bed10c0765b51202fa8b63dcf8c60d2e5da9746c3eea0bfa810b8d4b95,375,FBgn0052767;A5SS:chrX:5082239-5082882:5082239-5083001:-,FBgn0052767;A5:X:5082239-5082882:5082239-5083001:-,A5SS,chrX,-,5082239-5082882:5082239-5083001,No,0.032,0.041797747,0.334381976,3d_male_vs_female,3d,A5SS,No,Higher inclusion in male,1131,FBgn0052767,CG32767,chrX,-,5082881,5083025,5083000,5083025,5081485,5082239,1131,"19,35,58","0,0,1","17,40,114","0,1,5",238,119,0.041797747,0.334381976,"1.0,1.0,0.967","1.0,0.952,0.919",0.032
AGE0000375,AGE_SEX,3d,Ray Lab Data - 3d_significant.csv,0d1be8bed10c0765b51202fa8b63dcf8c60d2e5da9746c3eea0bfa810b8d4b95,376,FBgn0035538;A5SS:chr3L:4379596-4379931:4379596-4380309:-,FBgn0035538;A5:3L:4379596-4379931:4379596-4380309:-,A5SS,chr3L,-,4379596-4379931:4379596-4380309,No,-0.034,0.04375925361,0.3471808551,3d_male_vs_female,3d,A5SS,No,Higher inclusion in female,181,FBgn0035538,DopEcR,chr3L,-,4379930,4380387,4380308,4380387,4379420,4379596,181,"328,520,769","18,10,21","271,740,1683","11,8,31",497,119,0.04375925361,0.3471808551,"0.814,0.926,0.898","0.855,0.957,0.929",-0.034
AGE0000376,AGE_SEX,3d,Ray Lab Data - 3d_significant.csv,0d1be8bed10c0765b51202fa8b63dcf8c60d2e5da9746c3eea0bfa810b8d4b95,377,FBgn0036446;A5SS:chr3L:14763434-14763754:14763262-14763754:+,FBgn0036446;A5:3L:14763434-14763754:14763262-14763754:+,A5SS,chr3L,+,14763434-14763754:14763262-14763754,No,0.178,0.0462051537,0.3581856864,3d_male_vs_female,3d,A5SS,No,Higher inclusion in male,1518,FBgn0036446,Mgat4a,chr3L,+,14763203,14763434,14763203,14763262,14763753,14767703,1518,"1,16,4","1,2,0","1,23,33","1,3,15",291,119,0.0462051537,0.3581856864,"0.29,0.766,1.0","0.29,0.758,0.474",0.178
AGE0000377,AGE_SEX,3d,Ray Lab Data - 3d_significant.csv,0d1be8bed10c0765b51202fa8b63dcf8c60d2e5da9746c3eea0bfa810b8d4b95,378,FBgn0261383;A5SS:chrX:5744699-5746772:5744699-5747102:-,FBgn0261383;A5:X:5744699-5746772:5744699-5747102:-,A5SS,chrX,-,5744699-5746772:5744699-5747102,No,0.077,0.04598589241,0.3581856864,3d_male_vs_female,3d,A5SS,No,Higher inclusion in male,1008,FBgn0261383,IntS6,chrX,-,5746771,5747254,5747101,5747254,5744355,5744699,1008,"42,36,115","15,30,64","14,53,119","7,53,123",449,119,0.04598589241,0.3581856864,"0.426,0.241,0.323","0.346,0.21,0.204",0.077
AGE0000378,AGE_SEX,3d,Ray Lab Data - 3d_significant.csv,0d1be8bed10c0765b51202fa8b63dcf8c60d2e5da9746c3eea0bfa810b8d4b95,379,FBgn0003371;A5SS:chrX:2634178-2641798:2634025-2641798:+,FBgn0003371;A5:X:2634178-2641798:2634025-2641798:+,A5SS,chrX,+,2634178-2641798:2634025-2641798,No,0.061,0.04627141509,0.3581856864,3d_male_vs_female,3d,A5SS,No,Higher inclusion in male,1062,FBgn0003371,sgg,chrX,+,2633951,2634178,2633951,2634025,2641797,2642093,1062,"24,34,57","0,2,1","34,45,153","1,6,3",272,119,0.04627141509,0.3581856864,"1.0,0.881,0.961","0.937,0.766,0.957",0.061
AGE0000379,AGE_SEX,3d,Ray Lab Data - 3d_significant.csv,0d1be8bed10c0765b51202fa8b63dcf8c60d2e5da9746c3eea0bfa810b8d4b95,380,FBgn0262483;A5SS:chr3R:15375677-15381163:15374968-15381163:+,FBgn0262483;A5:3R:15375677-15381163:15374968-15381163:+,A5SS,chr3R,+,15375677-15381163:15374968-15381163,No,-0.038,0.04663876125,0.3581856864,3d_male_vs_female,3d,A5SS,No,Higher inclusion in female,453,FBgn0262483,Rbp,chr3R,+,15374634,15375677,15374634,15374968,15381162,15381328,453,"314,929,1685","12,21,16","294,1467,2750","8,24,13",828,119,0.04663876125,0.3581856864,"0.79,0.864,0.938","0.841,0.898,0.968",-0.038
AGE0000380,AGE_SEX,3d,Ray Lab Data - 3d_significant.csv,0d1be8bed10c0765b51202fa8b63dcf8c60d2e5da9746c3eea0bfa810b8d4b95,381,FBgn0039229;RI:chr3R:24818803:24818849-24821097:24821246:+,FBgn0039229;RI:3R:24818803:24818849-24821097:24821246:+,RI,chr3R,+,24818803:24818849-24821097:24821246,Yes,0.17,0.00000008443231658,0.0000473665296,3d_male_vs_female,3d,RI,Yes,Higher inclusion in male,1314,FBgn0039229,Saf-B,chr3R,+,24818802,24821246,24818802,24818849,24821096,24821246,1314,"344,323,499","0,0,0","394,543,958","0,8,19",2366,119,0.00000008443231658,0.0000473665296,"1.0,1.0,1.0","1.0,0.773,0.717",0.17
AGE0000381,AGE_SEX,3d,Ray Lab Data - 3d_significant.csv,0d1be8bed10c0765b51202fa8b63dcf8c60d2e5da9746c3eea0bfa810b8d4b95,382,FBgn0028577;RI:chr3L:1499043:1501397-1501799:1501892:-,FBgn0028577;RI:3L:1499043:1501397-1501799:1501892:-,RI,chr3L,-,1499043:1501397-1501799:1501892,Yes,0.306,0.0000001876622715,0.00005263926716,3d_male_vs_female,3d,RI,Yes,Higher inclusion in male,148,FBgn0028577,hfp,chr3L,-,1499042,1501892,1499042,1501397,1501798,1501892,148,"21,9,15","4,3,13","3,12,6","6,20,64",520,119,0.0000001876622715,0.00005263926716,"0.546,0.407,0.209","0.103,0.121,0.021",0.306
AGE0000382,AGE_SEX,3d,Ray Lab Data - 3d_significant.csv,0d1be8bed10c0765b51202fa8b63dcf8c60d2e5da9746c3eea0bfa810b8d4b95,383,FBgn0039229;RI:chr3R:24818803:24820767-24821097:24821246:+,FBgn0039229;RI:3R:24818803:24820767-24821097:24821246:+,RI,chr3R,+,24818803:24820767-24821097:24821246,Yes,-0.558,0.0000007075581414,0.0001006964434,3d_male_vs_female,3d,RI,Yes,Higher inclusion in female,1315,FBgn0039229,Saf-B,chr3R,+,24818802,24821246,24818802,24820767,24821096,24821246,1315,"2,4,11","4,4,1","5,11,19","0,1,0",448,119,0.0000007075581414,0.0001006964434,"0.117,0.21,0.745","1.0,0.745,1.0",-0.558
AGE0000383,AGE_SEX,3d,Ray Lab Data - 3d_significant.csv,0d1be8bed10c0765b51202fa8b63dcf8c60d2e5da9746c3eea0bfa810b8d4b95,384,FBgn0061200;RI:chrX:16599241:16599639-16599724:16600313:+,FBgn0061200;RI:X:16599241:16599639-16599724:16600313:+,RI,chrX,+,16599241:16599639-16599724:16600313,Yes,-0.329,0.000001026561576,0.0001151802088,3d_male_vs_female,3d,RI,Yes,Higher inclusion in female,1404,FBgn0061200,Nup153,chrX,+,16599240,16600313,16599240,16599639,16599723,16600313,1404,"11,14,47","6,20,33","24,85,183","7,11,33",203,119,0.000001026561576,0.0001151802088,"0.518,0.291,0.455","0.668,0.819,0.765",-0.329
AGE0000384,AGE_SEX,3d,Ray Lab Data - 3d_significant.csv,0d1be8bed10c0765b51202fa8b63dcf8c60d2e5da9746c3eea0bfa810b8d4b95,385,FBgn0033951;RI:chr2R:14645270:14645309-14645374:14645556:+,FBgn0033951;RI:2R:14645270:14645309-14645374:14645556:+,RI,chr2R,+,14645270:14645309-14645374:14645556,Yes,0.179,0.000001497715814,0.0001400364286,3d_male_vs_female,3d,RI,Yes,Higher inclusion in male,392,FBgn0033951,CG10139,chr2R,+,14645269,14645556,14645269,14645309,14645373,14645556,392,"9,6,14","0,0,0","1,18,35","0,4,9",183,119,0.000001497715814,0.0001400364286,"1.0,1.0,1.0","1.0,0.745,0.717",0.179
AGE0000385,AGE_SEX,3d,Ray Lab Data - 3d_significant.csv,0d1be8bed10c0765b51202fa8b63dcf8c60d2e5da9746c3eea0bfa810b8d4b95,386,FBgn0004244;RI:chr3L:9151248:9151484-9151572:9151873:-,FBgn0004244;RI:3L:9151248:9151484-9151572:9151873:-,RI,chr3L,-,9151248:9151484-9151572:9151873,Yes,-0.206,0.000001761847729,0.0001411995109,3d_male_vs_female,3d,RI,Yes,Higher inclusion in female,32,FBgn0004244,Rdl,chr3L,-,9151247,9151873,9151247,9151484,9151571,9151873,32,"16,5,29","3,0,10","7,7,13","0,0,0",206,119,0.000001761847729,0.0001411995109,"0.755,1.0,0.626","1.0,1.0,1.0",-0.206
AGE0000386,AGE_SEX,3d,Ray Lab Data - 3d_significant.csv,0d1be8bed10c0765b51202fa8b63dcf8c60d2e5da9746c3eea0bfa810b8d4b95,387,FBgn0037094;RI:chr3L:21523186:21523298-21524722:21525716:+,FBgn0037094;RI:3L:21523186:21523298-21524722:21525716:+,RI,chr3L,+,21523186:21523298-21524722:21525716,Yes,0.351,0.000002608650168,0.000182931593,3d_male_vs_female,3d,RI,Yes,Higher inclusion in male,1025,FBgn0037094,CG7611,chr3L,+,21523185,21525716,21523185,21523298,21524721,21525716,1025,"48,43,32","0,0,0","44,28,76","0,4,4",1542,119,0.000002608650168,0.000182931593,"1.0,1.0,1.0","1.0,0.351,0.595",0.351
AGE0000387,AGE_SEX,3d,Ray Lab Data - 3d_significant.csv,0d1be8bed10c0765b51202fa8b63dcf8c60d2e5da9746c3eea0bfa810b8d4b95,388,FBgn0029914;RI:chrX:6849770:6851052-6851300:6851884:+,FBgn0029914;RI:X:6849770:6851052-6851300:6851884:+,RI,chrX,+,6849770:6851052-6851300:6851884,Yes,0.317,0.00000806930156,0.0004115343796,3d_male_vs_female,3d,RI,Yes,Higher inclusion in male,376,FBgn0029914,CG4558,chrX,+,6849769,6851884,6849769,6851052,6851299,6851884,376,"7,10,6","0,0,0","5,6,35","0,3,6",366,119,0.00000806930156,0.0004115343796,"1.0,1.0,1.0","1.0,0.394,0.655",0.317
AGE0000388,AGE_SEX,3d,Ray Lab Data - 3d_significant.csv,0d1be8bed10c0765b51202fa8b63dcf8c60d2e5da9746c3eea0bfa810b8d4b95,389,FBgn0285879;RI:chrX:16146864:16147209-16148742:16148977:-,FBgn0285879;RI:X:16146864:16147209-16148742:16148977:-,RI,chrX,-,16146864:16147209-16148742:16148977,Yes,0.36,0.0000154095019,0.000720394214,3d_male_vs_female,3d,RI,Yes,Higher inclusion in male,162,FBgn0285879,disco-r,chrX,-,16146863,16148977,16146863,16147209,16148741,16148977,162,"22,47,47","1,0,0","23,104,367","3,6,16",1651,119,0.0000154095019,0.000720394214,"0.613,1.0,1.0","0.356,0.555,0.623",0.36
AGE0000389,AGE_SEX,3d,Ray Lab Data - 3d_significant.csv,0d1be8bed10c0765b51202fa8b63dcf8c60d2e5da9746c3eea0bfa810b8d4b95,390,FBgn0284257;RI:chr2R:18430737:18430885-18431173:18431357:-,FBgn0284257;RI:2R:18430737:18430885-18431173:18431357:-,RI,chr2R,-,18430737:18430885-18431173:18431357,Yes,0.113,0.00003595365345,0.001426959604,3d_male_vs_female,3d,RI,Yes,Higher inclusion in male,164,FBgn0284257,Ttd14,chr2R,-,18430736,18431357,18430736,18430885,18431172,18431357,164,"99,196,166","49,106,140","89,218,336","83,205,497",406,119,0.00003595365345,0.001426959604,"0.372,0.351,0.258","0.239,0.238,0.165",0.113
AGE0000390,AGE_SEX,3d,Ray Lab Data - 3d_significant.csv,0d1be8bed10c0765b51202fa8b63dcf8c60d2e5da9746c3eea0bfa810b8d4b95,391,FBgn0000719;RI:chrX:22853807:22854332-22855043:22855194:-,FBgn0000719;RI:X:22853807:22854332-22855043:22855194:-,RI,chrX,-,22853807:22854332-22855043:22855194,Yes,0.513,0.000059531683,0.001908109286,3d_male_vs_female,3d,RI,Yes,Higher inclusion in male,342,FBgn0000719,fog,chrX,-,22853806,22855194,22853806,22854332,22855042,22855194,342,"11,11,1","0,0,0","7,9,18","2,1,2",829,119,0.000059531683,0.001908109286,"1.0,1.0,1.0","0.334,0.564,0.564",0.513
AGE0000391,AGE_SEX,3d,Ray Lab Data - 3d_significant.csv,0d1be8bed10c0765b51202fa8b63dcf8c60d2e5da9746c3eea0bfa810b8d4b95,392,FBgn0021764;RI:chrX:686834:687074-687573:687858:+,FBgn0021764;RI:X:686834:687074-687573:687858:+,RI,chrX,+,686834:687074-687573:687858,Yes,-0.235,0.00005773910176,0.001908109286,3d_male_vs_female,3d,RI,Yes,Higher inclusion in female,1171,FBgn0021764,sdk,chrX,+,686833,687858,686833,687074,687572,687858,1171,"11,6,32","1,0,7","12,30,44","0,1,0",617,119,0.00005773910176,0.001908109286,"0.68,1.0,0.469","1.0,0.853,1.0",-0.235
AGE0000392,AGE_SEX,3d,Ray Lab Data - 3d_significant.csv,0d1be8bed10c0765b51202fa8b63dcf8c60d2e5da9746c3eea0bfa810b8d4b95,393,FBgn0288229;RI:chr2L:122624:122994-123081:123629:-,FBgn0288229;RI:2L:122624:122994-123081:123629:-,RI,chr2L,-,122624:122994-123081:123629,Yes,0.187,0.00006122275783,0.001908109286,3d_male_vs_female,3d,RI,Yes,Higher inclusion in male,150,FBgn0288229,CG3164,chr2L,-,122623,123629,122623,122994,123080,123629,150,"17,6,3","1,0,0","29,30,97","0,6,37",205,119,0.00006122275783,0.001908109286,"0.908,1.0,1.0","1.0,0.744,0.603",0.187
AGE0000393,AGE_SEX,3d,Ray Lab Data - 3d_significant.csv,0d1be8bed10c0765b51202fa8b63dcf8c60d2e5da9746c3eea0bfa810b8d4b95,394,FBgn0004107;RI:chr3R:20736985:20737184-20737260:20737330:+,FBgn0004107;RI:3R:20736985:20737184-20737260:20737330:+,RI,chr3R,+,20736985:20737184-20737260:20737330,Yes,0.26,0.00008430965266,0.002489353429,3d_male_vs_female,3d,RI,Yes,Higher inclusion in male,421,FBgn0004107,Cdk2,chr3R,+,20736984,20737330,20736984,20737184,20737259,20737330,421,"17,26,75","1,3,9","8,49,73","4,18,26",194,119,0.00008430965266,0.002489353429,"0.912,0.842,0.836","0.551,0.625,0.633",0.26
AGE0000394,AGE_SEX,3d,Ray Lab Data - 3d_significant.csv,0d1be8bed10c0765b51202fa8b63dcf8c60d2e5da9746c3eea0bfa810b8d4b95,395,FBgn0263198;RI:chr2L:19045355:19045436-19045522:19047047:+,FBgn0263198;RI:2L:19045355:19045436-19045522:19047047:+,RI,chr2L,+,19045355:19045436-19045522:19047047,Yes,-0.401,0.0002804313113,0.007313642612,3d_male_vs_female,3d,RI,Yes,Higher inclusion in female,296,FBgn0263198,Acn,chr2L,+,19045354,19047047,19045354,19045436,19045521,19047047,296,"5,1,3","3,1,1","4,5,6","1,0,0",204,119,0.0002804313113,0.007313642612,"0.493,0.368,0.636","0.7,1.0,1.0",-0.401
AGE0000395,AGE_SEX,3d,Ray Lab Data - 3d_significant.csv,0d1be8bed10c0765b51202fa8b63dcf8c60d2e5da9746c3eea0bfa810b8d4b95,396,FBgn0053180;RI:chrX:15929173:15929258-15929341:15929402:-,FBgn0053180;RI:X:15929173:15929258-15929341:15929402:-,RI,chrX,-,15929173:15929258-15929341:15929402,Yes,-0.228,0.0003370506008,0.008221103785,3d_male_vs_female,3d,RI,Yes,Higher inclusion in female,97,FBgn0053180,Ranbp16,chrX,-,15929172,15929402,15929172,15929258,15929340,15929402,97,"4,0,3","8,26,12","4,10,11","3,14,15",201,119,0.0003370506008,0.008221103785,"0.228,0.0,0.129","0.441,0.297,0.303",-0.228
AGE0000396,AGE_SEX,3d,Ray Lab Data - 3d_significant.csv,0d1be8bed10c0765b51202fa8b63dcf8c60d2e5da9746c3eea0bfa810b8d4b95,397,FBgn0261276;RI:chr2R:14231492:14231964-14232725:14232903:-,FBgn0261276;RI:2R:14231492:14231964-14232725:14232903:-,RI,chr2R,-,14231492:14231964-14232725:14232903,Yes,0.493,0.0004932585029,0.01145595557,3d_male_vs_female,3d,RI,Yes,Higher inclusion in male,1605,FBgn0261276,Opa1,chr2R,-,14231491,14232903,14231491,14231964,14232724,14232903,1605,"1,6,1","0,1,0","0,12,4","1,1,1",879,119,0.0004932585029,0.01145595557,"1.0,0.448,1.0","0.0,0.619,0.351",0.493
AGE0000397,AGE_SEX,3d,Ray Lab Data - 3d_significant.csv,0d1be8bed10c0765b51202fa8b63dcf8c60d2e5da9746c3eea0bfa810b8d4b95,398,FBgn0053639;RI:chrX:18225097:18225524-18225648:18226076:-,FBgn0053639;RI:X:18225097:18225524-18225648:18226076:-,RI,chrX,-,18225097:18225524-18225648:18226076,Yes,-0.116,0.0005186444947,0.01145595557,3d_male_vs_female,3d,RI,Yes,Higher inclusion in female,668,FBgn0053639,CG33639,chrX,-,18225096,18226076,18225096,18225524,18225647,18226076,668,"42,143,145","47,139,304","89,309,762","60,244,628",242,119,0.0005186444947,0.01145595557,"0.305,0.336,0.19","0.422,0.384,0.374",-0.116
AGE0000398,AGE_SEX,3d,Ray Lab Data - 3d_significant.csv,0d1be8bed10c0765b51202fa8b63dcf8c60d2e5da9746c3eea0bfa810b8d4b95,399,FBgn0026620;RI:chr3R:4734412:4734853-4735165:4735346:-,FBgn0026620;RI:3R:4734412:4734853-4735165:4735346:-,RI,chr3R,-,4734412:4734853-4735165:4735346,Yes,-0.207,0.0008893866441,0.01847947805,3d_male_vs_female,3d,RI,Yes,Higher inclusion in female,1475,FBgn0026620,tacc,chr3R,-,4734411,4735346,4734411,4734853,4735164,4735346,1475,"21,21,16","3,2,1","41,38,99","0,2,0",430,119,0.0008893866441,0.01847947805,"0.66,0.744,0.816","1.0,0.84,1.0",-0.207
AGE0000399,AGE_SEX,3d,Ray Lab Data - 3d_significant.csv,0d1be8bed10c0765b51202fa8b63dcf8c60d2e5da9746c3eea0bfa810b8d4b95,400,FBgn0024807;RI:chrX:21628361:21628709-21629974:21630148:-,FBgn0024807;RI:X:21628361:21628709-21629974:21630148:-,RI,chrX,-,21628361:21628709-21629974:21630148,Yes,0.134,0.001568829881,0.03143262725,3d_male_vs_female,3d,RI,Yes,Higher inclusion in male,1372,FBgn0024807,DIP1,chrX,-,21628360,21630148,21628360,21628709,21629973,21630148,1372,"14,49,53","0,0,0","22,64,176","0,1,5",1383,119,0.001568829881,0.03143262725,"1.0,1.0,1.0","1.0,0.846,0.752",0.134
AGE0000400,AGE_SEX,3d,Ray Lab Data - 3d_significant.csv,0d1be8bed10c0765b51202fa8b63dcf8c60d2e5da9746c3eea0bfa810b8d4b95,401,FBgn0014189;RI:chr2L:5540169:5540300-5540972:5541090:-,FBgn0014189;RI:2L:5540169:5540300-5540972:5541090:-,RI,chr2L,-,5540169:5540300-5540972:5541090,Yes,0.182,0.001753809302,0.03279623395,3d_male_vs_female,3d,RI,Yes,Higher inclusion in male,754,FBgn0014189,Hel25E,chr2L,-,5540168,5541090,5540168,5540300,5540971,5541090,754,"10,6,25","0,1,0","7,17,27","3,0,2",790,119,0.001753809302,0.03279623395,"1.0,0.475,1.0","0.26,1.0,0.67",0.182
AGE0000401,AGE_SEX,3d,Ray Lab Data - 3d_significant.csv,0d1be8bed10c0765b51202fa8b63dcf8c60d2e5da9746c3eea0bfa810b8d4b95,402,FBgn0032036;RI:chr2L:8384455:8384540-8384700:8384895:+,FBgn0032036;RI:2L:8384455:8384540-8384700:8384895:+,RI,chr2L,+,8384455:8384540-8384700:8384895,Yes,0.212,0.002477935062,0.04344129906,3d_male_vs_female,3d,RI,Yes,Higher inclusion in male,947,FBgn0032036,CG13384,chr2L,+,8384454,8384895,8384454,8384540,8384699,8384895,947,"2,1,14","1,2,0","0,0,2","3,8,0",278,119,0.002477935062,0.04344129906,"0.461,0.176,1.0","0.0,0.0,1.0",0.212
AGE0000402,AGE_SEX,3d,Ray Lab Data - 3d_significant.csv,0d1be8bed10c0765b51202fa8b63dcf8c60d2e5da9746c3eea0bfa810b8d4b95,403,FBgn0031948;RI:chr2L:7786160:7786424-7786701:7787031:-,FBgn0031948;RI:2L:7786160:7786424-7786701:7787031:-,RI,chr2L,-,7786160:7786424-7786701:7787031,Yes,0.26,0.002745689429,0.0466767203,3d_male_vs_female,3d,RI,Yes,Higher inclusion in male,838,FBgn0031948,CG7149,chr2L,-,7786159,7787031,7786159,7786424,7786700,7787031,838,"56,30,50","0,4,0","19,29,92","6,9,2",395,119,0.002745689429,0.0466767203,"1.0,0.693,1.0","0.488,0.493,0.933",0.26
AGE0000403,AGE_SEX,3d,Ray Lab Data - 3d_significant.csv,0d1be8bed10c0765b51202fa8b63dcf8c60d2e5da9746c3eea0bfa810b8d4b95,404,FBgn0259936;RI:chr2L:20648189:20648248-20648420:20648479:+,FBgn0259936;RI:2L:20648189:20648248-20648420:20648479:+,RI,chr2L,+,20648189:20648248-20648420:20648479,No,0.053,0.0000007179782058,0.0001006964434,3d_male_vs_female,3d,RI,No,Higher inclusion in male,447,FBgn0259936,Uhg3,chr2L,+,20648188,20648479,20648188,20648248,20648419,20648479,447,"28,47,111","57,229,449","15,53,95","61,478,857",290,119,0.0000007179782058,0.0001006964434,"0.168,0.078,0.092","0.092,0.044,0.044",0.053
AGE0000404,AGE_SEX,3d,Ray Lab Data - 3d_significant.csv,0d1be8bed10c0765b51202fa8b63dcf8c60d2e5da9746c3eea0bfa810b8d4b95,405,FBgn0033429;RI:chr2R:9586110:9586231-9586290:9586595:-,FBgn0033429;RI:2R:9586110:9586231-9586290:9586595:-,RI,chr2R,-,9586110:9586231-9586290:9586595,No,0.025,0.000003829793122,0.0002387237712,3d_male_vs_female,3d,RI,No,Higher inclusion in male,1307,FBgn0033429,CG12929,chr2R,-,9586109,9586595,9586109,9586231,9586289,9586595,1307,"0,17,33","36,109,248","3,11,10","40,186,456",177,119,0.000003829793122,0.0002387237712,"0.0,0.095,0.082","0.048,0.038,0.015",0.025
AGE0000405,AGE_SEX,3d,Ray Lab Data - 3d_significant.csv,0d1be8bed10c0765b51202fa8b63dcf8c60d2e5da9746c3eea0bfa810b8d4b95,406,FBgn0010548;RI:chr2R:7466879:7467050-7467221:7467316:-,FBgn0010548;RI:2R:7466879:7467050-7467221:7467316:-,RI,chr2R,-,7466879:7467050-7467221:7467316,No,0.042,0.000004352622932,0.0002441821465,3d_male_vs_female,3d,RI,No,Higher inclusion in male,1230,FBgn0010548,Aldh-III,chr2R,-,7466878,7467316,7466878,7467050,7467220,7467316,1230,"84,209,286","0,3,0","53,298,550","0,10,21",289,119,0.000004352622932,0.0002441821465,"1.0,0.966,1.0","1.0,0.925,0.915",0.042
AGE0000406,AGE_SEX,3d,Ray Lab Data - 3d_significant.csv,0d1be8bed10c0765b51202fa8b63dcf8c60d2e5da9746c3eea0bfa810b8d4b95,407,FBgn0023526;RI:chrX:2292325:2293293-2293353:2293411:-,FBgn0023526;RI:X:2292325:2293293-2293353:2293411:-,RI,chrX,-,2292325:2293293-2293353:2293411,No,-0.048,0.00002587994389,0.001116819117,3d_male_vs_female,3d,RI,No,Higher inclusion in female,711,FBgn0023526,CG2865,chrX,-,2292324,2293411,2292324,2293293,2293352,2293411,711,"107,227,414","8,14,29","110,442,904","6,7,23",178,119,0.00002587994389,0.001116819117,"0.899,0.916,0.905","0.925,0.977,0.963",-0.048
AGE0000407,AGE_SEX,3d,Ray Lab Data - 3d_significant.csv,0d1be8bed10c0765b51202fa8b63dcf8c60d2e5da9746c3eea0bfa810b8d4b95,408,FBgn0040319;RI:chrX:8115417:8115580-8115992:8116147:-,FBgn0040319;RI:X:8115417:8115580-8115992:8116147:-,RI,chrX,-,8115417:8115580-8115992:8116147,No,0.08,0.00003815400012,0.001426959604,3d_male_vs_female,3d,RI,No,Higher inclusion in male,1177,FBgn0040319,Gclc,chrX,-,8115416,8116147,8115416,8115580,8115991,8116147,1177,"59,111,165","0,0,0","86,120,246","0,3,9",530,119,0.00003815400012,0.001426959604,"1.0,1.0,1.0","1.0,0.9,0.86",0.08
AGE0000408,AGE_SEX,3d,Ray Lab Data - 3d_significant.csv,0d1be8bed10c0765b51202fa8b63dcf8c60d2e5da9746c3eea0bfa810b8d4b95,409,FBgn0033313;RI:chr2R:8615903:8616078-8616327:8616516:+,FBgn0033313;RI:2R:8615903:8616078-8616327:8616516:+,RI,chr2R,+,8615903:8616078-8616327:8616516,No,-0.049,0.0001357226466,0.003807020238,3d_male_vs_female,3d,RI,No,Higher inclusion in female,1236,FBgn0033313,Cirl,chr2R,+,8615902,8616516,8615902,8616078,8616326,8616516,1236,"35,135,195","0,0,11","45,248,601","0,0,0",367,119,0.0001357226466,0.003807020238,"1.0,1.0,0.852","1.0,1.0,1.0",-0.049
AGE0000409,AGE_SEX,3d,Ray Lab Data - 3d_significant.csv,0d1be8bed10c0765b51202fa8b63dcf8c60d2e5da9746c3eea0bfa810b8d4b95,410,FBgn0037313;RI:chr3R:5356003:5356128-5356425:5356748:+,FBgn0037313;RI:3R:5356003:5356128-5356425:5356748:+,RI,chr3R,+,5356003:5356128-5356425:5356748,No,-0.024,0.0002868095142,0.007313642612,3d_male_vs_female,3d,RI,No,Higher inclusion in female,1411,FBgn0037313,CG1161,chr3R,+,5356002,5356748,5356002,5356128,5356424,5356748,1411,"26,34,33","236,357,354","42,68,112","148,590,606",415,119,0.0002868095142,0.007313642612,"0.031,0.027,0.026","0.075,0.032,0.05",-0.024
AGE0000410,AGE_SEX,3d,Ray Lab Data - 3d_significant.csv,0d1be8bed10c0765b51202fa8b63dcf8c60d2e5da9746c3eea0bfa810b8d4b95,411,FBgn0035357;RI:chr3L:2631715:2631916-2631977:2632121:+,FBgn0035357;RI:3L:2631715:2631916-2631977:2632121:+,RI,chr3L,+,2631715:2631916-2631977:2632121,No,-0.06,0.0005309355521,0.01145595557,3d_male_vs_female,3d,RI,No,Higher inclusion in female,134,FBgn0035357,MEP-1,chr3L,+,2631714,2632121,2631714,2631916,2631976,2632121,134,"0,0,0","31,39,128","5,14,0","46,74,220",179,119,0.0005309355521,0.01145595557,"0.0,0.0,0.0","0.067,0.112,0.0",-0.06
AGE0000411,AGE_SEX,3d,Ray Lab Data - 3d_significant.csv,0d1be8bed10c0765b51202fa8b63dcf8c60d2e5da9746c3eea0bfa810b8d4b95,412,FBgn0053526;RI:chr2L:870465:870552-871341:871576:+,FBgn0053526;RI:2L:870465:870552-871341:871576:+,RI,chr2L,+,870465:870552-871341:871576,No,0.098,0.001734297294,0.03279623395,3d_male_vs_female,3d,RI,No,Higher inclusion in male,1408,FBgn0053526,PNUTS,chr2L,+,870464,871576,870464,870552,871340,871576,1408,"128,296,271","0,3,0","114,297,535","3,6,5",907,119,0.001734297294,0.03279623395,"1.0,0.928,1.0","0.833,0.867,0.934",0.098
AGE0000412,AGE_SEX,3d,Ray Lab Data - 3d_significant.csv,0d1be8bed10c0765b51202fa8b63dcf8c60d2e5da9746c3eea0bfa810b8d4b95,413,FBgn0035639;RI:chr3L:5811386:5811918-5812065:5812228:+,FBgn0035639;RI:3L:5811386:5811918-5812065:5812228:+,RI,chr3L,+,5811386:5811918-5812065:5812228,No,-0.014,0.0020270517,0.03668309689,3d_male_vs_female,3d,RI,No,Higher inclusion in female,693,FBgn0035639,kri,chr3L,+,5811385,5812228,5811385,5811918,5812064,5812228,693,"311,477,655","2,2,16","209,727,1260","2,4,0",265,119,0.0020270517,0.03668309689,"0.986,0.991,0.948","0.979,0.988,1.0",-0.014
AGE0000413,AGE_SEX,3d,Ray Lab Data - 3d_significant.csv,0d1be8bed10c0765b51202fa8b63dcf8c60d2e5da9746c3eea0bfa810b8d4b95,414,FBgn0259789;RI:chrX:19775987:19782508-19782854:19783548:-,FBgn0259789;RI:X:19775987:19782508-19782854:19783548:-,RI,chrX,-,19775987:19782508-19782854:19783548,No,-0.234,0.003397886126,0.05561180756,3d_male_vs_female,3d,RI,No,Higher inclusion in female,1574,FBgn0259789,zld,chrX,-,19775986,19783548,19775986,19782508,19782853,19783548,1574,"35,80,123","6,31,79","122,264,462","8,37,101",464,119,0.003397886126,0.05561180756,"0.599,0.398,0.285","0.796,0.647,0.54",-0.234
AGE0000414,AGE_SEX,3d,Ray Lab Data - 3d_significant.csv,0d1be8bed10c0765b51202fa8b63dcf8c60d2e5da9746c3eea0bfa810b8d4b95,415,FBgn0045823;RI:chr3L:9714324:9714399-9714506:9714623:+,FBgn0045823;RI:3L:9714324:9714399-9714506:9714623:+,RI,chr3L,+,9714324:9714399-9714506:9714623,No,-0.096,0.003469542361,0.05561180756,3d_male_vs_female,3d,RI,No,Higher inclusion in female,1078,FBgn0045823,vsg,chr3L,+,9714323,9714623,9714323,9714399,9714505,9714623,1078,"2,0,0","6,8,9","3,3,5","5,16,22",225,119,0.003469542361,0.05561180756,"0.15,0.0,0.0","0.241,0.09,0.107",-0.096
AGE0000415,AGE_SEX,3d,Ray Lab Data - 3d_significant.csv,0d1be8bed10c0765b51202fa8b63dcf8c60d2e5da9746c3eea0bfa810b8d4b95,416,FBgn0029161;RI:chr2L:6046651:6047780-6048134:6048706:-,FBgn0029161;RI:2L:6046651:6047780-6048134:6048706:-,RI,chr2L,-,6046651:6047780-6048134:6048706,No,0.048,0.003903489359,0.06082937584,3d_male_vs_female,3d,RI,No,Higher inclusion in male,802,FBgn0029161,slmo,chr2L,-,6046650,6048706,6046650,6047780,6048133,6048706,802,"15,83,102","0,0,0","5,129,217","0,1,7",472,119,0.003903489359,0.06082937584,"1.0,1.0,1.0","1.0,0.97,0.887",0.048
AGE0000416,AGE_SEX,3d,Ray Lab Data - 3d_significant.csv,0d1be8bed10c0765b51202fa8b63dcf8c60d2e5da9746c3eea0bfa810b8d4b95,417,FBgn0259745;RI:chr2R:7489333:7489570-7489646:7489823:-,FBgn0259745;RI:2R:7489333:7489570-7489646:7489823:-,RI,chr2R,-,7489333:7489570-7489646:7489823,No,0.249,0.005173235288,0.07063991883,3d_male_vs_female,3d,RI,No,Higher inclusion in male,1394,FBgn0259745,wech,chr2R,-,7489332,7489823,7489332,7489570,7489645,7489823,1394,"1,7,0","0,0,1","3,0,10","1,1,4",194,119,0.005173235288,0.07063991883,"1.0,1.0,0.0","0.648,0.0,0.605",0.249
AGE0000417,AGE_SEX,3d,Ray Lab Data - 3d_significant.csv,0d1be8bed10c0765b51202fa8b63dcf8c60d2e5da9746c3eea0bfa810b8d4b95,418,FBgn0033244;RI:chr2R:7969574:7969769-7969869:7970176:-,FBgn0033244;RI:2R:7969574:7969769-7969869:7970176:-,RI,chr2R,-,7969574:7969769-7969869:7970176,No,0.207,0.004725284742,0.07063991883,3d_male_vs_female,3d,RI,No,Higher inclusion in male,870,FBgn0033244,CG8726,chr2R,-,7969573,7970176,7969573,7969769,7969868,7970176,870,"1,2,0","0,0,1","0,1,9","1,0,8",218,119,0.004725284742,0.07063991883,"1.0,1.0,0.0","0.0,1.0,0.38",0.207
AGE0000418,AGE_SEX,3d,Ray Lab Data - 3d_significant.csv,0d1be8bed10c0765b51202fa8b63dcf8c60d2e5da9746c3eea0bfa810b8d4b95,419,FBgn0264495;RI:chr3R:6406857:6407091-6407478:6407774:+,FBgn0264495;RI:3R:6406857:6407091-6407478:6407774:+,RI,chr3R,+,6406857:6407091-6407478:6407774,No,-0.13,0.004791406834,0.07063991883,3d_male_vs_female,3d,RI,No,Higher inclusion in female,534,FBgn0264495,gpp,chr3R,+,6406856,6407774,6406856,6407091,6407477,6407774,534,"218,452,566","20,18,103","260,734,1510","17,16,73",505,119,0.004791406834,0.07063991883,"0.72,0.855,0.564","0.783,0.915,0.83",-0.13
AGE0000419,AGE_SEX,3d,Ray Lab Data - 3d_significant.csv,0d1be8bed10c0765b51202fa8b63dcf8c60d2e5da9746c3eea0bfa810b8d4b95,420,FBgn0261641;RI:chr3R:6364162:6364438-6364556:6364725:-,FBgn0261641;RI:3R:6364162:6364438-6364556:6364725:-,RI,chr3R,-,6364162:6364438-6364556:6364725,No,-0.125,0.005192627914,0.07063991883,3d_male_vs_female,3d,RI,No,Higher inclusion in female,1619,FBgn0261641,CG42724,chr3R,-,6364161,6364725,6364161,6364438,6364555,6364725,1619,"6,20,35","0,5,2","11,51,95","0,0,3",236,119,0.005192627914,0.07063991883,"1.0,0.669,0.898","1.0,1.0,0.941",-0.125
AGE0000420,AGE_SEX,3d,Ray Lab Data - 3d_significant.csv,0d1be8bed10c0765b51202fa8b63dcf8c60d2e5da9746c3eea0bfa810b8d4b95,421,FBgn0038268;RI:chr3R:14879457:14879760-14879832:14880043:+,FBgn0038268;RI:3R:14879457:14879760-14879832:14880043:+,RI,chr3R,+,14879457:14879760-14879832:14880043,No,-0.117,0.005132192224,0.07063991883,3d_male_vs_female,3d,RI,No,Higher inclusion in female,1401,FBgn0038268,CG3631,chr3R,+,14879456,14880043,14879456,14879760,14879831,14880043,1401,"1,5,0","19,17,6","2,9,17","10,24,34",190,119,0.005132192224,0.07063991883,"0.032,0.156,0.0","0.111,0.19,0.238",-0.117
AGE0000421,AGE_SEX,3d,Ray Lab Data - 3d_significant.csv,0d1be8bed10c0765b51202fa8b63dcf8c60d2e5da9746c3eea0bfa810b8d4b95,422,FBgn0050392;RI:chr2R:21290914:21290970-21291032:21291581:-,FBgn0050392;RI:2R:21290914:21290970-21291032:21291581:-,RI,chr2R,-,21290914:21290970-21291032:21291581,No,-0.036,0.005288550073,0.07063991883,3d_male_vs_female,3d,RI,No,Higher inclusion in female,585,FBgn0050392,CG30392,chr2R,-,21290913,21291581,21290913,21290970,21291031,21291581,585,"91,349,409","8,11,15","88,456,1165","4,5,23",180,119,0.005288550073,0.07063991883,"0.883,0.954,0.947","0.936,0.984,0.971",-0.036
AGE0000422,AGE_SEX,3d,Ray Lab Data - 3d_significant.csv,0d1be8bed10c0765b51202fa8b63dcf8c60d2e5da9746c3eea0bfa810b8d4b95,423,FBgn0004227;RI:chrX:16365587:16365642-16366904:16368526:+,FBgn0004227;RI:X:16365587:16365642-16366904:16368526:+,RI,chrX,+,16365587:16365642-16366904:16368526,No,0.067,0.005633514138,0.0734977077,3d_male_vs_female,3d,RI,No,Higher inclusion in male,1420,FBgn0004227,nonA,chrX,+,16365586,16368526,16365586,16365642,16366903,16368526,1420,"185,224,328","2,0,0","254,288,482","6,2,1",1380,119,0.005633514138,0.0734977077,"0.889,1.0,1.0","0.785,0.925,0.977",0.067
AGE0000423,AGE_SEX,3d,Ray Lab Data - 3d_significant.csv,0d1be8bed10c0765b51202fa8b63dcf8c60d2e5da9746c3eea0bfa810b8d4b95,424,FBgn0031948;RI:chr2L:7786160:7786424-7786990:7787031:-,FBgn0031948;RI:2L:7786160:7786424-7786990:7787031:-,RI,chr2L,-,7786160:7786424-7786990:7787031,No,0.377,0.006372523053,0.08124966892,3d_male_vs_female,3d,RI,No,Higher inclusion in male,839,FBgn0031948,CG7149,chr2L,-,7786159,7787031,7786159,7786424,7786989,7787031,839,"57,32,50","6,0,6","20,30,96","14,11,13",684,119,0.006372523053,0.08124966892,"0.623,1.0,0.592","0.199,0.322,0.562",0.377
AGE0000424,AGE_SEX,3d,Ray Lab Data - 3d_significant.csv,0d1be8bed10c0765b51202fa8b63dcf8c60d2e5da9746c3eea0bfa810b8d4b95,425,FBgn0259725;RI:chr2R:21669537:21669693-21669755:21669916:-,FBgn0259725;RI:2R:21669537:21669693-21669755:21669916:-,RI,chr2R,-,21669537:21669693-21669755:21669916,No,0.319,0.007872973116,0.09601604169,3d_male_vs_female,3d,RI,No,Higher inclusion in male,475,FBgn0259725,CG42379,chr2R,-,21669536,21669916,21669536,21669693,21669754,21669916,475,"2,4,5","0,0,2","0,13,9","3,0,3",180,119,0.007872973116,0.09601604169,"1.0,1.0,0.623","0.0,1.0,0.665",0.319
AGE0000425,AGE_SEX,3d,Ray Lab Data - 3d_significant.csv,0d1be8bed10c0765b51202fa8b63dcf8c60d2e5da9746c3eea0bfa810b8d4b95,426,FBgn0000541;RI:chr3L:239243:240116-240177:240667:-,FBgn0000541;RI:3L:239243:240116-240177:240667:-,RI,chr3L,-,239243:240116-240177:240667,No,-0.089,0.007836674536,0.09601604169,3d_male_vs_female,3d,RI,No,Higher inclusion in female,1091,FBgn0000541,E(bx),chr3L,-,239242,240667,239242,240116,240176,240667,1091,"34,15,22","4,1,1","37,23,23","1,0,0",179,119,0.007836674536,0.09601604169,"0.85,0.909,0.936","0.961,1.0,1.0",-0.089
AGE0000426,AGE_SEX,3d,Ray Lab Data - 3d_significant.csv,0d1be8bed10c0765b51202fa8b63dcf8c60d2e5da9746c3eea0bfa810b8d4b95,427,FBgn0086778;RI:chrX:19347638:19347733-19347836:19348447:-,FBgn0086778;RI:X:19347638:19347733-19347836:19348447:-,RI,chrX,-,19347638:19347733-19347836:19348447,No,-0.034,0.008420947067,0.09841981884,3d_male_vs_female,3d,RI,No,Higher inclusion in female,1558,FBgn0086778,nAChRalpha7,chrX,-,19347637,19348447,19347637,19347733,19347835,19348447,1558,"393,778,849","42,45,89","397,1053,1756","30,83,74",221,119,0.008420947067,0.09841981884,"0.834,0.903,0.837","0.877,0.872,0.927",-0.034
AGE0000427,AGE_SEX,3d,Ray Lab Data - 3d_significant.csv,0d1be8bed10c0765b51202fa8b63dcf8c60d2e5da9746c3eea0bfa810b8d4b95,428,FBgn0285917;RI:chr2R:18355500:18356055-18357138:18357296:-,FBgn0285917;RI:2R:18355500:18356055-18357138:18357296:-,RI,chr2R,-,18355500:18356055-18357138:18357296,No,0.007,0.008404919772,0.09841981884,3d_male_vs_female,3d,RI,No,Higher inclusion in male,603,FBgn0285917,sbb,chr2R,-,18355499,18357296,18355499,18356055,18357137,18357296,603,"1572,6164,11725","7,19,67","1466,9265,19383","2,56,165",1201,119,0.008404919772,0.09841981884,"0.957,0.97,0.945","0.986,0.943,0.921",0.007
AGE0000428,AGE_SEX,3d,Ray Lab Data - 3d_significant.csv,0d1be8bed10c0765b51202fa8b63dcf8c60d2e5da9746c3eea0bfa810b8d4b95,429,FBgn0039908;RI:chr4:474453:474768-474960:475104:-,FBgn0039908;RI:4:474453:474768-474960:475104:-,RI,chr4,-,474453:474768-474960:475104,No,-0.136,0.009196998252,0.1031903204,3d_male_vs_female,3d,RI,No,Higher inclusion in female,1238,FBgn0039908,Asator,chr4,-,474452,475104,474452,474768,474959,475104,1238,"31,40,105","6,3,24","34,66,145","2,6,9",310,119,0.009196998252,0.1031903204,"0.665,0.837,0.627","0.867,0.809,0.861",-0.136
AGE0000429,AGE_SEX,3d,Ray Lab Data - 3d_significant.csv,0d1be8bed10c0765b51202fa8b63dcf8c60d2e5da9746c3eea0bfa810b8d4b95,430,FBgn0038167;RI:chr3R:13678750:13679066-13679151:13679430:+,FBgn0038167;RI:3R:13678750:13679066-13679151:13679430:+,RI,chr3R,+,13678750:13679066-13679151:13679430,No,0.067,0.009177926201,0.1031903204,3d_male_vs_female,3d,RI,No,Higher inclusion in male,825,FBgn0038167,Lkb1,chr3R,+,13678749,13679430,13678749,13679066,13679150,13679430,825,"35,39,70","0,1,0","28,49,37","0,0,7",203,119,0.009177926201,0.1031903204,"1.0,0.958,1.0","1.0,1.0,0.756",0.067
AGE0000430,AGE_SEX,3d,Ray Lab Data - 3d_significant.csv,0d1be8bed10c0765b51202fa8b63dcf8c60d2e5da9746c3eea0bfa810b8d4b95,431,FBgn0261439;RI:chr2R:19395687:19395777-19395911:19395971:-,FBgn0261439;RI:2R:19395687:19395777-19395911:19395971:-,RI,chr2R,-,19395687:19395777-19395911:19395971,No,-0.603,0.01073907705,0.1102818589,3d_male_vs_female,3d,RI,No,Higher inclusion in female,1609,FBgn0261439,SdhA,chr2R,-,19395686,19395971,19395686,19395777,19395910,19395971,1609,"3,0,0","0,1,1","1,3,9","0,0,1",252,119,0.01073907705,0.1102818589,"1.0,0.0,0.0","1.0,1.0,0.81",-0.603
AGE0000431,AGE_SEX,3d,Ray Lab Data - 3d_significant.csv,0d1be8bed10c0765b51202fa8b63dcf8c60d2e5da9746c3eea0bfa810b8d4b95,432,FBgn0035464;RI:chr3L:3813117:3813360-3813451:3813958:+,FBgn0035464;RI:3L:3813117:3813360-3813451:3813958:+,RI,chr3L,+,3813117:3813360-3813451:3813958,No,-0.349,0.0101418686,0.1102818589,3d_male_vs_female,3d,RI,No,Higher inclusion in female,178,FBgn0035464,PIG-B,chr3L,+,3813116,3813958,3813116,3813360,3813450,3813958,178,"2,3,9","2,22,6","9,16,37","0,11,22",209,119,0.0101418686,0.1102818589,"0.363,0.072,0.461","1.0,0.453,0.489",-0.349
AGE0000432,AGE_SEX,3d,Ray Lab Data - 3d_significant.csv,0d1be8bed10c0765b51202fa8b63dcf8c60d2e5da9746c3eea0bfa810b8d4b95,433,FBgn0040395;RI:chrX:2080610:2080634-2080745:2081659:+,FBgn0040395;RI:X:2080610:2080634-2080745:2081659:+,RI,chrX,+,2080610:2080634-2080745:2081659,No,-0.211,0.0109862564,0.1102818589,3d_male_vs_female,3d,RI,No,Higher inclusion in female,785,FBgn0040395,Unc-76,chrX,+,2080609,2081659,2080609,2080634,2080744,2081659,785,"13,24,24","3,4,6","43,37,60","0,0,10",229,119,0.0109862564,0.1102818589,"0.692,0.757,0.675","1.0,1.0,0.757",-0.211
AGE0000433,AGE_SEX,3d,Ray Lab Data - 3d_significant.csv,0d1be8bed10c0765b51202fa8b63dcf8c60d2e5da9746c3eea0bfa810b8d4b95,434,FBgn0039857;RI:chr3R:31594792:31595463-31595521:31595601:-,FBgn0039857;RI:3R:31594792:31595463-31595521:31595601:-,RI,chr3R,-,31594792:31595463-31595521:31595601,No,0.085,0.01054057242,0.1102818589,3d_male_vs_female,3d,RI,No,Higher inclusion in male,332,FBgn0039857,RpL6,chr3R,-,31594791,31595601,31594791,31595463,31595520,31595601,332,"4,1,3","0,1,1","1,14,12","1,6,2",176,119,0.01054057242,0.1102818589,"1.0,0.403,0.67","0.403,0.612,0.802",0.085
AGE0000434,AGE_SEX,3d,Ray Lab Data - 3d_significant.csv,0d1be8bed10c0765b51202fa8b63dcf8c60d2e5da9746c3eea0bfa810b8d4b95,435,FBgn0004370;RI:chrX:11622015:11622185-11622313:11622357:+,FBgn0004370;RI:X:11622015:11622185-11622313:11622357:+,RI,chrX,+,11622015:11622185-11622313:11622357,No,-0.082,0.01085876382,0.1102818589,3d_male_vs_female,3d,RI,No,Higher inclusion in female,1253,FBgn0004370,Ptp10D,chrX,+,11622014,11622357,11622014,11622185,11622312,11622357,1253,"34,61,85","0,7,15","42,76,254","1,4,9",246,119,0.01085876382,0.1102818589,"1.0,0.808,0.733","0.953,0.902,0.932",-0.082
AGE0000435,AGE_SEX,3d,Ray Lab Data - 3d_significant.csv,0d1be8bed10c0765b51202fa8b63dcf8c60d2e5da9746c3eea0bfa810b8d4b95,436,FBgn0010551;RI:chr2R:18821184:18821283-18821490:18821839:+,FBgn0010551;RI:2R:18821184:18821283-18821490:18821839:+,RI,chr2R,+,18821184:18821283-18821490:18821839,No,-0.03,0.0110085278,0.1102818589,3d_male_vs_female,3d,RI,No,Higher inclusion in female,1472,FBgn0010551,Phb2,chr2R,+,18821183,18821839,18821183,18821283,18821489,18821839,1472,"23,18,7","90,116,106","16,35,43","69,155,143",325,119,0.0110085278,0.1102818589,"0.086,0.054,0.024","0.078,0.076,0.099",-0.03
AGE0000436,AGE_SEX,3d,Ray Lab Data - 3d_significant.csv,0d1be8bed10c0765b51202fa8b63dcf8c60d2e5da9746c3eea0bfa810b8d4b95,437,FBgn0030838;RI:chrX:17302470:17302786-17302839:17303390:+,FBgn0030838;RI:X:17302470:17302786-17302839:17303390:+,RI,chrX,+,17302470:17302786-17302839:17303390,No,0.503,0.01170322785,0.1151844005,3d_male_vs_female,3d,RI,No,Higher inclusion in male,79,FBgn0030838,CG5445,chrX,+,17302469,17303390,17302469,17302786,17302838,17303390,79,"1,7,6","0,4,1","1,8,13","6,9,16",171,119,0.01170322785,0.1151844005,"1.0,0.549,0.807","0.104,0.382,0.361",0.503
AGE0000437,AGE_SEX,3d,Ray Lab Data - 3d_significant.csv,0d1be8bed10c0765b51202fa8b63dcf8c60d2e5da9746c3eea0bfa810b8d4b95,438,FBgn0036974;RI:chr3L:20348355:20348385-20348942:20349206:+,FBgn0036974;RI:3L:20348355:20348385-20348942:20349206:+,RI,chr3L,+,20348355:20348385-20348942:20349206,No,0.122,0.01265295854,0.1223846507,3d_male_vs_female,3d,RI,No,Higher inclusion in male,1129,FBgn0036974,eRF1,chr3L,+,20348354,20349206,20348354,20348385,20348941,20349206,1129,"0,1,1","2,2,0","0,5,26","2,4,4",675,119,0.01265295854,0.1223846507,"0.0,0.081,1.0","0.0,0.181,0.534",0.122
AGE0000438,AGE_SEX,3d,Ray Lab Data - 3d_significant.csv,0d1be8bed10c0765b51202fa8b63dcf8c60d2e5da9746c3eea0bfa810b8d4b95,439,FBgn0052000;RI:chr4:133588:133713-134671:134964:+,FBgn0052000;RI:4:133588:133713-134671:134964:+,RI,chr4,+,133588:133713-134671:134964,No,0.009,0.01338058313,0.1272289345,3d_male_vs_female,3d,RI,No,Higher inclusion in male,1341,FBgn0052000,anne,chr4,+,133587,134964,133587,133713,134670,134964,1341,"757,2156,3488","1,3,0","796,3417,6806","1,5,21",1076,119,0.01338058313,0.1272289345,"0.988,0.988,1.0","0.989,0.987,0.973",0.009
AGE0000439,AGE_SEX,3d,Ray Lab Data - 3d_significant.csv,0d1be8bed10c0765b51202fa8b63dcf8c60d2e5da9746c3eea0bfa810b8d4b95,440,FBgn0037890;RI:chr3R:11242208:11242563-11242824:11243013:-,FBgn0037890;RI:3R:11242208:11242563-11242824:11243013:-,RI,chr3R,-,11242208:11242563-11242824:11243013,No,0.067,0.01434615112,0.134136513,3d_male_vs_female,3d,RI,No,Higher inclusion in male,1635,FBgn0037890,CG17734,chr3R,-,11242207,11243013,11242207,11242563,11242823,11243013,1635,"120,205,188","2,2,2","97,345,281","7,6,7",379,119,0.01434615112,0.134136513,"0.95,0.97,0.967","0.813,0.948,0.926",0.067
AGE0000440,AGE_SEX,3d,Ray Lab Data - 3d_significant.csv,0d1be8bed10c0765b51202fa8b63dcf8c60d2e5da9746c3eea0bfa810b8d4b95,441,FBgn0041605;RI:chr3R:4295568:4295700-4297488:4304604:+,FBgn0041605;RI:3R:4295568:4295700-4297488:4304604:+,RI,chr3R,+,4295568:4295700-4297488:4304604,No,-0.028,0.01476411447,0.1357814462,3d_male_vs_female,3d,RI,No,Higher inclusion in female,427,FBgn0041605,cpx,chr3R,+,4295567,4304604,4295567,4295700,4297487,4304604,427,"611,947,1264","162,341,525","571,1614,2830","163,396,847",1906,119,0.01476411447,0.1357814462,"0.191,0.148,0.131","0.179,0.203,0.173",-0.028
AGE0000441,AGE_SEX,3d,Ray Lab Data - 3d_significant.csv,0d1be8bed10c0765b51202fa8b63dcf8c60d2e5da9746c3eea0bfa810b8d4b95,442,FBgn0266557;RI:chr2L:227372:227547-228133:228281:-,FBgn0266557;RI:2L:227372:227547-228133:228281:-,RI,chr2L,-,227372:227547-228133:228281,No,0.115,0.01533448643,0.1374148906,3d_male_vs_female,3d,RI,No,Higher inclusion in male,297,FBgn0266557,kis,chr2L,-,227371,228281,227371,227547,228132,228281,297,"179,107,317","34,23,47","169,113,324","29,43,130",704,119,0.01533448643,0.1374148906,"0.471,0.44,0.533","0.496,0.308,0.296",0.115
AGE0000442,AGE_SEX,3d,Ray Lab Data - 3d_significant.csv,0d1be8bed10c0765b51202fa8b63dcf8c60d2e5da9746c3eea0bfa810b8d4b95,443,FBgn0267649;RI:chr3R:21358005:21358596-21358792:21359768:-,FBgn0267649;RI:3R:21358005:21358596-21358792:21359768:-,RI,chr3R,-,21358005:21358596-21358792:21359768,No,0.114,0.01616645772,0.1374148906,3d_male_vs_female,3d,RI,No,Higher inclusion in male,645,FBgn0267649,pre-mod(mdg4)-H,chr3R,-,21358004,21359768,21358004,21358596,21358791,21359768,645,"33,63,49","0,3,0","22,83,146","4,1,6",314,119,0.01616645772,0.1374148906,"1.0,0.888,1.0","0.676,0.969,0.902",0.114
AGE0000443,AGE_SEX,3d,Ray Lab Data - 3d_significant.csv,0d1be8bed10c0765b51202fa8b63dcf8c60d2e5da9746c3eea0bfa810b8d4b95,444,FBgn0051092;RI:chr3R:25699224:25699607-25699848:25700026:-,FBgn0051092;RI:3R:25699224:25699607-25699848:25700026:-,RI,chr3R,-,25699224:25699607-25699848:25700026,No,0.079,0.01572220138,0.1374148906,3d_male_vs_female,3d,RI,No,Higher inclusion in male,929,FBgn0051092,LpR2,chr3R,-,25699223,25700026,25699223,25699607,25699847,25700026,929,"20,28,25","0,0,0","30,57,65","0,1,5",359,119,0.01572220138,0.1374148906,"1.0,1.0,1.0","1.0,0.95,0.812",0.079
AGE0000444,AGE_SEX,3d,Ray Lab Data - 3d_significant.csv,0d1be8bed10c0765b51202fa8b63dcf8c60d2e5da9746c3eea0bfa810b8d4b95,445,FBgn0038839;RI:chr3R:20894452:20895681-20895745:20897320:-,FBgn0038839;RI:3R:20894452:20895681-20895745:20897320:-,RI,chr3R,-,20894452:20895681-20895745:20897320,No,0.06,0.01607121485,0.1374148906,3d_male_vs_female,3d,RI,No,Higher inclusion in male,413,FBgn0038839,Ktl,chr3R,-,20894451,20897320,20894451,20895681,20895744,20897320,413,"12,34,32","0,2,0","10,46,71","1,0,7",182,119,0.01607121485,0.1374148906,"1.0,0.917,1.0","0.867,1.0,0.869",0.06
AGE0000445,AGE_SEX,3d,Ray Lab Data - 3d_significant.csv,0d1be8bed10c0765b51202fa8b63dcf8c60d2e5da9746c3eea0bfa810b8d4b95,446,FBgn0261550;RI:chr3R:20309344:20309630-20309904:20310638:+,FBgn0261550;RI:3R:20309344:20309630-20309904:20310638:+,RI,chr3R,+,20309344:20309630-20309904:20310638,No,-0.027,0.01550551612,0.1374148906,3d_male_vs_female,3d,RI,No,Higher inclusion in female,1144,FBgn0261550,Orp8,chr3R,+,20309343,20310638,20309343,20309630,20309903,20310638,1144,"573,1471,1612","25,32,70","599,2243,3569","20,51,80",392,119,0.01550551612,0.1374148906,"0.874,0.933,0.875","0.901,0.93,0.931",-0.027
AGE0000446,AGE_SEX,3d,Ray Lab Data - 3d_significant.csv,0d1be8bed10c0765b51202fa8b63dcf8c60d2e5da9746c3eea0bfa810b8d4b95,447,FBgn0039269;RI:chr3R:25064861:25064994-25065148:25065414:-,FBgn0039269;RI:3R:25064861:25064994-25065148:25065414:-,RI,chr3R,-,25064861:25064994-25065148:25065414,No,-0.302,0.01670729949,0.1398924629,3d_male_vs_female,3d,RI,No,Higher inclusion in female,1071,FBgn0039269,veli,chr3R,-,25064860,25065414,25064860,25064994,25065147,25065414,1071,"1,14,30","6,11,6","9,39,61","4,5,9",272,119,0.01670729949,0.1398924629,"0.068,0.358,0.686","0.496,0.773,0.748",-0.302
AGE0000447,AGE_SEX,3d,Ray Lab Data - 3d_significant.csv,0d1be8bed10c0765b51202fa8b63dcf8c60d2e5da9746c3eea0bfa810b8d4b95,448,FBgn0031997;RI:chr2L:8200102:8200280-8200346:8200652:+,FBgn0031997;RI:2L:8200102:8200280-8200346:8200652:+,RI,chr2L,+,8200102:8200280-8200346:8200652,No,0.052,0.01933864001,0.1572315514,3d_male_vs_female,3d,RI,No,Higher inclusion in male,881,FBgn0031997,PGAP5,chr2L,+,8200101,8200652,8200101,8200280,8200345,8200652,881,"66,89,126","9,4,3","93,170,192","3,16,43",184,119,0.01933864001,0.1572315514,"0.826,0.935,0.964","0.952,0.873,0.743",0.052
AGE0000448,AGE_SEX,3d,Ray Lab Data - 3d_significant.csv,0d1be8bed10c0765b51202fa8b63dcf8c60d2e5da9746c3eea0bfa810b8d4b95,449,FBgn0052666;RI:chrX:11493135:11493385-11493708:11493999:+,FBgn0052666;RI:X:11493135:11493385-11493708:11493999:+,RI,chrX,+,11493135:11493385-11493708:11493999,No,0.046,0.01933068569,0.1572315514,3d_male_vs_female,3d,RI,No,Higher inclusion in male,807,FBgn0052666,Drak,chrX,+,11493134,11493999,11493134,11493385,11493707,11493999,807,"123,175,397","2,5,6","115,419,767","4,14,28",441,119,0.01933068569,0.1572315514,"0.943,0.904,0.947","0.886,0.89,0.881",0.046
AGE0000449,AGE_SEX,3d,Ray Lab Data - 3d_significant.csv,0d1be8bed10c0765b51202fa8b63dcf8c60d2e5da9746c3eea0bfa810b8d4b95,450,FBgn0031401;RI:chr2L:2224744:2225357-2225410:2225544:+,FBgn0031401;RI:2L:2224744:2225357-2225410:2225544:+,RI,chr2L,+,2224744:2225357-2225410:2225544,No,-0.033,0.02030719153,0.162747635,3d_male_vs_female,3d,RI,No,Higher inclusion in female,186,FBgn0031401,papi,chr2L,+,2224743,2225544,2224743,2225357,2225409,2225544,186,"57,131,189","3,4,4","76,208,273","1,2,2",171,119,0.02030719153,0.162747635,"0.93,0.958,0.97","0.981,0.986,0.99",-0.033
AGE0000450,AGE_SEX,3d,Ray Lab Data - 3d_significant.csv,0d1be8bed10c0765b51202fa8b63dcf8c60d2e5da9746c3eea0bfa810b8d4b95,451,FBgn0261854;RI:chr2R:14945114:14946090-14946150:14946417:-,FBgn0261854;RI:2R:14945114:14946090-14946150:14946417:-,RI,chr2R,-,14945114:14946090-14946150:14946417,No,0.051,0.02325152182,0.183719771,3d_male_vs_female,3d,RI,No,Higher inclusion in male,1495,FBgn0261854,aPKC,chr2R,-,14945113,14946417,14945113,14946090,14946149,14946417,1495,"29,57,96","88,110,159","38,87,61","79,198,351",178,119,0.02325152182,0.183719771,"0.181,0.257,0.288","0.243,0.227,0.104",0.051
AGE0000451,AGE_SEX,3d,Ray Lab Data - 3d_significant.csv,0d1be8bed10c0765b51202fa8b63dcf8c60d2e5da9746c3eea0bfa810b8d4b95,452,FBgn0264087;RI:chr2L:7674439:7674856-7675012:7675078:-,FBgn0264087;RI:2L:7674439:7674856-7675012:7675078:-,RI,chr2L,-,7674439:7674856-7675012:7675078,No,0.087,0.02499124639,0.1947234615,3d_male_vs_female,3d,RI,No,Higher inclusion in male,229,FBgn0264087,Slob,chr2L,-,7674438,7675078,7674438,7674856,7675011,7675078,229,"31,28,39","2,0,1","27,29,57","2,3,3",274,119,0.02499124639,0.1947234615,"0.871,1.0,0.944","0.854,0.808,0.892",0.087
AGE0000452,AGE_SEX,3d,Ray Lab Data - 3d_significant.csv,0d1be8bed10c0765b51202fa8b63dcf8c60d2e5da9746c3eea0bfa810b8d4b95,453,FBgn0031257;RI:chr2L:456797:456897-456973:457338:+,FBgn0031257;RI:2L:456797:456897-456973:457338:+,RI,chr2L,+,456797:456897-456973:457338,No,-0.308,0.02748882442,0.2083950068,3d_male_vs_female,3d,RI,No,Higher inclusion in female,874,FBgn0031257,CG4133,chr2L,+,456796,457338,456796,456897,456972,457338,874,"3,0,0","3,9,19","5,0,4","7,16,0",194,119,0.02748882442,0.2083950068,"0.38,0.0,0.0","0.305,0.0,1.0",-0.308
AGE0000453,AGE_SEX,3d,Ray Lab Data - 3d_significant.csv,0d1be8bed10c0765b51202fa8b63dcf8c60d2e5da9746c3eea0bfa810b8d4b95,454,FBgn0263006;RI:chr2R:23932667:23932814-23933259:23933444:-,FBgn0263006;RI:2R:23932667:23932814-23933259:23933444:-,RI,chr2R,-,23932667:23932814-23933259:23933444,No,-0.266,0.0272764486,0.2083950068,3d_male_vs_female,3d,RI,No,Higher inclusion in female,306,FBgn0263006,SERCA,chr2R,-,23932666,23933444,23932666,23932814,23933258,23933444,306,"0,0,0","3,8,9","0,17,1","4,1,13",563,119,0.0272764486,0.2083950068,"0.0,0.0,0.0","0.0,0.782,0.016",-0.266
AGE0000454,AGE_SEX,3d,Ray Lab Data - 3d_significant.csv,0d1be8bed10c0765b51202fa8b63dcf8c60d2e5da9746c3eea0bfa810b8d4b95,455,FBgn0024807;RI:chrX:21628361:21628754-21629974:21630148:-,FBgn0024807;RI:X:21628361:21628754-21629974:21630148:-,RI,chrX,-,21628361:21628754-21629974:21630148,No,0.085,0.02817317063,0.2107353163,3d_male_vs_female,3d,RI,No,Higher inclusion in male,1373,FBgn0024807,DIP1,chrX,-,21628360,21630148,21628360,21628754,21629973,21630148,1373,"12,49,44","0,0,2","22,55,163","1,0,5",1338,119,0.02817317063,0.2107353163,"1.0,1.0,0.662","0.662,1.0,0.744",0.085
AGE0000455,AGE_SEX,3d,Ray Lab Data - 3d_significant.csv,0d1be8bed10c0765b51202fa8b63dcf8c60d2e5da9746c3eea0bfa810b8d4b95,456,FBgn0020378;RI:chrX:9729648:9729870-9730300:9730677:+,FBgn0020378;RI:X:9729648:9729870-9730300:9730677:+,RI,chrX,+,9729648:9729870-9730300:9730677,No,0.05,0.02958324226,0.2183710382,3d_male_vs_female,3d,RI,No,Higher inclusion in male,1195,FBgn0020378,Sp1,chrX,+,9729647,9730677,9729647,9729870,9730299,9730677,1195,"6,50,53","0,0,0","8,115,186","0,1,5",548,119,0.02958324226,0.2183710382,"1.0,1.0,1.0","1.0,0.961,0.89",0.05
AGE0000456,AGE_SEX,3d,Ray Lab Data - 3d_significant.csv,0d1be8bed10c0765b51202fa8b63dcf8c60d2e5da9746c3eea0bfa810b8d4b95,457,FBgn0031997;RI:chr2L:8200102:8200280-8200351:8200652:+,FBgn0031997;RI:2L:8200102:8200280-8200351:8200652:+,RI,chr2L,+,8200102:8200280-8200351:8200652,No,0.021,0.03000393691,0.2186001117,3d_male_vs_female,3d,RI,No,Higher inclusion in male,882,FBgn0031997,PGAP5,chr2L,+,8200101,8200652,8200101,8200280,8200350,8200652,882,"69,95,129","0,0,2","98,180,205","1,0,10",189,119,0.03000393691,0.2186001117,"1.0,1.0,0.976","0.984,1.0,0.928",0.021
AGE0000457,AGE_SEX,3d,Ray Lab Data - 3d_significant.csv,0d1be8bed10c0765b51202fa8b63dcf8c60d2e5da9746c3eea0bfa810b8d4b95,458,FBgn0037852;RI:chr3R:10881563:10881803-10881903:10882188:-,FBgn0037852;RI:3R:10881563:10881803-10881903:10882188:-,RI,chr3R,-,10881563:10881803-10881903:10882188,No,-0.038,0.0317273027,0.2281925233,3d_male_vs_female,3d,RI,No,Higher inclusion in female,459,FBgn0037852,Tpc1,chr3R,-,10881562,10882188,10881562,10881803,10881902,10882188,459,"3,3,0","1,0,1","4,1,12","0,2,6",218,119,0.0317273027,0.2281925233,"0.621,1.0,0.0","1.0,0.214,0.522",-0.038
AGE0000458,AGE_SEX,3d,Ray Lab Data - 3d_significant.csv,0d1be8bed10c0765b51202fa8b63dcf8c60d2e5da9746c3eea0bfa810b8d4b95,459,FBgn0261641;RI:chr3R:6362838:6363230-6364162:6364438:-,FBgn0261641;RI:3R:6362838:6363230-6364162:6364438:-,RI,chr3R,-,6362838:6363230-6364162:6364438,No,-0.127,0.03359940883,0.2385983336,3d_male_vs_female,3d,RI,No,Higher inclusion in female,1618,FBgn0261641,CG42724,chr3R,-,6362837,6364438,6362837,6363230,6364161,6364438,1618,"52,16,39","16,23,14","56,44,89","11,23,14",1050,119,0.03359940883,0.2385983336,"0.269,0.073,0.24","0.366,0.178,0.419",-0.127
AGE0000459,AGE_SEX,3d,Ray Lab Data - 3d_significant.csv,0d1be8bed10c0765b51202fa8b63dcf8c60d2e5da9746c3eea0bfa810b8d4b95,460,FBgn0051361;RI:chr3R:12110832:12111033-12111088:12111420:+,FBgn0051361;RI:3R:12110832:12111033-12111088:12111420:+,RI,chr3R,+,12110832:12111033-12111088:12111420,No,-0.14,0.03517215117,0.2466447101,3d_male_vs_female,3d,RI,No,Higher inclusion in female,1469,FBgn0051361,dpr17,chr3R,+,12110831,12111420,12110831,12111033,12111087,12111420,1469,"10,14,19","1,4,0","17,30,25","0,0,0",173,119,0.03517215117,0.2466447101,"0.873,0.707,1.0","1.0,1.0,1.0",-0.14
AGE0000460,AGE_SEX,3d,Ray Lab Data - 3d_significant.csv,0d1be8bed10c0765b51202fa8b63dcf8c60d2e5da9746c3eea0bfa810b8d4b95,461,FBgn0052230;RI:chr3L:23339326:23339369-23339430:23339476:+,FBgn0052230;RI:3L:23339326:23339369-23339430:23339476:+,RI,chr3L,+,23339326:23339369-23339430:23339476,No,-0.008,0.03744394125,0.2593339635,3d_male_vs_female,3d,RI,No,Higher inclusion in female,1376,FBgn0052230,ND-MLRQ,chr3L,+,23339325,23339476,23339325,23339369,23339429,23339476,1376,"30,41,40","873,1003,1297","35,84,101","764,1627,2299",179,119,0.03744394125,0.2593339635,"0.022,0.026,0.02","0.03,0.033,0.028",-0.008
AGE0000461,AGE_SEX,3d,Ray Lab Data - 3d_significant.csv,0d1be8bed10c0765b51202fa8b63dcf8c60d2e5da9746c3eea0bfa810b8d4b95,462,FBgn0001234;RI:chr3R:21296621:21297097-21297810:21298508:+,FBgn0001234;RI:3R:21296621:21297097-21297810:21298508:+,RI,chr3R,+,21296621:21297097-21297810:21298508,No,-0.048,0.04059433296,0.2777246438,3d_male_vs_female,3d,RI,No,Higher inclusion in female,934,FBgn0001234,lncRNA:Hsromega,chr3R,+,21296620,21298508,21296620,21297097,21297809,21298508,934,"483,692,1118","8,12,15","419,1458,2243","2,12,23",831,119,0.04059433296,0.2777246438,"0.896,0.892,0.914","0.968,0.946,0.933",-0.048
AGE0000462,AGE_SEX,3d,Ray Lab Data - 3d_significant.csv,0d1be8bed10c0765b51202fa8b63dcf8c60d2e5da9746c3eea0bfa810b8d4b95,463,FBgn0016126;RI:chr4:446631:446751-446821:447035:+,FBgn0016126;RI:4:446631:446751-446821:447035:+,RI,chr4,+,446631:446751-446821:447035,No,0.146,0.04543936702,0.3071263241,3d_male_vs_female,3d,RI,No,Higher inclusion in male,1329,FBgn0016126,CaMKI,chr4,+,446630,447035,446630,446751,446820,447035,1329,"21,32,23","18,15,34","14,25,41","21,42,63",188,119,0.04543936702,0.3071263241,"0.425,0.575,0.3","0.297,0.274,0.292",0.146
AGE0000463,AGE_SEX,3d,Ray Lab Data - 3d_significant.csv,0d1be8bed10c0765b51202fa8b63dcf8c60d2e5da9746c3eea0bfa810b8d4b95,464,FBgn0020372;RI:chr2R:23878507:23878958-23879624:23879812:+,FBgn0020372;RI:2R:23878507:23878958-23879624:23879812:+,RI,chr2R,+,23878507:23878958-23879624:23879812,No,-0.374,0.04893785009,0.3268349274,3d_male_vs_female,3d,RI,No,Higher inclusion in female,1477,FBgn0020372,TM4SF,chr2R,+,23878506,23879812,23878506,23878958,23879623,23879812,1477,"0,6,11","5,13,8","9,14,37","0,14,19",784,119,0.04893785009,0.3268349274,"0.0,0.065,0.173","1.0,0.132,0.228",-0.374
AGE0000464,AGE_SEX,6d,Ray Lab Data - 6d_significant.csv,2a03afd30c5fe86748a7a798b1919c9c79f3b37d69243d9babf1cecb8b44ced2,2,FBgn0003429;SE:chr3R:24679577-24682308:24682399-24687187:+,FBgn0003429;SE:3R:24679577-24682308:24682399-24687187:+,SE,chr3R,+,24679577-24682308:24682399-24687187,Yes,-0.8,0,0.000000001008844563,6d_male_vs_female,6d,SE,Yes,Higher inclusion in female,2712,FBgn0003429,slo,chr3R,+,24682307,24682399,24679485,24679577,24687186,24687297,2712,"5,2,0","9,2,2","8,2,1","0,0,0",211,119,0,0.000000001008844563,"0.239,0.361,0.0","1.0,1.0,1.0",-0.8
AGE0000465,AGE_SEX,6d,Ray Lab Data - 6d_significant.csv,2a03afd30c5fe86748a7a798b1919c9c79f3b37d69243d9babf1cecb8b44ced2,3,FBgn0264089;SE:chr2R:15891280-15907172:15907233-15921639:-,FBgn0264089;SE:2R:15891280-15907172:15907233-15921639:-,SE,chr2R,-,15891280-15907172:15907233-15921639,Yes,-0.212,0,0.00000005458848547,6d_male_vs_female,6d,SE,Yes,Higher inclusion in female,1249,FBgn0264089,sli,chr2R,-,15907171,15907233,15890289,15891280,15921638,15922118,1249,"0,0,0","124,16,14","14,2,15","14,9,79",181,119,0,0.00000005458848547,"0.0,0.0,0.0","0.397,0.127,0.111",-0.212
AGE0000466,AGE_SEX,6d,Ray Lab Data - 6d_significant.csv,2a03afd30c5fe86748a7a798b1919c9c79f3b37d69243d9babf1cecb8b44ced2,4,FBgn0259139;SE:chr3R:11816757-11817194:11817338-11818006:-,FBgn0259139;SE:3R:11816757-11817194:11817338-11818006:-,SE,chr3R,-,11816757-11817194:11817338-11818006,Yes,0.208,0.0000000001213976697,0.00000005458848547,6d_male_vs_female,6d,SE,Yes,Higher inclusion in male,3018,FBgn0259139,glo,chr3R,-,11817193,11817338,11816611,11816757,11818005,11818137,3018,"128,58,94","1,1,0","160,42,157","28,1,38",264,119,0.0000000001213976697,0.00000005458848547,"0.983,0.963,1.0","0.72,0.95,0.651",0.208
AGE0000467,AGE_SEX,6d,Ray Lab Data - 6d_significant.csv,2a03afd30c5fe86748a7a798b1919c9c79f3b37d69243d9babf1cecb8b44ced2,5,FBgn0263396;SE:chr3R:13643209-13644359:13644570-13645753:-,FBgn0263396;SE:3R:13643209-13644359:13644570-13645753:-,SE,chr3R,-,13643209-13644359:13644570-13645753,Yes,-0.109,0.00000001680413453,0.000003238396783,6d_male_vs_female,6d,SE,Yes,Higher inclusion in female,549,FBgn0263396,sqd,chr3R,-,13644358,13644570,13643168,13643209,13645752,13646304,549,"276,95,348","37,2,0","229,80,576","0,0,0",331,119,0.00000001680413453,0.000003238396783,"0.728,0.945,1.0","1.0,1.0,1.0",-0.109
AGE0000468,AGE_SEX,6d,Ray Lab Data - 6d_significant.csv,2a03afd30c5fe86748a7a798b1919c9c79f3b37d69243d9babf1cecb8b44ced2,6,FBgn0028331;SE:chrX:10357813-10357995:10358003-10358086:-,FBgn0028331;SE:X:10357813-10357995:10358003-10358086:-,SE,chrX,-,10357813-10357995:10358003-10358086,Yes,0.602,0.00000001928962712,0.000003252713373,6d_male_vs_female,6d,SE,Yes,Higher inclusion in male,2181,FBgn0028331,l(1)G0289,chrX,-,10357994,10358003,10356828,10357813,10358085,10358504,2181,"26,5,25","0,0,0","4,1,35","24,7,2",128,119,0.00000001928962712,0.000003252713373,"1.0,1.0,1.0","0.134,0.117,0.942",0.602
AGE0000469,AGE_SEX,6d,Ray Lab Data - 6d_significant.csv,2a03afd30c5fe86748a7a798b1919c9c79f3b37d69243d9babf1cecb8b44ced2,7,FBgn0266347;SE:chr3L:23239017-23251453:23251579-23262708:+,FBgn0266347;SE:3L:23239017-23251453:23251579-23262708:+,SE,chr3L,+,23239017-23251453:23251579-23262708,Yes,0.506,0.00000005507683576,0.000007429865144,6d_male_vs_female,6d,SE,Yes,Higher inclusion in male,394,FBgn0266347,nAChRalpha4,chr3L,+,23251452,23251579,23238836,23239017,23262707,23262823,394,"29,0,14","3,1,3","0,0,0","14,2,18",246,119,0.00000005507683576,0.000007429865144,"0.824,0.0,0.693","0.0,0.0,0.0",0.506
AGE0000470,AGE_SEX,6d,Ray Lab Data - 6d_significant.csv,2a03afd30c5fe86748a7a798b1919c9c79f3b37d69243d9babf1cecb8b44ced2,8,FBgn0259246;SE:chr2R:9505468-9507863:9508253-9508927:+,FBgn0259246;SE:2R:9505468-9507863:9508253-9508927:+,SE,chr2R,+,9505468-9507863:9508253-9508927,Yes,-0.144,0.00000006772431715,0.000008305463986,6d_male_vs_female,6d,SE,Yes,Higher inclusion in female,3040,FBgn0259246,brp,chr2R,+,9507862,9508253,9505003,9505468,9508926,9509170,3040,"164,27,134","9,0,10","116,15,193","0,0,0",510,119,0.00000006772431715,0.000008305463986,"0.81,1.0,0.758","1.0,1.0,1.0",-0.144
AGE0000471,AGE_SEX,6d,Ray Lab Data - 6d_significant.csv,2a03afd30c5fe86748a7a798b1919c9c79f3b37d69243d9babf1cecb8b44ced2,9,FBgn0035253;SE:chr3L:1659990-1660197:1660226-1661109:-,FBgn0035253;SE:3L:1659990-1660197:1660226-1661109:-,SE,chr3L,-,1659990-1660197:1660226-1661109,Yes,0.134,0.0000001429439367,0.00001483318235,6d_male_vs_female,6d,SE,Yes,Higher inclusion in male,3074,FBgn0035253,Srrm234,chr3L,-,1660196,1660226,1659845,1659990,1661108,1661165,3074,"145,26,86","249,69,132","37,14,78","232,45,291",149,119,0.0000001429439367,0.00001483318235,"0.317,0.231,0.342","0.113,0.199,0.176",0.134
AGE0000472,AGE_SEX,6d,Ray Lab Data - 6d_significant.csv,2a03afd30c5fe86748a7a798b1919c9c79f3b37d69243d9babf1cecb8b44ced2,10,FBgn0259246;SE:chr2R:9528627-9528971:9529003-9530090:+,FBgn0259246;SE:2R:9528627-9528971:9529003-9530090:+,SE,chr2R,+,9528627-9528971:9529003-9530090,Yes,-0.789,0.0000003626960069,0.0000287809949,6d_male_vs_female,6d,SE,Yes,Higher inclusion in female,3045,FBgn0259246,brp,chr2R,+,9528970,9529003,9528138,9528627,9530089,9530206,3045,"0,1,8","1,8,9","2,1,33","0,0,4",152,119,0.0000003626960069,0.0000287809949,"0.0,0.089,0.41","1.0,1.0,0.866",-0.789
AGE0000473,AGE_SEX,6d,Ray Lab Data - 6d_significant.csv,2a03afd30c5fe86748a7a798b1919c9c79f3b37d69243d9babf1cecb8b44ced2,11,FBgn0069969;SE:chr2R:927570-929051:929292-949871:-,FBgn0069969;SE:2R:927570-929051:929292-949871:-,SE,chr2R,-,927570-929051:929292-949871,Yes,0.164,0.000000387324167,0.00002902779451,6d_male_vs_female,6d,SE,Yes,Higher inclusion in male,1330,FBgn0069969,CG40498,chr2R,-,929050,929292,927355,927570,949870,949946,1330,"265,34,130","7,2,0","199,26,402","14,3,52",361,119,0.000000387324167,0.00002902779451,"0.926,0.849,1.0","0.824,0.741,0.718",0.164
AGE0000474,AGE_SEX,6d,Ray Lab Data - 6d_significant.csv,2a03afd30c5fe86748a7a798b1919c9c79f3b37d69243d9babf1cecb8b44ced2,12,FBgn0267033;SE:chrX:13901643-13914630:13915349-13967270:-,FBgn0267033;SE:X:13901643-13914630:13915349-13967270:-,SE,chrX,-,13901643-13914630:13915349-13967270,Yes,0.46,0.000003421712993,0.0001952612629,6d_male_vs_female,6d,SE,Yes,Higher inclusion in male,2209,FBgn0267033,mamo,chrX,-,13914629,13915349,13901482,13901643,13967269,13968073,2209,"10,9,9","0,0,0","4,4,18","3,0,3",839,119,0.000003421712993,0.0001952612629,"1.0,1.0,1.0","0.159,1.0,0.46",0.46
AGE0000475,AGE_SEX,6d,Ray Lab Data - 6d_significant.csv,2a03afd30c5fe86748a7a798b1919c9c79f3b37d69243d9babf1cecb8b44ced2,13,FBgn0266348;SE:chrX:22657659-22692941:22692999-22740542:+,FBgn0266348;SE:X:22657659-22692941:22692999-22740542:+,SE,chrX,+,22657659-22692941:22692999-22740542,Yes,0.19,0.000003473884588,0.0001952612629,6d_male_vs_female,6d,SE,Yes,Higher inclusion in male,387,FBgn0266348,lncRNA:CR44997,chrX,+,22692940,22692999,22657323,22657659,22740541,22740620,387,"212,44,100","5,0,16","126,37,431","52,6,81",178,119,0.000003473884588,0.0001952612629,"0.966,1.0,0.807","0.618,0.805,0.781",0.19
AGE0000476,AGE_SEX,6d,Ray Lab Data - 6d_significant.csv,2a03afd30c5fe86748a7a798b1919c9c79f3b37d69243d9babf1cecb8b44ced2,14,FBgn0086372;SE:chr3R:7193688-7194198:7194458-7198328:+,FBgn0086372;SE:3R:7193688-7194198:7194458-7198328:+,SE,chr3R,+,7193688-7194198:7194458-7198328,Yes,-0.53,0.000003743600302,0.0002020046723,6d_male_vs_female,6d,SE,Yes,Higher inclusion in female,2619,FBgn0086372,lap,chr3R,+,7194197,7194458,7193592,7193688,7198327,7200941,2619,"0,0,0","6,1,10","3,7,6","1,0,16",380,119,0.000003743600302,0.0002020046723,"0.0,0.0,0.0","0.484,1.0,0.105",-0.53
AGE0000477,AGE_SEX,6d,Ray Lab Data - 6d_significant.csv,2a03afd30c5fe86748a7a798b1919c9c79f3b37d69243d9babf1cecb8b44ced2,15,FBgn0266005;SE:chrX:1047425-1082467:1087691-1088620:+,FBgn0266005;SE:X:1047425-1082467:1087691-1088620:+,SE,chrX,+,1047425-1082467:1087691-1088620,Yes,-0.393,0.000004132871699,0.0002144324585,6d_male_vs_female,6d,SE,Yes,Higher inclusion in female,2430,FBgn0266005,lncRNA:CR44779,chrX,+,1082466,1087691,1047241,1047425,1088619,1088866,2430,"73,12,6","3,2,0","83,4,58","1,0,0",5344,119,0.000004132871699,0.0002144324585,"0.351,0.118,1.0","0.649,1.0,1.0",-0.393
AGE0000478,AGE_SEX,6d,Ray Lab Data - 6d_significant.csv,2a03afd30c5fe86748a7a798b1919c9c79f3b37d69243d9babf1cecb8b44ced2,16,FBgn0261649;SE:chr3R:17811804-17813531:17813617-17821894:+,FBgn0261649;SE:3R:17811804-17813531:17813617-17821894:+,SE,chr3R,+,17811804-17813531:17813617-17821894,Yes,0.151,0.00001082836897,0.0005216953479,6d_male_vs_female,6d,SE,Yes,Higher inclusion in male,2855,FBgn0261649,tinc,chr3R,+,17813530,17813617,17811540,17811804,17821893,17821938,2855,"33,26,14","0,0,0","49,7,28","3,0,9",206,119,0.00001082836897,0.0005216953479,"1.0,1.0,1.0","0.904,1.0,0.642",0.151
AGE0000479,AGE_SEX,6d,Ray Lab Data - 6d_significant.csv,2a03afd30c5fe86748a7a798b1919c9c79f3b37d69243d9babf1cecb8b44ced2,17,FBgn0003654;SE:chrX:20233443-20234328:20234360-20234775:-,FBgn0003654;SE:X:20233443-20234328:20234360-20234775:-,SE,chrX,-,20233443-20234328:20234360-20234775,Yes,0.525,0.00001525069746,0.0006513306931,6d_male_vs_female,6d,SE,Yes,Higher inclusion in male,2454,FBgn0003654,sw,chrX,-,20234327,20234360,20233422,20233443,20234774,20234902,2454,"2,2,2","0,1,0","12,0,1","0,2,22",152,119,0.00001525069746,0.0006513306931,"1.0,0.61,1.0","1.0,0.0,0.034",0.525
AGE0000480,AGE_SEX,6d,Ray Lab Data - 6d_significant.csv,2a03afd30c5fe86748a7a798b1919c9c79f3b37d69243d9babf1cecb8b44ced2,18,FBgn0262483;SE:chr3R:15393498-15396310:15396377-15399113:+,FBgn0262483;SE:3R:15393498-15396310:15396377-15399113:+,SE,chr3R,+,15393498-15396310:15396377-15399113,Yes,-0.42,0.0000154503945,0.0006513306931,6d_male_vs_female,6d,SE,Yes,Higher inclusion in female,656,FBgn0262483,Rbp,chr3R,+,15396309,15396377,15393209,15393498,15399112,15400011,656,"0,1,1","10,5,0","3,5,8","1,0,2",187,119,0.0000154503945,0.0006513306931,"0.0,0.113,1.0","0.656,1.0,0.718",-0.42
AGE0000481,AGE_SEX,6d,Ray Lab Data - 6d_significant.csv,2a03afd30c5fe86748a7a798b1919c9c79f3b37d69243d9babf1cecb8b44ced2,19,FBgn0005536;SE:chr3L:16064317-16065048:16065434-16066023:+,FBgn0005536;SE:3L:16064317-16065048:16065434-16066023:+,SE,chr3L,+,16064317-16065048:16065434-16066023,Yes,0.133,0.00002037459851,0.0008328888906,6d_male_vs_female,6d,SE,Yes,Higher inclusion in male,76,FBgn0005536,Mbs,chr3L,+,16065047,16065434,16064226,16064317,16066022,16066109,76,"95,11,24","48,8,18","86,7,36","110,11,63",506,119,0.00002037459851,0.0008328888906,"0.318,0.244,0.239","0.155,0.13,0.118",0.133
AGE0000482,AGE_SEX,6d,Ray Lab Data - 6d_significant.csv,2a03afd30c5fe86748a7a798b1919c9c79f3b37d69243d9babf1cecb8b44ced2,20,FBgn0266347;SE:chr3L:23227547-23251453:23251579-23262708:+,FBgn0266347;SE:3L:23227547-23251453:23251579-23262708:+,SE,chr3L,+,23227547-23251453:23251579-23262708,Yes,0.255,0.00002256904518,0.0008725472886,6d_male_vs_female,6d,SE,Yes,Higher inclusion in male,393,FBgn0266347,nAChRalpha4,chr3L,+,23251452,23251579,23227437,23227547,23262707,23262823,393,"27,0,26","4,1,0","0,1,0","12,0,15",246,119,0.00002256904518,0.0008725472886,"0.766,0.0,1.0","0.0,1.0,0.0",0.255
AGE0000483,AGE_SEX,6d,Ray Lab Data - 6d_significant.csv,2a03afd30c5fe86748a7a798b1919c9c79f3b37d69243d9babf1cecb8b44ced2,21,FBgn0010825;SE:chr3L:8450457-8451775:8452128-8461972:+,FBgn0010825;SE:3L:8450457-8451775:8452128-8461972:+,SE,chr3L,+,8450457-8451775:8452128-8461972,Yes,0.106,0.00002263836553,0.0008725472886,6d_male_vs_female,6d,SE,Yes,Higher inclusion in male,470,FBgn0010825,Gug,chr3L,+,8451774,8452128,8449921,8450457,8461971,8462088,470,"61,21,93","0,0,0","109,9,163","0,0,19",473,119,0.00002263836553,0.0008725472886,"1.0,1.0,1.0","1.0,1.0,0.683",0.106
AGE0000484,AGE_SEX,6d,Ray Lab Data - 6d_significant.csv,2a03afd30c5fe86748a7a798b1919c9c79f3b37d69243d9babf1cecb8b44ced2,22,FBgn0264607;SE:chr4:1038437-1040013:1040078-1043468:-,FBgn0264607;SE:4:1038437-1040013:1040078-1043468:-,SE,chr4,-,1038437-1040013:1040078-1043468,Yes,0.333,0.00002507923297,0.0009143752777,6d_male_vs_female,6d,SE,Yes,Higher inclusion in male,2795,FBgn0264607,CaMKII,chr4,-,1040012,1040078,1038358,1038437,1043467,1043521,2795,"40,10,24","2,0,2","8,5,72","8,1,24",185,119,0.00002507923297,0.0009143752777,"0.928,1.0,0.885","0.391,0.763,0.659",0.333
AGE0000485,AGE_SEX,6d,Ray Lab Data - 6d_significant.csv,2a03afd30c5fe86748a7a798b1919c9c79f3b37d69243d9babf1cecb8b44ced2,23,FBgn0264607;SE:chr4:1038434-1040013:1040078-1043468:-,FBgn0264607;SE:4:1038434-1040013:1040078-1043468:-,SE,chr4,-,1038434-1040013:1040078-1043468,Yes,0.136,0.0000424037903,0.001466736234,6d_male_vs_female,6d,SE,Yes,Higher inclusion in male,2793,FBgn0264607,CaMKII,chr4,-,1040012,1040078,1038358,1038434,1043467,1043521,2793,"39,9,18","0,0,0","26,6,75","9,0,3",185,119,0.0000424037903,0.001466736234,"1.0,1.0,1.0","0.65,1.0,0.941",0.136
AGE0000486,AGE_SEX,6d,Ray Lab Data - 6d_significant.csv,2a03afd30c5fe86748a7a798b1919c9c79f3b37d69243d9babf1cecb8b44ced2,24,FBgn0013576;SE:chr3R:5275087-5291990:5292079-5292640:-,FBgn0013576;SE:3R:5275087-5291990:5292079-5292640:-,SE,chr3R,-,5275087-5291990:5292079-5292640,Yes,-0.132,0.00004776098995,0.00149836222,6d_male_vs_female,6d,SE,Yes,Higher inclusion in female,2220,FBgn0013576,mtd,chr3R,-,5291989,5292079,5274965,5275087,5292639,5292841,2220,"35,6,9","13,0,0","38,7,5","0,0,0",209,119,0.00004776098995,0.00149836222,"0.605,1.0,1.0","1.0,1.0,1.0",-0.132
AGE0000487,AGE_SEX,6d,Ray Lab Data - 6d_significant.csv,2a03afd30c5fe86748a7a798b1919c9c79f3b37d69243d9babf1cecb8b44ced2,25,FBgn0015524;SE:chr2R:20895866-20896475:20896770-20902028:-,FBgn0015524;SE:2R:20895866-20896475:20896770-20902028:-,SE,chr2R,-,20895866-20896475:20896770-20902028,Yes,0.105,0.000046954388,0.00149836222,6d_male_vs_female,6d,SE,Yes,Higher inclusion in male,2423,FBgn0015524,otp,chr2R,-,20896474,20896770,20895710,20895866,20902027,20902293,2423,"101,23,23","0,0,0","114,34,69","15,0,0",415,119,0.000046954388,0.00149836222,"1.0,1.0,1.0","0.685,1.0,1.0",0.105
AGE0000488,AGE_SEX,6d,Ray Lab Data - 6d_significant.csv,2a03afd30c5fe86748a7a798b1919c9c79f3b37d69243d9babf1cecb8b44ced2,26,FBgn0013733;SE:chr2R:13865495-13865757:13865905-13866449:-,FBgn0013733;SE:2R:13865495-13865757:13865905-13866449:-,SE,chr2R,-,13865495-13865757:13865905-13866449,Yes,0.267,0.00005402496782,0.0016563564,6d_male_vs_female,6d,SE,Yes,Higher inclusion in male,2336,FBgn0013733,shot,chr2R,-,13865756,13865905,13864236,13865495,13866448,13866632,2336,"96,9,2","0,0,0","21,15,18","19,1,0",268,119,0.00005402496782,0.0016563564,"1.0,1.0,1.0","0.329,0.869,1.0",0.267
AGE0000489,AGE_SEX,6d,Ray Lab Data - 6d_significant.csv,2a03afd30c5fe86748a7a798b1919c9c79f3b37d69243d9babf1cecb8b44ced2,27,FBgn0003209;SE:chr2L:8713370-8734467:8735200-8740385:-,FBgn0003209;SE:2L:8713370-8734467:8735200-8740385:-,SE,chr2L,-,8713370-8734467:8735200-8740385,Yes,-0.511,0.000201941683,0.005139987364,6d_male_vs_female,6d,SE,Yes,Higher inclusion in female,775,FBgn0003209,raw,chr2L,-,8734466,8735200,8713263,8713370,8740384,8740660,775,"0,0,0","3,2,17","20,3,6","3,0,16",853,119,0.000201941683,0.005139987364,"0.0,0.0,0.0","0.482,1.0,0.05",-0.511
AGE0000490,AGE_SEX,6d,Ray Lab Data - 6d_significant.csv,2a03afd30c5fe86748a7a798b1919c9c79f3b37d69243d9babf1cecb8b44ced2,28,FBgn0037234;SE:chr3R:4324164-4324337:4324510-4324588:+,FBgn0037234;SE:3R:4324164-4324337:4324510-4324588:+,SE,chr3R,+,4324164-4324337:4324510-4324588,Yes,-0.15,0.0002007374798,0.005139987364,6d_male_vs_female,6d,SE,Yes,Higher inclusion in female,2646,FBgn0037234,CG9795,chr3R,+,4324336,4324510,4323952,4324164,4324587,4324672,2646,"27,5,1","9,0,0","23,5,39","0,0,0",293,119,0.0002007374798,0.005139987364,"0.549,1.0,1.0","1.0,1.0,1.0",-0.15
AGE0000491,AGE_SEX,6d,Ray Lab Data - 6d_significant.csv,2a03afd30c5fe86748a7a798b1919c9c79f3b37d69243d9babf1cecb8b44ced2,29,FBgn0005536;SE:chr3L:16077282-16077723:16077809-16080759:+,FBgn0005536;SE:3L:16077282-16077723:16077809-16080759:+,SE,chr3L,+,16077282-16077723:16077809-16080759,Yes,0.273,0.0002586288999,0.006460933075,6d_male_vs_female,6d,SE,Yes,Higher inclusion in male,80,FBgn0005536,Mbs,chr3L,+,16077722,16077809,16077191,16077282,16080758,16081187,80,"88,31,8","13,10,4","23,17,13","45,9,11",206,119,0.0002586288999,0.006460933075,"0.796,0.642,0.536","0.228,0.522,0.406",0.273
AGE0000492,AGE_SEX,6d,Ray Lab Data - 6d_significant.csv,2a03afd30c5fe86748a7a798b1919c9c79f3b37d69243d9babf1cecb8b44ced2,30,FBgn0035023;SE:chr2R:24555571-24556284:24557699-24558030:+,FBgn0035023;SE:2R:24555571-24556284:24557699-24558030:+,SE,chr2R,+,24555571-24556284:24557699-24558030,Yes,-0.633,0.0002902243544,0.006871466732,6d_male_vs_female,6d,SE,Yes,Higher inclusion in female,525,FBgn0035023,ITP,chr2R,+,24556283,24557699,24555353,24555571,24558029,24558961,525,"32,8,14","39,57,27","51,37,125","405,0,0",1535,119,0.0002902243544,0.006871466732,"0.06,0.011,0.039","0.01,1.0,1.0",-0.633
AGE0000493,AGE_SEX,6d,Ray Lab Data - 6d_significant.csv,2a03afd30c5fe86748a7a798b1919c9c79f3b37d69243d9babf1cecb8b44ced2,31,FBgn0026375;SE:chrX:17644808-17645887:17646012-17646520:-,FBgn0026375;SE:X:17644808-17645887:17646012-17646520:-,SE,chrX,-,17644808-17645887:17646012-17646520,Yes,0.577,0.0003093983514,0.007196178897,6d_male_vs_female,6d,SE,Yes,Higher inclusion in male,118,FBgn0026375,RhoGAPp190,chrX,-,17645886,17646012,17644763,17644808,17646519,17646585,118,"9,2,4","0,0,3","3,1,6","3,3,12",245,119,0.0003093983514,0.007196178897,"1.0,1.0,0.393","0.327,0.139,0.195",0.577
AGE0000494,AGE_SEX,6d,Ray Lab Data - 6d_significant.csv,2a03afd30c5fe86748a7a798b1919c9c79f3b37d69243d9babf1cecb8b44ced2,32,FBgn0003261;SE:chr3R:6005126-6005950:6006114-6008037:-,FBgn0003261;SE:3R:6005126-6005950:6006114-6008037:-,SE,chr3R,-,6005126-6005950:6006114-6008037,Yes,-0.2,0.0003507089353,0.008018751758,6d_male_vs_female,6d,SE,Yes,Higher inclusion in female,1210,FBgn0003261,Rm62,chr3R,-,6005949,6006114,6004016,6005126,6008036,6008573,1210,"4,1,1","8,4,18","23,4,22","18,3,41",284,119,0.0003507089353,0.008018751758,"0.173,0.095,0.023","0.349,0.358,0.184",-0.2
AGE0000495,AGE_SEX,6d,Ray Lab Data - 6d_significant.csv,2a03afd30c5fe86748a7a798b1919c9c79f3b37d69243d9babf1cecb8b44ced2,33,FBgn0004509;SE:chr3R:25417964-25431917:25431981-25461365:-,FBgn0004509;SE:3R:25417964-25431917:25431981-25461365:-,SE,chr3R,-,25417964-25431917:25431981-25461365,Yes,0.239,0.0003972087931,0.008784174785,6d_male_vs_female,6d,SE,Yes,Higher inclusion in male,2601,FBgn0004509,Fur1,chr3R,-,25431916,25431981,25417937,25417964,25461364,25461420,2601,"2,14,25","0,0,0","48,7,73","0,8,4",184,119,0.0003972087931,0.008784174785,"1.0,1.0,1.0","1.0,0.361,0.922",0.239
AGE0000496,AGE_SEX,6d,Ray Lab Data - 6d_significant.csv,2a03afd30c5fe86748a7a798b1919c9c79f3b37d69243d9babf1cecb8b44ced2,34,FBgn0043070;SE:chr2R:21502479-21507295:21507722-21510118:+,FBgn0043070;SE:2R:21502479-21507295:21507722-21510118:+,SE,chr2R,+,21502479-21507295:21507722-21510118,Yes,-0.146,0.0004585672511,0.009819162249,6d_male_vs_female,6d,SE,Yes,Higher inclusion in female,2565,FBgn0043070,MESK2,chr2R,+,21507294,21507722,21502096,21502479,21510117,21510201,2565,"64,12,14","16,0,6","62,2,67","0,1,1",547,119,0.0004585672511,0.009819162249,"0.465,1.0,0.337","1.0,0.303,0.936",-0.146
AGE0000497,AGE_SEX,6d,Ray Lab Data - 6d_significant.csv,2a03afd30c5fe86748a7a798b1919c9c79f3b37d69243d9babf1cecb8b44ced2,35,FBgn0062449;SE:chr2R:11692167-11692499:11692545-11694474:+,FBgn0062449;SE:2R:11692167-11692499:11692545-11694474:+,SE,chr2R,+,11692167-11692499:11692545-11694474,Yes,-0.137,0.0004962028047,0.01045902474,6d_male_vs_female,6d,SE,Yes,Higher inclusion in female,889,FBgn0062449,CG13197,chr2R,+,11692498,11692545,11691967,11692167,11694473,11694581,889,"10,6,18","0,0,9","11,3,7","0,0,0",166,119,0.0004962028047,0.01045902474,"1.0,1.0,0.589","1.0,1.0,1.0",-0.137
AGE0000498,AGE_SEX,6d,Ray Lab Data - 6d_significant.csv,2a03afd30c5fe86748a7a798b1919c9c79f3b37d69243d9babf1cecb8b44ced2,36,FBgn0051163;SE:chr3R:22149422-22159893:22160093-22173932:+,FBgn0051163;SE:3R:22149422-22159893:22160093-22173932:+,SE,chr3R,+,22149422-22159893:22160093-22173932,Yes,-0.108,0.0005321043478,0.01104321177,6d_male_vs_female,6d,SE,Yes,Higher inclusion in female,785,FBgn0051163,SKIP,chr3R,+,22159892,22160093,22149366,22149422,22173931,22174727,785,"28,3,0","54,24,40","25,4,55","59,10,57",320,119,0.0005321043478,0.01104321177,"0.162,0.044,0.0","0.136,0.129,0.264",-0.108
AGE0000499,AGE_SEX,6d,Ray Lab Data - 6d_significant.csv,2a03afd30c5fe86748a7a798b1919c9c79f3b37d69243d9babf1cecb8b44ced2,37,FBgn0005536;SE:chr3L:16063173-16063543:16063737-16063886:+,FBgn0005536;SE:3L:16063173-16063543:16063737-16063886:+,SE,chr3L,+,16063173-16063543:16063737-16063886,Yes,0.493,0.0005489358739,0.01121991657,6d_male_vs_female,6d,SE,Yes,Higher inclusion in male,75,FBgn0005536,Mbs,chr3L,+,16063542,16063737,16063087,16063173,16063885,16063999,75,"2,8,1","1,1,0","4,0,13","17,1,3",314,119,0.0005489358739,0.01121991657,"0.431,0.752,1.0","0.082,0.0,0.622",0.493
AGE0000500,AGE_SEX,6d,Ray Lab Data - 6d_significant.csv,2a03afd30c5fe86748a7a798b1919c9c79f3b37d69243d9babf1cecb8b44ced2,38,FBgn0031883;SE:chr2L:7033018-7034199:7034273-7034765:+,FBgn0031883;SE:2L:7033018-7034199:7034273-7034765:+,SE,chr2L,+,7033018-7034199:7034273-7034765,Yes,0.151,0.0005730369595,0.0115377143,6d_male_vs_female,6d,SE,Yes,Higher inclusion in male,2555,FBgn0031883,Caper,chr2L,+,7034198,7034273,7032720,7033018,7034764,7034910,2555,"55,7,49","2,0,0","24,7,78","13,0,2",194,119,0.0005730369595,0.0115377143,"0.944,1.0,1.0","0.531,1.0,0.96",0.151
AGE0000501,AGE_SEX,6d,Ray Lab Data - 6d_significant.csv,2a03afd30c5fe86748a7a798b1919c9c79f3b37d69243d9babf1cecb8b44ced2,39,FBgn0013718;SE:chr3L:14231325-14231597:14231635-14231927:+,FBgn0013718;SE:3L:14231325-14231597:14231635-14231927:+,SE,chr3L,+,14231325-14231597:14231635-14231927,Yes,0.19,0.0006034687228,0.01197175452,6d_male_vs_female,6d,SE,Yes,Higher inclusion in male,2904,FBgn0013718,nuf,chr3L,+,14231596,14231635,14231176,14231325,14231926,14232500,2904,"21,5,33","0,0,0","3,2,13","0,0,13",158,119,0.0006034687228,0.01197175452,"1.0,1.0,1.0","1.0,1.0,0.43",0.19
AGE0000502,AGE_SEX,6d,Ray Lab Data - 6d_significant.csv,2a03afd30c5fe86748a7a798b1919c9c79f3b37d69243d9babf1cecb8b44ced2,40,FBgn0023213;SE:chr4:926661-927393:928151-929822:-,FBgn0023213;SE:4:926661-927393:928151-929822:-,SE,chr4,-,926661-927393:928151-929822,Yes,0.103,0.000614727965,0.01201837717,6d_male_vs_female,6d,SE,Yes,Higher inclusion in male,1267,FBgn0023213,eIF4G1,chr4,-,927392,928151,926010,926661,929821,930023,1267,"64,35,64","1,0,0","98,42,168","0,0,16",878,119,0.000614727965,0.01201837717,"0.897,1.0,1.0","1.0,1.0,0.587",0.103
AGE0000503,AGE_SEX,6d,Ray Lab Data - 6d_significant.csv,2a03afd30c5fe86748a7a798b1919c9c79f3b37d69243d9babf1cecb8b44ced2,41,FBgn0259481;SE:chr3L:11527342-11541778:11542834-11561894:-,FBgn0259481;SE:3L:11527342-11541778:11542834-11561894:-,SE,chr3L,-,11527342-11541778:11542834-11561894,Yes,-0.174,0.0007242956005,0.01395821093,6d_male_vs_female,6d,SE,Yes,Higher inclusion in female,3052,FBgn0259481,Mob2,chr3L,-,11541777,11542834,11527181,11527342,11561893,11562233,3052,"176,31,37","3,0,7","160,36,195","1,1,0",1176,119,0.0007242956005,0.01395821093,"0.856,1.0,0.348","0.942,0.785,1.0",-0.174
AGE0000504,AGE_SEX,6d,Ray Lab Data - 6d_significant.csv,2a03afd30c5fe86748a7a798b1919c9c79f3b37d69243d9babf1cecb8b44ced2,42,FBgn0045073;SE:chrX:15936434-15936799:15937031-15937591:-,FBgn0045073;SE:X:15936434-15936799:15937031-15937591:-,SE,chrX,-,15936434-15936799:15937031-15937591,Yes,-0.407,0.0007481184666,0.01418866695,6d_male_vs_female,6d,SE,Yes,Higher inclusion in female,1173,FBgn0045073,Stim,chrX,-,15936798,15937031,15936318,15936434,15937590,15937754,1173,"19,14,7","11,3,16","50,25,23","1,1,8",352,119,0.0007481184666,0.01418866695,"0.369,0.612,0.129","0.944,0.894,0.493",-0.407
AGE0000505,AGE_SEX,6d,Ray Lab Data - 6d_significant.csv,2a03afd30c5fe86748a7a798b1919c9c79f3b37d69243d9babf1cecb8b44ced2,43,FBgn0037705;SE:chr3R:9547370-9549778:9549810-9551766:-,FBgn0037705;SE:3R:9547370-9549778:9549810-9551766:-,SE,chr3R,-,9547370-9549778:9549810-9551766,Yes,0.574,0.0008049753056,0.01465235583,6d_male_vs_female,6d,SE,Yes,Higher inclusion in male,1025,FBgn0037705,mura,chr3R,-,9549777,9549810,9546797,9547370,9551765,9551806,1025,"10,1,0","3,0,1","0,0,0","3,1,3",152,119,0.0008049753056,0.01465235583,"0.723,1.0,0.0","0.0,0.0,0.0",0.574
AGE0000506,AGE_SEX,6d,Ray Lab Data - 6d_significant.csv,2a03afd30c5fe86748a7a798b1919c9c79f3b37d69243d9babf1cecb8b44ced2,44,FBgn0003654;SE:chrX:20233443-20234328:20234390-20234775:-,FBgn0003654;SE:X:20233443-20234328:20234390-20234775:-,SE,chrX,-,20233443-20234328:20234390-20234775,Yes,0.193,0.0008146231931,0.01465235583,6d_male_vs_female,6d,SE,Yes,Higher inclusion in male,2455,FBgn0003654,sw,chrX,-,20234327,20234390,20233422,20233443,20234774,20234902,2455,"1,1,1","0,1,0","23,3,16","0,2,22",182,119,0.0008146231931,0.01465235583,"1.0,0.395,1.0","1.0,0.495,0.322",0.193
AGE0000507,AGE_SEX,6d,Ray Lab Data - 6d_significant.csv,2a03afd30c5fe86748a7a798b1919c9c79f3b37d69243d9babf1cecb8b44ced2,45,FBgn0260657;SE:chr3L:4564549-4577917:4577952-4578760:+,FBgn0260657;SE:3L:4564549-4577917:4577952-4578760:+,SE,chr3L,+,4564549-4577917:4577952-4578760,Yes,0.117,0.001032774457,0.01809367198,6d_male_vs_female,6d,SE,Yes,Higher inclusion in male,1599,FBgn0260657,CG42540,chr3L,+,4577916,4577952,4564537,4564549,4578759,4578869,1599,"5,0,3","0,1,0","5,1,1","3,0,8",155,119,0.001032774457,0.01809367198,"1.0,0.0,1.0","0.561,1.0,0.088",0.117
AGE0000508,AGE_SEX,6d,Ray Lab Data - 6d_significant.csv,2a03afd30c5fe86748a7a798b1919c9c79f3b37d69243d9babf1cecb8b44ced2,46,FBgn0035092;SE:chr2R:25037530-25037702:25037964-25039051:+,FBgn0035092;SE:2R:25037530-25037702:25037964-25039051:+,SE,chr2R,+,25037530-25037702:25037964-25039051,Yes,-0.528,0.001266881776,0.02065430328,6d_male_vs_female,6d,SE,Yes,Higher inclusion in female,520,FBgn0035092,Nplp1,chr2R,+,25037701,25037964,25036848,25037530,25039050,25040377,520,"0,0,0","9,8,6","9,3,0","2,0,9",382,119,0.001266881776,0.02065430328,"0.0,0.0,0.0","0.584,1.0,0.0",-0.528
AGE0000509,AGE_SEX,6d,Ray Lab Data - 6d_significant.csv,2a03afd30c5fe86748a7a798b1919c9c79f3b37d69243d9babf1cecb8b44ced2,47,FBgn0052264;SE:chr3L:3718990-3721537:3721566-3722156:-,FBgn0052264;SE:3L:3718990-3721537:3721566-3722156:-,SE,chr3L,-,3718990-3721537:3721566-3722156,Yes,-0.257,0.001258568131,0.02065430328,6d_male_vs_female,6d,SE,Yes,Higher inclusion in female,192,FBgn0052264,CG32264,chr3L,-,3721536,3721566,3718637,3718990,3722155,3722522,192,"3,4,0","8,0,2","0,1,2","1,0,0",149,119,0.001258568131,0.02065430328,"0.23,1.0,0.0","0.0,1.0,1.0",-0.257
AGE0000510,AGE_SEX,6d,Ray Lab Data - 6d_significant.csv,2a03afd30c5fe86748a7a798b1919c9c79f3b37d69243d9babf1cecb8b44ced2,48,FBgn0034002;SE:chr2R:15221823-15221899:15221980-15222044:+,FBgn0034002;SE:2R:15221823-15221899:15221980-15222044:+,SE,chr2R,+,15221823-15221899:15221980-15222044,Yes,0.11,0.001380344239,0.02171419799,6d_male_vs_female,6d,SE,Yes,Higher inclusion in male,2292,FBgn0034002,CG8079,chr2R,+,15221898,15221980,15221727,15221823,15222043,15222425,2292,"205,37,153","28,4,20","147,28,321","45,5,74",201,119,0.001380344239,0.02171419799,"0.813,0.846,0.819","0.659,0.768,0.72",0.11
AGE0000511,AGE_SEX,6d,Ray Lab Data - 6d_significant.csv,2a03afd30c5fe86748a7a798b1919c9c79f3b37d69243d9babf1cecb8b44ced2,49,FBgn0000636;SE:chr2L:18387317-18391052:18391364-18392245:+,FBgn0000636;SE:2L:18387317-18391052:18391364-18392245:+,SE,chr2L,+,18387317-18391052:18391364-18392245,Yes,-0.163,0.001431651607,0.02219882779,6d_male_vs_female,6d,SE,Yes,Higher inclusion in female,1979,FBgn0000636,Fas3,chr2L,+,18391051,18391364,18387286,18387317,18392244,18393441,1979,"0,1,0","51,7,70","48,0,3","12,7,193",432,119,0.001431651607,0.02219882779,"0.0,0.038,0.0","0.524,0.0,0.004",-0.163
AGE0000512,AGE_SEX,6d,Ray Lab Data - 6d_significant.csv,2a03afd30c5fe86748a7a798b1919c9c79f3b37d69243d9babf1cecb8b44ced2,50,FBgn0261550;SE:chr3R:20310638-20315839:20315940-20318977:+,FBgn0261550;SE:3R:20310638-20315839:20315940-20318977:+,SE,chr3R,+,20310638-20315839:20315940-20318977,Yes,-0.271,0.001583380479,0.02427250303,6d_male_vs_female,6d,SE,Yes,Higher inclusion in female,2097,FBgn0261550,Orp8,chr3R,+,20315838,20315940,20309903,20310638,20318976,20319026,2097,"2,1,0","27,0,6","54,2,15","21,0,22",221,119,0.001583380479,0.02427250303,"0.038,1.0,0.0","0.581,1.0,0.269",-0.271
AGE0000513,AGE_SEX,6d,Ray Lab Data - 6d_significant.csv,2a03afd30c5fe86748a7a798b1919c9c79f3b37d69243d9babf1cecb8b44ced2,51,FBgn0264606;SE:chr3L:2689932-2697696:2697926-2711352:-,FBgn0264606;SE:3L:2689932-2697696:2697926-2711352:-,SE,chr3L,-,2689932-2697696:2697926-2711352,Yes,-0.105,0.001635370903,0.0247878129,6d_male_vs_female,6d,SE,Yes,Higher inclusion in female,453,FBgn0264606,Fife,chr3L,-,2697695,2697926,2689488,2689932,2711351,2711690,453,"700,204,321","27,8,45","454,139,650","0,2,36",350,119,0.001635370903,0.0247878129,"0.898,0.897,0.708","1.0,0.959,0.86",-0.105
AGE0000514,AGE_SEX,6d,Ray Lab Data - 6d_significant.csv,2a03afd30c5fe86748a7a798b1919c9c79f3b37d69243d9babf1cecb8b44ced2,52,FBgn0001098;SE:chr3R:23936645-23936981:23937019-23937423:-,FBgn0001098;SE:3R:23936645-23936981:23937019-23937423:-,SE,chr3R,-,23936645-23936981:23937019-23937423,Yes,-0.449,0.00268310132,0.03934243132,6d_male_vs_female,6d,SE,Yes,Higher inclusion in female,2537,FBgn0001098,Gdh,chr3R,-,23936980,23937019,23935957,23936645,23937422,23937627,2537,"0,2,10","2,0,4","13,1,10","0,0,0",158,119,0.00268310132,0.03934243132,"0.0,1.0,0.653","1.0,1.0,1.0",-0.449
AGE0000515,AGE_SEX,6d,Ray Lab Data - 6d_significant.csv,2a03afd30c5fe86748a7a798b1919c9c79f3b37d69243d9babf1cecb8b44ced2,53,FBgn0261788;SE:chr3L:7656203-7656375:7661506-7661981:-,FBgn0261788;SE:3L:7656203-7656375:7661506-7661981:-,SE,chr3L,-,7656203-7656375:7661506-7661981,Yes,-0.199,0.002781490334,0.04034656409,6d_male_vs_female,6d,SE,Yes,Higher inclusion in female,3197,FBgn0261788,Ank2,chr3L,-,7656374,7661506,7655388,7656203,7661980,7662253,3197,"1940,432,341","3,4,5","1580,423,1002","0,0,4",5251,119,0.002781490334,0.04034656409,"0.936,0.71,0.607","1.0,1.0,0.85",-0.199
AGE0000516,AGE_SEX,6d,Ray Lab Data - 6d_significant.csv,2a03afd30c5fe86748a7a798b1919c9c79f3b37d69243d9babf1cecb8b44ced2,54,FBgn0010825;SE:chr3L:8470483-8470755:8471039-8471152:+,FBgn0010825;SE:3L:8470483-8470755:8471039-8471152:+,SE,chr3L,+,8470483-8470755:8471039-8471152,Yes,-0.128,0.002884486884,0.04139545538,6d_male_vs_female,6d,SE,Yes,Higher inclusion in female,473,FBgn0010825,Gug,chr3L,+,8470754,8471039,8470430,8470483,8471151,8472669,473,"0,2,1","20,6,6","7,2,0","5,2,6",404,119,0.002884486884,0.04139545538,"0.0,0.089,0.047","0.292,0.228,0.0",-0.128
AGE0000517,AGE_SEX,6d,Ray Lab Data - 6d_significant.csv,2a03afd30c5fe86748a7a798b1919c9c79f3b37d69243d9babf1cecb8b44ced2,55,FBgn0262018;SE:chr2L:17815717-17827421:17827883-17863937:-,FBgn0262018;SE:2L:17815717-17827421:17827883-17863937:-,SE,chr2L,-,17815717-17827421:17827883-17863937,Yes,-0.363,0.003079672333,0.04373134713,6d_male_vs_female,6d,SE,Yes,Higher inclusion in female,1472,FBgn0262018,CadN2,chr2L,-,17827420,17827883,17815573,17815717,17863936,17864685,1472,"34,4,13","0,2,3","13,12,55","0,0,2",582,119,0.003079672333,0.04373134713,"1.0,0.29,0.47","1.0,1.0,0.849",-0.363
AGE0000518,AGE_SEX,6d,Ray Lab Data - 6d_significant.csv,2a03afd30c5fe86748a7a798b1919c9c79f3b37d69243d9babf1cecb8b44ced2,56,FBgn0004838;SE:chr2L:6920861-6922735:6922826-6923784:+,FBgn0004838;SE:2L:6920861-6922735:6922826-6923784:+,SE,chr2L,+,6920861-6922735:6922826-6923784,Yes,-0.133,0.003129861614,0.04398107622,6d_male_vs_female,6d,SE,Yes,Higher inclusion in female,1734,FBgn0004838,Hrb27C,chr2L,+,6922734,6922826,6920703,6920861,6923783,6924400,1734,"43,7,41","4,1,4","18,1,35","0,0,2",211,119,0.003129861614,0.04398107622,"0.858,0.798,0.853","1.0,1.0,0.908",-0.133
AGE0000519,AGE_SEX,6d,Ray Lab Data - 6d_significant.csv,2a03afd30c5fe86748a7a798b1919c9c79f3b37d69243d9babf1cecb8b44ced2,57,FBgn0051665;SE:chr2L:1836652-1837173:1837406-1842899:+,FBgn0051665;SE:2L:1836652-1837173:1837406-1842899:+,SE,chr2L,+,1836652-1837173:1837406-1842899,Yes,-0.319,0.003197649346,0.04425536881,6d_male_vs_female,6d,SE,Yes,Higher inclusion in female,2572,FBgn0051665,wry,chr2L,+,1837172,1837406,1836537,1836652,1842898,1844720,2572,"49,9,25","6,2,14","52,9,144","3,0,11",353,119,0.003197649346,0.04425536881,"0.734,0.603,0.376","0.854,1.0,0.815",-0.319
AGE0000520,AGE_SEX,6d,Ray Lab Data - 6d_significant.csv,2a03afd30c5fe86748a7a798b1919c9c79f3b37d69243d9babf1cecb8b44ced2,58,FBgn0005536;SE:chr3L:16063173-16063299:16063737-16063886:+,FBgn0005536;SE:3L:16063173-16063299:16063737-16063886:+,SE,chr3L,+,16063173-16063299:16063737-16063886,Yes,0.506,0.003524562115,0.04661406169,6d_male_vs_female,6d,SE,Yes,Higher inclusion in male,74,FBgn0005536,Mbs,chr3L,+,16063298,16063737,16063087,16063173,16063885,16063999,74,"2,8,1","1,1,0","4,0,8","17,1,3",558,119,0.003524562115,0.04661406169,"0.299,0.63,1.0","0.048,0.0,0.363",0.506
AGE0000521,AGE_SEX,6d,Ray Lab Data - 6d_significant.csv,2a03afd30c5fe86748a7a798b1919c9c79f3b37d69243d9babf1cecb8b44ced2,59,FBgn0264270;SE:chrX:7087659-7090134:7090504-7091674:-,FBgn0264270;SE:X:7087659-7090134:7090504-7091674:-,SE,chrX,-,7087659-7090134:7090504-7091674,Yes,0.236,0.003484959502,0.04661406169,6d_male_vs_female,6d,SE,Yes,Higher inclusion in male,2032,FBgn0264270,Sxl,chrX,-,7090133,7090504,7087613,7087659,7091673,7092170,2032,"37,5,9","0,0,0","17,3,21","10,0,0",490,119,0.003484959502,0.04661406169,"1.0,1.0,1.0","0.292,1.0,1.0",0.236
AGE0000522,AGE_SEX,6d,Ray Lab Data - 6d_significant.csv,2a03afd30c5fe86748a7a798b1919c9c79f3b37d69243d9babf1cecb8b44ced2,60,FBgn0027932;SE:chr2L:8428067-8428320:8429462-8430281:+,FBgn0027932;SE:2L:8428067-8428320:8429462-8430281:+,SE,chr2L,+,8428067-8428320:8429462-8430281,No,-0.016,0.0000000002365624363,0.00000007978068164,6d_male_vs_female,6d,SE,No,Higher inclusion in female,1068,FBgn0027932,Akap200,chr2L,+,8428319,8429462,8427614,8428067,8430280,8430544,1068,"16,11,35","248,84,302","72,14,191","274,53,620",1262,119,0.0000000002365624363,0.00000007978068164,"0.006,0.012,0.011","0.024,0.024,0.028",-0.016
AGE0000523,AGE_SEX,6d,Ray Lab Data - 6d_significant.csv,2a03afd30c5fe86748a7a798b1919c9c79f3b37d69243d9babf1cecb8b44ced2,61,FBgn0051363;SE:chr3R:11591307-11591995:11592012-11592367:-,FBgn0051363;SE:3R:11591307-11591995:11592012-11592367:-,SE,chr3R,-,11591307-11591995:11592012-11592367,No,0.079,0.000000001556994533,0.0000004200771251,6d_male_vs_female,6d,SE,No,Higher inclusion in male,968,FBgn0051363,Jupiter,chr3R,-,11591994,11592012,11590385,11591307,11592366,11592624,968,"4478,857,3085","425,75,204","2734,586,8029","672,102,867",137,119,0.000000001556994533,0.0000004200771251,"0.901,0.908,0.929","0.779,0.833,0.889",0.079
AGE0000524,AGE_SEX,6d,Ray Lab Data - 6d_significant.csv,2a03afd30c5fe86748a7a798b1919c9c79f3b37d69243d9babf1cecb8b44ced2,62,FBgn0034282;SE:chr2R:17867559-17867783:17868088-17868287:-,FBgn0034282;SE:2R:17867559-17867783:17868088-17868287:-,SE,chr2R,-,17867559-17867783:17868088-17868287,No,-0.036,0.000000002798470788,0.0000006291895156,6d_male_vs_female,6d,SE,No,Higher inclusion in female,1834,FBgn0034282,Mapmodulin,chr2R,-,17867782,17868088,17867325,17867559,17868286,17868369,1834,"2,1,0","50,4,67","19,0,28","44,7,94",425,119,0.000000002798470788,0.0000006291895156,"0.011,0.065,0.0","0.108,0.0,0.077",-0.036
AGE0000525,AGE_SEX,6d,Ray Lab Data - 6d_significant.csv,2a03afd30c5fe86748a7a798b1919c9c79f3b37d69243d9babf1cecb8b44ced2,63,FBgn0010328;SE:chr3R:27261940-27262116:27262160-27262227:-,FBgn0010328;SE:3R:27261940-27262116:27262160-27262227:-,SE,chr3R,-,27261940-27262116:27262160-27262227,No,-0.096,0.00000003132769044,0.000004695672712,6d_male_vs_female,6d,SE,No,Higher inclusion in female,3131,FBgn0010328,woc,chr3R,-,27262115,27262160,27260090,27261940,27262226,27262487,3131,"103,48,47","15,2,5","196,39,236","2,1,2",164,119,0.00000003132769044,0.000004695672712,"0.833,0.946,0.872","0.986,0.966,0.988",-0.096
AGE0000526,AGE_SEX,6d,Ray Lab Data - 6d_significant.csv,2a03afd30c5fe86748a7a798b1919c9c79f3b37d69243d9babf1cecb8b44ced2,64,FBgn0028577;SE:chr3L:1499337-1499772:1499879-1501799:-,FBgn0028577;SE:3L:1499337-1499772:1499879-1501799:-,SE,chr3L,-,1499337-1499772:1499879-1501799,No,0.026,0.0000001170079581,0.00001315364462,6d_male_vs_female,6d,SE,No,Higher inclusion in male,226,FBgn0028577,hfp,chr3L,-,1499771,1499879,1499042,1499337,1501798,1501892,226,"621,101,10","0,0,0","620,74,32","27,0,0",227,119,0.0000001170079581,0.00001315364462,"1.0,1.0,1.0","0.923,1.0,1.0",0.026
AGE0000527,AGE_SEX,6d,Ray Lab Data - 6d_significant.csv,2a03afd30c5fe86748a7a798b1919c9c79f3b37d69243d9babf1cecb8b44ced2,65,FBgn0050296;SE:chr2R:21021317-21021886:21022133-21023065:+,FBgn0050296;SE:2R:21021317-21021886:21022133-21023065:+,SE,chr2R,+,21021317-21021886:21022133-21023065,No,-0.086,0.0000001819508483,0.00001753226388,6d_male_vs_female,6d,SE,No,Higher inclusion in female,1364,FBgn0050296,RIC-3,chr2R,+,21021885,21022133,21021190,21021317,21023064,21023165,1364,"406,41,111","11,0,8","325,43,409","0,0,0",367,119,0.0000001819508483,0.00001753226388,"0.923,1.0,0.818","1.0,1.0,1.0",-0.086
AGE0000528,AGE_SEX,6d,Ray Lab Data - 6d_significant.csv,2a03afd30c5fe86748a7a798b1919c9c79f3b37d69243d9babf1cecb8b44ced2,66,FBgn0083124;SE:chr2R:9096202-9096383:9096438-9096671:+,FBgn0083124;SE:2R:9096202-9096383:9096438-9096671:+,SE,chr2R,+,9096202-9096383:9096438-9096671,No,-0.009,0.0000002386890553,0.00002146610237,6d_male_vs_female,6d,SE,No,Higher inclusion in female,661,FBgn0083124,Uhg4,chr2R,+,9096382,9096438,9096149,9096202,9096670,9096735,661,"857,188,1602","24,1,29","1009,202,3912","6,5,7",175,119,0.0000002386890553,0.00002146610237,"0.96,0.992,0.974","0.991,0.965,0.997",-0.009
AGE0000529,AGE_SEX,6d,Ray Lab Data - 6d_significant.csv,2a03afd30c5fe86748a7a798b1919c9c79f3b37d69243d9babf1cecb8b44ced2,67,FBgn0003660;SE:chr2R:10249827-10250369:10250586-10250879:-,FBgn0003660;SE:2R:10249827-10250369:10250586-10250879:-,SE,chr2R,-,10249827-10250369:10250586-10250879,No,-0.083,0.0000003358502424,0.00002831637356,6d_male_vs_female,6d,SE,No,Higher inclusion in female,943,FBgn0003660,Syb,chr2R,-,10250368,10250586,10249434,10249827,10250878,10251144,943,"0,1,0","46,5,13","34,1,4","37,9,44",337,119,0.0000003358502424,0.00002831637356,"0.0,0.066,0.0","0.245,0.038,0.031",-0.083
AGE0000530,AGE_SEX,6d,Ray Lab Data - 6d_significant.csv,2a03afd30c5fe86748a7a798b1919c9c79f3b37d69243d9babf1cecb8b44ced2,68,FBgn0050296;SE:chr2R:21021317-21021501:21021521-21023065:+,FBgn0050296;SE:2R:21021317-21021501:21021521-21023065:+,SE,chr2R,+,21021317-21021501:21021521-21023065,No,-0.075,0.0000004118894151,0.00002924414847,6d_male_vs_female,6d,SE,No,Higher inclusion in female,1363,FBgn0050296,RIC-3,chr2R,+,21021500,21021521,21021190,21021317,21023064,21023165,1363,"102,6,74","11,0,8","53,10,110","0,0,0",140,119,0.0000004118894151,0.00002924414847,"0.887,1.0,0.887","1.0,1.0,1.0",-0.075
AGE0000531,AGE_SEX,6d,Ray Lab Data - 6d_significant.csv,2a03afd30c5fe86748a7a798b1919c9c79f3b37d69243d9babf1cecb8b44ced2,69,FBgn0028577;SE:chr3L:1499337-1500245:1500388-1501799:-,FBgn0028577;SE:3L:1499337-1500245:1500388-1501799:-,SE,chr3L,-,1499337-1500245:1500388-1501799,No,0.048,0.0000007075326299,0.00004772307589,6d_male_vs_female,6d,SE,No,Higher inclusion in male,229,FBgn0028577,hfp,chr3L,-,1500244,1500388,1499042,1499337,1501798,1501892,229,"462,87,105","0,0,0","359,63,333","27,0,0",263,119,0.0000007075326299,0.00004772307589,"1.0,1.0,1.0","0.857,1.0,1.0",0.048
AGE0000532,AGE_SEX,6d,Ray Lab Data - 6d_significant.csv,2a03afd30c5fe86748a7a798b1919c9c79f3b37d69243d9babf1cecb8b44ced2,70,FBgn0030505;SE:chrX:13656034-13658108:13658645-13660740:+,FBgn0030505;SE:X:13656034-13658108:13658645-13660740:+,SE,chrX,+,13656034-13658108:13658645-13660740,No,-0.052,0.0000018507802,0.0001188905948,6d_male_vs_female,6d,SE,No,Higher inclusion in female,2179,FBgn0030505,NFAT,chrX,+,13658107,13658645,13655850,13656034,13660739,13662686,2179,"570,93,181","19,0,0","394,61,371","0,0,0",657,119,0.0000018507802,0.0001188905948,"0.845,1.0,1.0","1.0,1.0,1.0",-0.052
AGE0000533,AGE_SEX,6d,Ray Lab Data - 6d_significant.csv,2a03afd30c5fe86748a7a798b1919c9c79f3b37d69243d9babf1cecb8b44ced2,71,FBgn0034408;SE:chr2R:18878640-18879826:18880128-18902866:+,FBgn0034408;SE:2R:18878640-18879826:18880128-18902866:+,SE,chr2R,+,18878640-18879826:18880128-18902866,No,-0.049,0.000003465402961,0.0001952612629,6d_male_vs_female,6d,SE,No,Higher inclusion in female,742,FBgn0034408,sano,chr2R,+,18879825,18880128,18878390,18878640,18902865,18902912,742,"0,3,13","65,18,66","13,1,85","66,13,115",422,119,0.000003465402961,0.0001952612629,"0.0,0.045,0.053","0.053,0.021,0.172",-0.049
AGE0000534,AGE_SEX,6d,Ray Lab Data - 6d_significant.csv,2a03afd30c5fe86748a7a798b1919c9c79f3b37d69243d9babf1cecb8b44ced2,72,FBgn0261804;SE:chr2L:18211298-18215464:18215703-18215765:-,FBgn0261804;SE:2L:18211298-18215464:18215703-18215765:-,SE,chr2L,-,18211298-18215464:18215703-18215765,No,-0.036,0.000006365384036,0.0003180334468,6d_male_vs_female,6d,SE,No,Higher inclusion in female,2546,FBgn0261804,CG42750,chr2L,-,18215463,18215703,18210556,18211298,18215764,18215846,2546,"43,25,73","460,59,234","125,18,162","350,43,367",359,119,0.000006365384036,0.0003180334468,"0.03,0.123,0.094","0.106,0.122,0.128",-0.036
AGE0000535,AGE_SEX,6d,Ray Lab Data - 6d_significant.csv,2a03afd30c5fe86748a7a798b1919c9c79f3b37d69243d9babf1cecb8b44ced2,73,FBgn0085412;SE:chr3R:13760362-13761308:13761767-13762701:+,FBgn0085412;SE:3R:13760362-13761308:13761767-13762701:+,SE,chr3R,+,13760362-13761308:13761767-13762701,No,-0.066,0.00001419464121,0.0006382856999,6d_male_vs_female,6d,SE,No,Higher inclusion in female,2972,FBgn0085412,kmr,chr3R,+,13761307,13761767,13760244,13760362,13762700,13764667,2972,"380,119,131","13,2,0","439,102,375","2,0,0",579,119,0.00001419464121,0.0006382856999,"0.857,0.924,1.0","0.978,1.0,1.0",-0.066
AGE0000536,AGE_SEX,6d,Ray Lab Data - 6d_significant.csv,2a03afd30c5fe86748a7a798b1919c9c79f3b37d69243d9babf1cecb8b44ced2,74,FBgn0085412;SE:chr3R:13760362-13761308:13761777-13762701:+,FBgn0085412;SE:3R:13760362-13761308:13761777-13762701:+,SE,chr3R,+,13760362-13761308:13761777-13762701,No,-0.066,0.00001412020582,0.0006382856999,6d_male_vs_female,6d,SE,No,Higher inclusion in female,2973,FBgn0085412,kmr,chr3R,+,13761307,13761777,13760244,13760362,13762700,13764667,2973,"380,122,132","13,2,0","439,102,380","2,0,0",589,119,0.00001412020582,0.0006382856999,"0.855,0.925,1.0","0.978,1.0,1.0",-0.066
AGE0000537,AGE_SEX,6d,Ray Lab Data - 6d_significant.csv,2a03afd30c5fe86748a7a798b1919c9c79f3b37d69243d9babf1cecb8b44ced2,75,FBgn0260499;SE:chr2R:11443112-11444540:11444627-11444684:+,FBgn0260499;SE:2R:11443112-11444540:11444627-11444684:+,SE,chr2R,+,11443112-11444540:11444627-11444684,No,-0.03,0.00002399844649,0.00089927512,6d_male_vs_female,6d,SE,No,Higher inclusion in female,1074,FBgn0260499,qvr,chr2R,+,11444539,11444627,11442504,11443112,11444683,11444760,1074,"974,269,926","8,7,69","698,196,1820","0,6,35",207,119,0.00002399844649,0.00089927512,"0.986,0.957,0.885","1.0,0.949,0.968",-0.03
AGE0000538,AGE_SEX,6d,Ray Lab Data - 6d_significant.csv,2a03afd30c5fe86748a7a798b1919c9c79f3b37d69243d9babf1cecb8b44ced2,76,FBgn0028577;SE:chr3L:1499879-1500245:1500388-1501351:-,FBgn0028577;SE:3L:1499879-1500245:1500388-1501351:-,SE,chr3L,-,1499879-1500245:1500388-1501351,No,0.015,0.00003825739402,0.001358137488,6d_male_vs_female,6d,SE,No,Higher inclusion in male,230,FBgn0028577,hfp,chr3L,-,1500244,1500388,1499042,1499879,1501350,1501406,230,"1452,195,421","8,1,8","1269,150,1233","20,0,44",263,119,0.00003825739402,0.001358137488,"0.988,0.989,0.96","0.966,1.0,0.927",0.015
AGE0000539,AGE_SEX,6d,Ray Lab Data - 6d_significant.csv,2a03afd30c5fe86748a7a798b1919c9c79f3b37d69243d9babf1cecb8b44ced2,77,FBgn0000114;SE:chr2L:12241780-12271591:12272084-12278837:+,FBgn0000114;SE:2L:12241780-12271591:12272084-12278837:+,SE,chr2L,+,12241780-12271591:12272084-12278837,No,-0.098,0.00004658072386,0.00149836222,6d_male_vs_female,6d,SE,No,Higher inclusion in female,1691,FBgn0000114,bru1,chr2L,+,12271590,12272084,12240867,12241780,12278836,12278919,1691,"161,54,128","13,0,0","87,8,226","0,0,0",613,119,0.00004658072386,0.00149836222,"0.706,1.0,1.0","1.0,1.0,1.0",-0.098
AGE0000540,AGE_SEX,6d,Ray Lab Data - 6d_significant.csv,2a03afd30c5fe86748a7a798b1919c9c79f3b37d69243d9babf1cecb8b44ced2,78,FBgn0261552;SE:chr3R:9420047-9440681:9441665-9445044:+,FBgn0261552;SE:3R:9420047-9440681:9441665-9445044:+,SE,chr3R,+,9420047-9440681:9441665-9445044,No,0.076,0.00004756520283,0.00149836222,6d_male_vs_female,6d,SE,No,Higher inclusion in male,3165,FBgn0261552,ps,chr3R,+,9440680,9441665,9419806,9420047,9445043,9445187,3165,"183,33,87","0,0,0","43,37,284","0,0,9",1104,119,0.00004756520283,0.00149836222,"1.0,1.0,1.0","1.0,1.0,0.773",0.076
AGE0000541,AGE_SEX,6d,Ray Lab Data - 6d_significant.csv,2a03afd30c5fe86748a7a798b1919c9c79f3b37d69243d9babf1cecb8b44ced2,79,FBgn0261793;SE:chrX:8410689-8418351:8418426-8423184:+,FBgn0261793;SE:X:8410689-8418351:8418426-8423184:+,SE,chrX,+,8410689-8418351:8418426-8423184,No,0.03,0.00005837600245,0.001749982829,6d_male_vs_female,6d,SE,No,Higher inclusion in male,2176,FBgn0261793,Trf2,chrX,+,8418350,8418426,8410276,8410689,8423183,8423575,2176,"141,25,251","1,0,3","171,23,458","4,0,25",195,119,0.00005837600245,0.001749982829,"0.989,1.0,0.981","0.963,1.0,0.918",0.03
AGE0000542,AGE_SEX,6d,Ray Lab Data - 6d_significant.csv,2a03afd30c5fe86748a7a798b1919c9c79f3b37d69243d9babf1cecb8b44ced2,80,FBgn0259246;SE:chr2R:9511199-9522938:9524293-9527288:+,FBgn0259246;SE:2R:9511199-9522938:9524293-9527288:+,SE,chr2R,+,9511199-9522938:9524293-9527288,No,0.024,0.00006965628833,0.002042746368,6d_male_vs_female,6d,SE,No,Higher inclusion in male,3044,FBgn0259246,brp,chr2R,+,9522937,9524293,9511143,9511199,9527287,9527377,3044,"1603,291,421","0,3,0","1233,224,931","14,0,5",1475,119,0.00006965628833,0.002042746368,"1.0,0.887,1.0","0.877,1.0,0.938",0.024
AGE0000543,AGE_SEX,6d,Ray Lab Data - 6d_significant.csv,2a03afd30c5fe86748a7a798b1919c9c79f3b37d69243d9babf1cecb8b44ced2,81,FBgn0003256;SE:chr2R:1072439-1074272:1074364-1076635:+,FBgn0003256;SE:2R:1072439-1074272:1074364-1076635:+,SE,chr2R,+,1072439-1074272:1074364-1076635,No,0.053,0.00007376798837,0.002117298219,6d_male_vs_female,6d,SE,No,Higher inclusion in male,2926,FBgn0003256,rl,chr2R,+,1074271,1074364,1072250,1072439,1076634,1076761,2926,"31,4,21","88,27,178","13,1,21","69,26,417",212,119,0.00007376798837,0.002117298219,"0.165,0.077,0.062","0.096,0.021,0.027",0.053
AGE0000544,AGE_SEX,6d,Ray Lab Data - 6d_significant.csv,2a03afd30c5fe86748a7a798b1919c9c79f3b37d69243d9babf1cecb8b44ced2,82,FBgn0086758;SE:chr2L:1653835-1678869:1678920-1690117:+,FBgn0086758;SE:2L:1653835-1678869:1678920-1690117:+,SE,chr2L,+,1653835-1678869:1678920-1690117,No,-0.081,0.00008358822864,0.002349177509,6d_male_vs_female,6d,SE,No,Higher inclusion in female,1750,FBgn0086758,chinmo,chr2L,+,1678868,1678920,1652774,1653835,1690116,1690755,1750,"0,0,0","5,1,9","0,0,11","6,1,24",171,119,0.00008358822864,0.002349177509,"0.0,0.0,0.0","0.0,0.0,0.242",-0.081
AGE0000545,AGE_SEX,6d,Ray Lab Data - 6d_significant.csv,2a03afd30c5fe86748a7a798b1919c9c79f3b37d69243d9babf1cecb8b44ced2,83,FBgn0024804;SE:chr3L:27293271-27331994:27332108-27350220:+,FBgn0024804;SE:3L:27293271-27331994:27332108-27350220:+,SE,chr3L,+,27293271-27331994:27332108-27350220,No,0.055,0.000129235283,0.003557926463,6d_male_vs_female,6d,SE,No,Higher inclusion in male,1708,FBgn0024804,Dbp80,chr3L,+,27331993,27332108,27293075,27293271,27350219,27350321,1708,"120,50,129","0,1,1","179,30,239","13,1,4",234,119,0.000129235283,0.003557926463,"1.0,0.962,0.985","0.875,0.938,0.968",0.055
AGE0000546,AGE_SEX,6d,Ray Lab Data - 6d_significant.csv,2a03afd30c5fe86748a7a798b1919c9c79f3b37d69243d9babf1cecb8b44ced2,84,FBgn0266347;SE:chr3L:23227547-23238837:23239017-23262708:+,FBgn0266347;SE:3L:23227547-23238837:23239017-23262708:+,SE,chr3L,+,23227547-23238837:23239017-23262708,No,0.052,0.000150627532,0.004063930815,6d_male_vs_female,6d,SE,No,Higher inclusion in male,390,FBgn0266347,nAChRalpha4,chr3L,+,23238836,23239017,23227437,23227547,23262707,23262823,390,"352,55,89","4,1,0","367,53,212","12,0,15",300,119,0.000150627532,0.004063930815,"0.972,0.956,1.0","0.924,1.0,0.849",0.052
AGE0000547,AGE_SEX,6d,Ray Lab Data - 6d_significant.csv,2a03afd30c5fe86748a7a798b1919c9c79f3b37d69243d9babf1cecb8b44ced2,85,FBgn0046692;SE:chr2R:4547054-4562845:4563081-4564434:+,FBgn0046692;SE:2R:4547054-4562845:4563081-4564434:+,SE,chr2R,+,4547054-4562845:4563081-4564434,No,-0.048,0.0001666537323,0.004408154605,6d_male_vs_female,6d,SE,No,Higher inclusion in female,2942,FBgn0046692,Stlk,chr2R,+,4562844,4563081,4546690,4547054,4564433,4564987,2942,"242,53,306","15,0,0","125,43,753","0,0,3",356,119,0.0001666537323,0.004408154605,"0.844,1.0,1.0","1.0,1.0,0.988",-0.048
AGE0000548,AGE_SEX,6d,Ray Lab Data - 6d_significant.csv,2a03afd30c5fe86748a7a798b1919c9c79f3b37d69243d9babf1cecb8b44ced2,86,FBgn0260635;SE:chr3L:16040065-16042786:16043071-16046485:-,FBgn0260635;SE:3L:16040065-16042786:16043071-16046485:-,SE,chr3L,-,16040065-16042786:16043071-16046485,No,0.009,0.0002661987941,0.006529130422,6d_male_vs_female,6d,SE,No,Higher inclusion in male,2427,FBgn0260635,Diap1,chr3L,-,16042785,16043071,16038409,16040065,16046484,16046846,2427,"31,0,0","123,49,125","0,4,3","89,30,216",405,119,0.0002661987941,0.006529130422,"0.069,0.0,0.0","0.0,0.038,0.004",0.009
AGE0000549,AGE_SEX,6d,Ray Lab Data - 6d_significant.csv,2a03afd30c5fe86748a7a798b1919c9c79f3b37d69243d9babf1cecb8b44ced2,87,FBgn0031016;SE:chrX:19353583-19362967:19363021-19398503:+,FBgn0031016;SE:X:19353583-19362967:19363021-19398503:+,SE,chrX,+,19353583-19362967:19363021-19398503,No,0.093,0.0002903436647,0.006871466732,6d_male_vs_female,6d,SE,No,Higher inclusion in male,2778,FBgn0031016,kek5,chrX,+,19362966,19363021,19353180,19353583,19398502,19398534,2778,"46,5,11","0,0,0","24,12,34","0,0,9",174,119,0.0002903436647,0.006871466732,"1.0,1.0,1.0","1.0,1.0,0.721",0.093
AGE0000550,AGE_SEX,6d,Ray Lab Data - 6d_significant.csv,2a03afd30c5fe86748a7a798b1919c9c79f3b37d69243d9babf1cecb8b44ced2,88,FBgn0261822;SE:chr2L:8088453-8088610:8088705-8089185:+,FBgn0261822;SE:2L:8088453-8088610:8088705-8089185:+,SE,chr2L,+,8088453-8088610:8088705-8089185,No,0.032,0.0003895729333,0.008758898118,6d_male_vs_female,6d,SE,No,Higher inclusion in male,1127,FBgn0261822,Bsg,chr2L,+,8088609,8088705,8088303,8088453,8089184,8089736,1127,"30,6,21","76,26,146","20,10,40","81,41,715",215,119,0.0003895729333,0.008758898118,"0.179,0.113,0.074","0.12,0.119,0.03",0.032
AGE0000551,AGE_SEX,6d,Ray Lab Data - 6d_significant.csv,2a03afd30c5fe86748a7a798b1919c9c79f3b37d69243d9babf1cecb8b44ced2,89,FBgn0263111;SE:chrX:11974339-11975746:11975861-11976403:-,FBgn0263111;SE:X:11974339-11975746:11975861-11976403:-,SE,chrX,-,11974339-11975746:11975861-11976403,No,0.071,0.0004432145454,0.009643490674,6d_male_vs_female,6d,SE,No,Higher inclusion in male,621,FBgn0263111,cac,chrX,-,11975745,11975861,11974223,11974339,11976402,11976506,621,"140,54,39","423,95,91","123,18,71","496,70,307",235,119,0.0004432145454,0.009643490674,"0.144,0.224,0.178","0.112,0.115,0.105",0.071
AGE0000552,AGE_SEX,6d,Ray Lab Data - 6d_significant.csv,2a03afd30c5fe86748a7a798b1919c9c79f3b37d69243d9babf1cecb8b44ced2,90,FBgn0031883;SE:chr2L:7033018-7034484:7034693-7034765:+,FBgn0031883;SE:2L:7033018-7034484:7034693-7034765:+,SE,chr2L,+,7033018-7034484:7034693-7034765,No,0.06,0.0007572898596,0.01418866695,6d_male_vs_female,6d,SE,No,Higher inclusion in male,2557,FBgn0031883,Caper,chr2L,+,7034483,7034693,7032720,7033018,7034764,7034910,2557,"211,44,152","2,0,0","148,26,447","13,0,2",329,119,0.0007572898596,0.01418866695,"0.974,1.0,1.0","0.805,1.0,0.988",0.06
AGE0000553,AGE_SEX,6d,Ray Lab Data - 6d_significant.csv,2a03afd30c5fe86748a7a798b1919c9c79f3b37d69243d9babf1cecb8b44ced2,91,FBgn0051363;SE:chr3R:11591307-11592367:11592624-11593633:-,FBgn0051363;SE:3R:11591307-11592367:11592624-11593633:-,SE,chr3R,-,11591307-11592367:11592624-11593633,No,-0.025,0.0007777110969,0.01437167493,6d_male_vs_female,6d,SE,No,Higher inclusion in female,970,FBgn0051363,Jupiter,chr3R,-,11592366,11592624,11590385,11591307,11593632,11593766,970,"1317,296,819","53,2,7","1252,295,2458","28,0,15",377,119,0.0007777110969,0.01437167493,"0.887,0.979,0.974","0.934,1.0,0.981",-0.025
AGE0000554,AGE_SEX,6d,Ray Lab Data - 6d_significant.csv,2a03afd30c5fe86748a7a798b1919c9c79f3b37d69243d9babf1cecb8b44ced2,92,FBgn0266347;SE:chr3L:23227547-23238837:23239017-23251453:+,FBgn0266347;SE:3L:23227547-23238837:23239017-23251453:+,SE,chr3L,+,23227547-23238837:23239017-23251453,No,-0.071,0.000948552224,0.01683680198,6d_male_vs_female,6d,SE,No,Higher inclusion in female,389,FBgn0266347,nAChRalpha4,chr3L,+,23238836,23239017,23227437,23227547,23251452,23251579,389,"351,54,86","0,0,12","353,51,194","0,1,0",300,119,0.000948552224,0.01683680198,"1.0,1.0,0.74","1.0,0.953,1.0",-0.071
AGE0000555,AGE_SEX,6d,Ray Lab Data - 6d_significant.csv,2a03afd30c5fe86748a7a798b1919c9c79f3b37d69243d9babf1cecb8b44ced2,93,FBgn0046874;SE:chr3R:8793367-8793978:8794091-8796705:-,FBgn0046874;SE:3R:8793367-8793978:8794091-8796705:-,SE,chr3R,-,8793367-8793978:8794091-8796705,No,-0.001,0.001174425478,0.02031153808,6d_male_vs_female,6d,SE,No,Higher inclusion in female,1058,FBgn0046874,Pif1B,chr3R,-,8793977,8794091,8793103,8793367,8796704,8796936,1058,"0,5,10","166,22,53","25,0,20","96,27,123",233,119,0.001174425478,0.02031153808,"0.0,0.104,0.088","0.117,0.0,0.077",-0.001
AGE0000556,AGE_SEX,6d,Ray Lab Data - 6d_significant.csv,2a03afd30c5fe86748a7a798b1919c9c79f3b37d69243d9babf1cecb8b44ced2,94,FBgn0010247;SE:chr3R:3462693-3468909:3469478-3523414:-,FBgn0010247;SE:3R:3462693-3468909:3469478-3523414:-,SE,chr3R,-,3462693-3468909:3469478-3523414,No,0.082,0.001270798497,0.02065430328,6d_male_vs_female,6d,SE,No,Higher inclusion in male,2935,FBgn0010247,Parp1,chr3R,-,3468908,3469478,3461350,3462693,3523413,3523947,2935,"410,114,290","4,0,0","192,118,666","5,2,10",689,119,0.001270798497,0.02065430328,"0.947,1.0,1.0","0.869,0.911,0.92",0.082
AGE0000557,AGE_SEX,6d,Ray Lab Data - 6d_significant.csv,2a03afd30c5fe86748a7a798b1919c9c79f3b37d69243d9babf1cecb8b44ced2,95,FBgn0019660;SE:chrX:11579124-11579352:11579528-11579670:+,FBgn0019660;SE:X:11579124-11579352:11579528-11579670:+,SE,chrX,+,11579124-11579352:11579528-11579670,No,0.043,0.001248950153,0.02065430328,6d_male_vs_female,6d,SE,No,Higher inclusion in male,180,FBgn0019660,lncRNA:roX2,chrX,+,11579351,11579528,11579064,11579124,11579669,11580084,180,"3511,506,1818","61,25,154","41,3,27","0,1,0",296,119,0.001248950153,0.02065430328,"0.959,0.891,0.826","1.0,0.547,1.0",0.043
AGE0000558,AGE_SEX,6d,Ray Lab Data - 6d_significant.csv,2a03afd30c5fe86748a7a798b1919c9c79f3b37d69243d9babf1cecb8b44ced2,96,FBgn0025726;SE:chr4:872225-873214:873571-875203:-,FBgn0025726;SE:4:872225-873214:873571-875203:-,SE,chr4,-,872225-873214:873571-875203,No,0.011,0.001259175171,0.02065430328,6d_male_vs_female,6d,SE,No,Higher inclusion in male,2789,FBgn0025726,unc-13,chr4,-,873213,873571,872126,872225,875202,875484,2789,"777,250,294","0,4,0","915,184,608","16,0,4",477,119,0.001259175171,0.02065430328,"1.0,0.94,1.0","0.934,1.0,0.974",0.011
AGE0000559,AGE_SEX,6d,Ray Lab Data - 6d_significant.csv,2a03afd30c5fe86748a7a798b1919c9c79f3b37d69243d9babf1cecb8b44ced2,97,FBgn0265376;SE:chr3R:4597174-4598469:4598871-4599685:-,FBgn0265376;SE:3R:4597174-4598469:4598871-4599685:-,SE,chr3R,-,4597174-4598469:4598871-4599685,No,0.058,0.001313959445,0.021101563,6d_male_vs_female,6d,SE,No,Higher inclusion in male,2832,FBgn0265376,lncRNA:CR44317,chr3R,-,4598468,4598871,4596282,4597174,4599684,4599749,2832,"24,5,46","0,0,0","17,4,145","0,0,7",522,119,0.001313959445,0.021101563,"1.0,1.0,1.0","1.0,1.0,0.825",0.058
AGE0000560,AGE_SEX,6d,Ray Lab Data - 6d_significant.csv,2a03afd30c5fe86748a7a798b1919c9c79f3b37d69243d9babf1cecb8b44ced2,98,FBgn0052600;SE:chrX:14322915-14324738:14324858-14355463:+,FBgn0052600;SE:X:14322915-14324738:14324858-14355463:+,SE,chrX,+,14322915-14324738:14324858-14355463,No,0.061,0.001384300242,0.02171419799,6d_male_vs_female,6d,SE,No,Higher inclusion in male,148,FBgn0052600,dpr8,chrX,+,14324737,14324858,14322225,14322915,14355462,14355542,148,"2018,244,819","203,29,136","1434,186,2163","240,26,515",240,119,0.001384300242,0.02171419799,"0.831,0.807,0.749","0.748,0.78,0.676",0.061
AGE0000561,AGE_SEX,6d,Ray Lab Data - 6d_significant.csv,2a03afd30c5fe86748a7a798b1919c9c79f3b37d69243d9babf1cecb8b44ced2,99,FBgn0259222;SE:chr3R:20750354-20752346:20752375-20753509:+,FBgn0259222;SE:3R:20750354-20752346:20752375-20753509:+,SE,chr3R,+,20750354-20752346:20752375-20753509,No,-0.011,0.001709954385,0.02563031628,6d_male_vs_female,6d,SE,No,Higher inclusion in female,2749,FBgn0259222,CG42322,chr3R,+,20752345,20752375,20750224,20750354,20753508,20753641,2749,"745,189,412","33,0,0","644,119,971","0,0,16",149,119,0.001709954385,0.02563031628,"0.947,1.0,1.0","1.0,1.0,0.98",-0.011
AGE0000562,AGE_SEX,6d,Ray Lab Data - 6d_significant.csv,2a03afd30c5fe86748a7a798b1919c9c79f3b37d69243d9babf1cecb8b44ced2,100,FBgn0260971;SE:chrX:4841440-4869496:4869554-4894618:+,FBgn0260971;SE:X:4841440-4869496:4869554-4894618:+,SE,chrX,+,4841440-4869496:4869554-4894618,No,0.045,0.001781392673,0.0264076782,6d_male_vs_female,6d,SE,No,Higher inclusion in male,3127,FBgn0260971,CG42594,chrX,+,4869495,4869554,4840832,4841440,4894617,4895060,3127,"23,3,27","0,0,0","60,2,87","0,0,9",178,119,0.001781392673,0.0264076782,"1.0,1.0,1.0","1.0,1.0,0.866",0.045
AGE0000563,AGE_SEX,6d,Ray Lab Data - 6d_significant.csv,2a03afd30c5fe86748a7a798b1919c9c79f3b37d69243d9babf1cecb8b44ced2,101,FBgn0086778;SE:chrX:19344150-19344905:19344989-19347638:-,FBgn0086778;SE:X:19344150-19344905:19344989-19347638:-,SE,chrX,-,19344150-19344905:19344989-19347638,No,-0.081,0.003214993434,0.04425536881,6d_male_vs_female,6d,SE,No,Higher inclusion in female,2996,FBgn0086778,nAChRalpha7,chrX,-,19344904,19344989,19343496,19344150,19347637,19347733,2996,"18,4,26","160,36,116","28,2,56","43,24,170",204,119,0.003214993434,0.04425536881,"0.062,0.061,0.116","0.275,0.046,0.161",-0.081
AGE0000564,AGE_SEX,6d,Ray Lab Data - 6d_significant.csv,2a03afd30c5fe86748a7a798b1919c9c79f3b37d69243d9babf1cecb8b44ced2,102,FBgn0042696;SE:chr4:273916-275580:275719-276291:-,FBgn0042696;SE:4:273916-275580:275719-276291:-,SE,chr4,-,273916-275580:275719-276291,No,-0.023,0.003478803192,0.04661406169,6d_male_vs_female,6d,SE,No,Higher inclusion in female,2506,FBgn0042696,NfI,chr4,-,275579,275719,273760,273916,276290,276369,2506,"141,86,541","3,1,11","187,61,939","3,0,3",259,119,0.003478803192,0.04661406169,"0.956,0.975,0.958","0.966,1.0,0.993",-0.023
AGE0000565,AGE_SEX,6d,Ray Lab Data - 6d_significant.csv,2a03afd30c5fe86748a7a798b1919c9c79f3b37d69243d9babf1cecb8b44ced2,103,FBgn0024811;SE:chr4:211982-212115:212274-212628:+,FBgn0024811;SE:4:211982-212115:212274-212628:+,SE,chr4,+,211982-212115:212274-212628,No,0.012,0.003523829514,0.04661406169,6d_male_vs_female,6d,SE,No,Higher inclusion in male,2498,FBgn0024811,Crk,chr4,+,212114,212274,211853,211982,212627,212729,2498,"21,1,0","113,30,143","0,2,9","129,23,275",279,119,0.003523829514,0.04661406169,"0.073,0.014,0.0","0.0,0.036,0.014",0.012
AGE0000566,AGE_SEX,6d,Ray Lab Data - 6d_significant.csv,2a03afd30c5fe86748a7a798b1919c9c79f3b37d69243d9babf1cecb8b44ced2,104,FBgn0031883;SE:chr2L:7034273-7034484:7034693-7034765:+,FBgn0031883;SE:2L:7034273-7034484:7034693-7034765:+,SE,chr2L,+,7034273-7034484:7034693-7034765,No,-0.036,0.003721497231,0.04874077441,6d_male_vs_female,6d,SE,No,Higher inclusion in female,2558,FBgn0031883,Caper,chr2L,+,7034483,7034693,7034198,7034273,7034764,7034910,2558,"251,57,301","10,0,1","198,26,651","0,0,0",329,119,0.003721497231,0.04874077441,"0.901,1.0,0.991","1.0,1.0,1.0",-0.036
AGE0000567,AGE_SEX,6d,Ray Lab Data - 6d_significant.csv,2a03afd30c5fe86748a7a798b1919c9c79f3b37d69243d9babf1cecb8b44ced2,105,FBgn0264001;SE:chr3L:13584271-13608393:13608846-13638517:-,FBgn0264001;SE:3L:13584271-13608393:13608846-13638517:-,SE,chr3L,-,13584271-13608393:13608846-13638517,No,-0.095,0.00414723767,0.05379445785,6d_male_vs_female,6d,SE,No,Higher inclusion in female,2271,FBgn0264001,bru3,chr3L,-,13608392,13608846,13584191,13584271,13638516,13638565,2271,"332,66,233","7,2,9","411,29,512","4,0,5",573,119,0.00414723767,0.05379445785,"0.908,0.873,0.843","0.955,1.0,0.955",-0.095
AGE0000568,AGE_SEX,6d,Ray Lab Data - 6d_significant.csv,2a03afd30c5fe86748a7a798b1919c9c79f3b37d69243d9babf1cecb8b44ced2,106,FBgn0262869;SE:chr3R:20390813-20393667:20393999-20401179:-,FBgn0262869;SE:3R:20390813-20393667:20393999-20401179:-,SE,chr3R,-,20390813-20393667:20393999-20401179,No,0.383,0.004203159029,0.054000586,6d_male_vs_female,6d,SE,No,Higher inclusion in male,1761,FBgn0262869,Gfrl,chr3R,-,20393666,20393999,20390757,20390813,20401178,20401306,1761,"45,24,9","0,2,0","0,6,20","3,1,0",452,119,0.004203159029,0.054000586,"1.0,0.76,1.0","0.0,0.612,1.0",0.383
AGE0000569,AGE_SEX,6d,Ray Lab Data - 6d_significant.csv,2a03afd30c5fe86748a7a798b1919c9c79f3b37d69243d9babf1cecb8b44ced2,107,FBgn0265959;SE:chr3L:20248325-20255898:20256638-20260862:+,FBgn0265959;SE:3L:20248325-20255898:20256638-20260862:+,SE,chr3L,+,20248325-20255898:20256638-20260862,No,0.189,0.004245365116,0.05402827869,6d_male_vs_female,6d,SE,No,Higher inclusion in male,1137,FBgn0265959,rdgC,chr3L,+,20255897,20256638,20248079,20248325,20260861,20260989,1137,"18,7,5","0,0,0","36,5,33","0,0,6",860,119,0.004245365116,0.05402827869,"1.0,1.0,1.0","1.0,1.0,0.432",0.189
AGE0000570,AGE_SEX,6d,Ray Lab Data - 6d_significant.csv,2a03afd30c5fe86748a7a798b1919c9c79f3b37d69243d9babf1cecb8b44ced2,108,FBgn0000464;SE:chr2L:19611626-19643331:19643372-19644268:+,FBgn0000464;SE:2L:19611626-19643331:19643372-19644268:+,SE,chr2L,+,19611626-19643331:19643372-19644268,No,-0.23,0.004402712376,0.05512835992,6d_male_vs_female,6d,SE,No,Higher inclusion in female,1617,FBgn0000464,Lar,chr2L,+,19643330,19643372,19611303,19611626,19644267,19644399,1617,"0,2,1","28,2,15","16,0,5","0,1,19",161,119,0.004402712376,0.05512835992,"0.0,0.425,0.047","1.0,0.0,0.163",-0.23
AGE0000571,AGE_SEX,6d,Ray Lab Data - 6d_significant.csv,2a03afd30c5fe86748a7a798b1919c9c79f3b37d69243d9babf1cecb8b44ced2,109,FBgn0031016;SE:chrX:19363021-19398503:19398534-19433154:+,FBgn0031016;SE:X:19363021-19398503:19398534-19433154:+,SE,chrX,+,19363021-19398503:19398534-19433154,No,-0.087,0.004413538081,0.05512835992,6d_male_vs_female,6d,SE,No,Higher inclusion in female,2780,FBgn0031016,kek5,chrX,+,19398502,19398534,19362966,19363021,19433153,19433272,2780,"1,0,0","45,15,13","5,0,3","42,14,10",151,119,0.004413538081,0.05512835992,"0.017,0.0,0.0","0.086,0.0,0.191",-0.087
AGE0000572,AGE_SEX,6d,Ray Lab Data - 6d_significant.csv,2a03afd30c5fe86748a7a798b1919c9c79f3b37d69243d9babf1cecb8b44ced2,110,FBgn0010434;SE:chr2R:19238434-19238789:19241785-19242174:+,FBgn0010434;SE:2R:19238434-19238789:19241785-19242174:+,SE,chr2R,+,19238434-19238789:19241785-19242174,No,0.267,0.004489096197,0.05555771349,6d_male_vs_female,6d,SE,No,Higher inclusion in male,2049,FBgn0010434,cora,chr2R,+,19238788,19241785,19238381,19238434,19242173,19242395,2049,"31,10,15","0,0,0","8,4,52","0,0,8",3116,119,0.004489096197,0.05555771349,"1.0,1.0,1.0","1.0,1.0,0.199",0.267
AGE0000573,AGE_SEX,6d,Ray Lab Data - 6d_significant.csv,2a03afd30c5fe86748a7a798b1919c9c79f3b37d69243d9babf1cecb8b44ced2,111,FBgn0050296;SE:chr2R:21021317-21021501:21021521-21021886:+,FBgn0050296;SE:2R:21021317-21021501:21021521-21021886:+,SE,chr2R,+,21021317-21021501:21021521-21021886,No,0.063,0.004635511896,0.05684823225,6d_male_vs_female,6d,SE,No,Higher inclusion in male,1362,FBgn0050296,RIC-3,chr2R,+,21021500,21021521,21021190,21021317,21021885,21022133,1362,"190,49,153","1,0,0","179,36,387","0,6,11",140,119,0.004635511896,0.05684823225,"0.994,1.0,1.0","1.0,0.836,0.968",0.063
AGE0000574,AGE_SEX,6d,Ray Lab Data - 6d_significant.csv,2a03afd30c5fe86748a7a798b1919c9c79f3b37d69243d9babf1cecb8b44ced2,112,FBgn0028577;SE:chr3L:1499337-1501346:1501406-1501799:-,FBgn0028577;SE:3L:1499337-1501346:1501406-1501799:-,SE,chr3L,-,1499337-1501346:1501406-1501799,No,0.258,0.004980859383,0.05999267239,6d_male_vs_female,6d,SE,No,Higher inclusion in male,234,FBgn0028577,hfp,chr3L,-,1501345,1501406,1499042,1499337,1501798,1501892,234,"19,2,31","0,0,0","12,1,42","27,0,0",180,119,0.004980859383,0.05999267239,"1.0,1.0,1.0","0.227,1.0,1.0",0.258
AGE0000575,AGE_SEX,6d,Ray Lab Data - 6d_significant.csv,2a03afd30c5fe86748a7a798b1919c9c79f3b37d69243d9babf1cecb8b44ced2,113,FBgn0039647;SE:chr3R:29173994-29174934:29175428-29176555:-,FBgn0039647;SE:3R:29173994-29174934:29175428-29176555:-,SE,chr3R,-,29173994-29174934:29175428-29176555,No,0.051,0.004974894421,0.05999267239,6d_male_vs_female,6d,SE,No,Higher inclusion in male,708,FBgn0039647,jus,chr3R,-,29174933,29175428,29171190,29173994,29176554,29176742,708,"77,10,12","0,1,0","2,3,32","0,0,6",614,119,0.004974894421,0.05999267239,"1.0,0.66,1.0","1.0,1.0,0.508",0.051
AGE0000576,AGE_SEX,6d,Ray Lab Data - 6d_significant.csv,2a03afd30c5fe86748a7a798b1919c9c79f3b37d69243d9babf1cecb8b44ced2,114,FBgn0004838;SE:chr2L:6920861-6922731:6922826-6923784:+,FBgn0004838;SE:2L:6920861-6922731:6922826-6923784:+,SE,chr2L,+,6920861-6922731:6922826-6923784,No,-0.08,0.00510421432,0.06039986946,6d_male_vs_female,6d,SE,No,Higher inclusion in female,1731,FBgn0004838,Hrb27C,chr2L,+,6922730,6922826,6920703,6920861,6923783,6924400,1731,"87,15,67","4,1,4","40,4,82","0,0,2",215,119,0.00510421432,0.06039986946,"0.923,0.893,0.903","1.0,1.0,0.958",-0.08
AGE0000577,AGE_SEX,6d,Ray Lab Data - 6d_significant.csv,2a03afd30c5fe86748a7a798b1919c9c79f3b37d69243d9babf1cecb8b44ced2,115,FBgn0262593;SE:chr3L:2941624-2942566:2942655-2944023:+,FBgn0262593;SE:3L:2941624-2942566:2942655-2944023:+,SE,chr3L,+,2941624-2942566:2942655-2944023,No,0.042,0.005080735465,0.06039986946,6d_male_vs_female,6d,SE,No,Higher inclusion in male,647,FBgn0262593,Shab,chr3L,+,2942565,2942655,2940780,2941624,2944022,2946408,647,"68,4,4","165,99,151","7,4,16","126,61,250",209,119,0.005080735465,0.06039986946,"0.19,0.022,0.015","0.031,0.036,0.035",0.042
AGE0000578,AGE_SEX,6d,Ray Lab Data - 6d_significant.csv,2a03afd30c5fe86748a7a798b1919c9c79f3b37d69243d9babf1cecb8b44ced2,116,FBgn0266557;SE:chr2L:228281-229173:229382-230538:-,FBgn0266557;SE:2L:228281-229173:229382-230538:-,SE,chr2L,-,228281-229173:229382-230538,No,0.21,0.005467342796,0.0641343081,6d_male_vs_female,6d,SE,No,Higher inclusion in male,610,FBgn0266557,kis,chr2L,-,229172,229382,227371,228281,230537,230627,610,"140,35,24","11,3,0","80,25,66","17,5,9",329,119,0.005467342796,0.0641343081,"0.822,0.808,1.0","0.63,0.644,0.726",0.21
AGE0000579,AGE_SEX,6d,Ray Lab Data - 6d_significant.csv,2a03afd30c5fe86748a7a798b1919c9c79f3b37d69243d9babf1cecb8b44ced2,117,FBgn0264693;SE:chr3L:4129791-4130389:4130643-4131121:-,FBgn0264693;SE:3L:4129791-4130389:4130643-4131121:-,SE,chr3L,-,4129791-4130389:4130643-4131121,No,0.253,0.005565547763,0.06472348218,6d_male_vs_female,6d,SE,No,Higher inclusion in male,2675,FBgn0264693,ens,chr3L,-,4130388,4130643,4129650,4129791,4131120,4131236,2675,"14,11,6","0,0,0","14,6,72","14,0,0",374,119,0.005565547763,0.06472348218,"1.0,1.0,1.0","0.241,1.0,1.0",0.253
AGE0000580,AGE_SEX,6d,Ray Lab Data - 6d_significant.csv,2a03afd30c5fe86748a7a798b1919c9c79f3b37d69243d9babf1cecb8b44ced2,118,FBgn0287186;SE:chr3L:24726292-24728297:24728508-24734036:+,FBgn0287186;SE:3L:24726292-24728297:24728508-24734036:+,SE,chr3L,+,24726292-24728297:24728508-24734036,No,-0.049,0.005745613532,0.06624643294,6d_male_vs_female,6d,SE,No,Higher inclusion in female,2129,FBgn0287186,scro,chr3L,+,24728296,24728508,24725823,24726292,24734035,24734187,2129,"340,119,673","14,4,0","300,120,1182","0,1,8",331,119,0.005745613532,0.06624643294,"0.897,0.914,1.0","1.0,0.977,0.982",-0.049
AGE0000581,AGE_SEX,6d,Ray Lab Data - 6d_significant.csv,2a03afd30c5fe86748a7a798b1919c9c79f3b37d69243d9babf1cecb8b44ced2,119,FBgn0039890;SE:chr4:190061-191309:191386-193344:-,FBgn0039890;SE:4:190061-191309:191386-193344:-,SE,chr4,-,190061-191309:191386-193344,No,0.102,0.005842025596,0.06678722482,6d_male_vs_female,6d,SE,No,Higher inclusion in male,2511,FBgn0039890,Abcd1,chr4,-,191308,191386,189997,190061,193343,193489,2511,"60,41,78","0,3,6","37,16,174","5,2,22",197,119,0.005842025596,0.06678722482,"1.0,0.892,0.887","0.817,0.829,0.827",0.102
AGE0000582,AGE_SEX,6d,Ray Lab Data - 6d_significant.csv,2a03afd30c5fe86748a7a798b1919c9c79f3b37d69243d9babf1cecb8b44ced2,120,FBgn0028550;SE:chrX:1252096-1259959:1260008-1274426:-,FBgn0028550;SE:X:1252096-1259959:1260008-1274426:-,SE,chrX,-,1252096-1259959:1260008-1274426,No,0.261,0.005976244414,0.06729228532,6d_male_vs_female,6d,SE,No,Higher inclusion in male,1828,FBgn0028550,Atf3,chrX,-,1259958,1260008,1251339,1252096,1274425,1275284,1828,"25,4,34","0,0,0","19,3,46","2,4,0",169,119,0.005976244414,0.06729228532,"1.0,1.0,1.0","0.87,0.346,1.0",0.261
AGE0000583,AGE_SEX,6d,Ray Lab Data - 6d_significant.csv,2a03afd30c5fe86748a7a798b1919c9c79f3b37d69243d9babf1cecb8b44ced2,121,FBgn0267002;SE:chr2R:16763340-16764138:16764374-16772258:-,FBgn0267002;SE:2R:16763340-16764138:16764374-16772258:-,SE,chr2R,-,16763340-16764138:16764374-16772258,No,0.101,0.006035853612,0.06729228532,6d_male_vs_female,6d,SE,No,Higher inclusion in male,1382,FBgn0267002,unc-104,chr2R,-,16764137,16764374,16763197,16763340,16772257,16772671,1382,"108,15,49","4,0,0","46,11,123","4,0,10",356,119,0.006035853612,0.06729228532,"0.9,1.0,1.0","0.794,1.0,0.804",0.101
AGE0000584,AGE_SEX,6d,Ray Lab Data - 6d_significant.csv,2a03afd30c5fe86748a7a798b1919c9c79f3b37d69243d9babf1cecb8b44ced2,122,FBgn0043070;SE:chr2R:21502479-21507322:21507722-21510118:+,FBgn0043070;SE:2R:21502479-21507322:21507722-21510118:+,SE,chr2R,+,21502479-21507322:21507722-21510118,No,-0.045,0.006014556138,0.06729228532,6d_male_vs_female,6d,SE,No,Higher inclusion in female,2567,FBgn0043070,MESK2,chr2R,+,21507321,21507722,21502096,21502479,21510117,21510201,2567,"22,5,14","16,0,6","25,2,3","0,1,1",520,119,0.006014556138,0.06729228532,"0.239,1.0,0.348","1.0,0.314,0.407",-0.045
AGE0000585,AGE_SEX,6d,Ray Lab Data - 6d_significant.csv,2a03afd30c5fe86748a7a798b1919c9c79f3b37d69243d9babf1cecb8b44ced2,123,FBgn0260400;SE:chrX:519242-521440:521696-522986:-,FBgn0260400;SE:X:519242-521440:521696-522986:-,SE,chrX,-,519242-521440:521696-522986,No,-0.066,0.006331288304,0.07000744198,6d_male_vs_female,6d,SE,No,Higher inclusion in female,2523,FBgn0260400,elav,chrX,-,521439,521696,509234,519242,522985,523226,2523,"793,102,381","18,2,28","749,109,1162","11,0,28",376,119,0.006331288304,0.07000744198,"0.933,0.942,0.812","0.956,1.0,0.929",-0.066
AGE0000586,AGE_SEX,6d,Ray Lab Data - 6d_significant.csv,2a03afd30c5fe86748a7a798b1919c9c79f3b37d69243d9babf1cecb8b44ced2,124,FBgn0003429;SE:chr3R:24677335-24679486:24679577-24687187:+,FBgn0003429;SE:3R:24677335-24679486:24679577-24687187:+,SE,chr3R,+,24677335-24679486:24679577-24687187,No,0.497,0.006397508219,0.07016454136,6d_male_vs_female,6d,SE,No,Higher inclusion in male,2711,FBgn0003429,slo,chr3R,+,24679485,24679577,24677243,24677335,24687186,24687297,2711,"31,4,8","12,0,6","12,0,0","6,5,4",211,119,0.006397508219,0.07016454136,"0.593,1.0,0.429","0.53,0.0,0.0",0.497
AGE0000587,AGE_SEX,6d,Ray Lab Data - 6d_significant.csv,2a03afd30c5fe86748a7a798b1919c9c79f3b37d69243d9babf1cecb8b44ced2,125,FBgn0032196;SE:chr2L:10225811-10225874:10225965-10226665:-,FBgn0032196;SE:2L:10225811-10225874:10225965-10226665:-,SE,chr2L,-,10225811-10225874:10225965-10226665,No,0.393,0.006607933625,0.07188792307,6d_male_vs_female,6d,SE,No,Higher inclusion in male,1805,FBgn0032196,CG5708,chr2L,-,10225873,10225965,10225503,10225811,10226664,10226808,1805,"8,1,30","0,0,3","18,1,8","2,1,5",211,119,0.006607933625,0.07188792307,"1.0,1.0,0.849","0.835,0.361,0.474",0.393
AGE0000588,AGE_SEX,6d,Ray Lab Data - 6d_significant.csv,2a03afd30c5fe86748a7a798b1919c9c79f3b37d69243d9babf1cecb8b44ced2,126,FBgn0028577;SE:chr3L:1499337-1501346:1501397-1501799:-,FBgn0028577;SE:3L:1499337-1501346:1501397-1501799:-,SE,chr3L,-,1499337-1501346:1501397-1501799,No,0.282,0.006832433717,0.0731504213,6d_male_vs_female,6d,SE,No,Higher inclusion in male,233,FBgn0028577,hfp,chr3L,-,1501345,1501397,1499042,1499337,1501798,1501892,233,"17,2,22","0,0,0","7,5,32","27,0,0",171,119,0.006832433717,0.0731504213,"1.0,1.0,1.0","0.153,1.0,1.0",0.282
AGE0000589,AGE_SEX,6d,Ray Lab Data - 6d_significant.csv,2a03afd30c5fe86748a7a798b1919c9c79f3b37d69243d9babf1cecb8b44ced2,127,FBgn0287825;SE:chr2R:16327160-16330237:16330398-16333034:-,FBgn0287825;SE:2R:16327160-16330237:16330398-16333034:-,SE,chr2R,-,16327160-16330237:16330398-16333034,No,0.044,0.006799721326,0.0731504213,6d_male_vs_female,6d,SE,No,Higher inclusion in male,253,FBgn0287825,Vha44,chr2R,-,16330236,16330398,16326973,16327160,16333033,16333187,253,"31,2,7","66,12,72","11,3,12","111,25,92",281,119,0.006799721326,0.0731504213,"0.166,0.066,0.04","0.04,0.048,0.052",0.044
AGE0000590,AGE_SEX,6d,Ray Lab Data - 6d_significant.csv,2a03afd30c5fe86748a7a798b1919c9c79f3b37d69243d9babf1cecb8b44ced2,128,FBgn0058263;SE:chr2R:2553877-2564444:2564669-2565119:-,FBgn0058263;SE:2R:2553877-2564444:2564669-2565119:-,SE,chr2R,-,2553877-2564444:2564669-2565119,No,0.09,0.007237726067,0.07687946822,6d_male_vs_female,6d,SE,No,Higher inclusion in male,2244,FBgn0058263,MFS17,chr2R,-,2564443,2564669,2553782,2553877,2565118,2565385,2244,"70,6,36","52,4,37","24,6,71","37,5,125",345,119,0.007237726067,0.07687946822,"0.317,0.341,0.251","0.183,0.293,0.164",0.09
AGE0000591,AGE_SEX,6d,Ray Lab Data - 6d_significant.csv,2a03afd30c5fe86748a7a798b1919c9c79f3b37d69243d9babf1cecb8b44ced2,129,FBgn0266579;SE:chr3R:27643973-27644405:27644422-27645225:-,FBgn0266579;SE:3R:27643973-27644405:27644422-27645225:-,SE,chr3R,-,27643973-27644405:27644422-27645225,No,-0.197,0.007455085691,0.07856961404,6d_male_vs_female,6d,SE,No,Higher inclusion in female,368,FBgn0266579,tau,chr3R,-,27644404,27644422,27643814,27643973,27645224,27645410,368,"0,0,0","22,3,1","10,0,0","6,2,37",137,119,0.007455085691,0.07856961404,"0.0,0.0,0.0","0.591,0.0,0.0",-0.197
AGE0000592,AGE_SEX,6d,Ray Lab Data - 6d_significant.csv,2a03afd30c5fe86748a7a798b1919c9c79f3b37d69243d9babf1cecb8b44ced2,130,FBgn0030505;SE:chrX:13625589-13645178:13645804-13649377:+,FBgn0030505;SE:X:13625589-13645178:13645804-13649377:+,SE,chrX,+,13625589-13645178:13645804-13649377,No,0.278,0.007729839561,0.08083374859,6d_male_vs_female,6d,SE,No,Higher inclusion in male,2177,FBgn0030505,NFAT,chrX,+,13645177,13645804,13624744,13625589,13649376,13649501,2177,"9,7,20","0,0,0","36,2,10","0,0,8",746,119,0.007729839561,0.08083374859,"1.0,1.0,1.0","1.0,1.0,0.166",0.278
AGE0000593,AGE_SEX,6d,Ray Lab Data - 6d_significant.csv,2a03afd30c5fe86748a7a798b1919c9c79f3b37d69243d9babf1cecb8b44ced2,131,FBgn0037998;SE:chr3R:12215953-12216633:12216686-12216881:-,FBgn0037998;SE:3R:12215953-12216633:12216686-12216881:-,SE,chr3R,-,12215953-12216633:12216686-12216881,No,0.087,0.007795534083,0.08089365752,6d_male_vs_female,6d,SE,No,Higher inclusion in male,2923,FBgn0037998,Cog1,chr3R,-,12216632,12216686,12215657,12215953,12216880,12217546,2923,"6,4,13","19,7,23","4,1,5","7,4,64",173,119,0.007795534083,0.08089365752,"0.178,0.282,0.28","0.282,0.147,0.051",0.087
AGE0000594,AGE_SEX,6d,Ray Lab Data - 6d_significant.csv,2a03afd30c5fe86748a7a798b1919c9c79f3b37d69243d9babf1cecb8b44ced2,132,FBgn0287724;SE:chr2L:11175291-11199594:11199794-11203309:-,FBgn0287724;SE:2L:11175291-11199594:11199794-11203309:-,SE,chr2L,-,11175291-11199594:11199794-11203309,No,0.087,0.008085272006,0.08298496358,6d_male_vs_female,6d,SE,No,Higher inclusion in male,332,FBgn0287724,Ca-beta,chr2L,-,11199593,11199794,11175160,11175291,11203308,11203544,332,"69,15,44","0,0,0","46,18,21","6,0,0",320,119,0.008085272006,0.08298496358,"1.0,1.0,1.0","0.74,1.0,1.0",0.087
AGE0000595,AGE_SEX,6d,Ray Lab Data - 6d_significant.csv,2a03afd30c5fe86748a7a798b1919c9c79f3b37d69243d9babf1cecb8b44ced2,133,FBgn0085432;SE:chr4:95002-97822:97975-99406:+,FBgn0085432;SE:4:95002-97822:97975-99406:+,SE,chr4,+,95002-97822:97975-99406,No,-0.043,0.008120100217,0.08298496358,6d_male_vs_female,6d,SE,No,Higher inclusion in female,1698,FBgn0085432,pan,chr4,+,97821,97975,94836,95002,99405,99475,1698,"414,156,122","5,1,7","365,70,322","0,0,4",273,119,0.008120100217,0.08298496358,"0.973,0.986,0.884","1.0,1.0,0.972",-0.043
AGE0000596,AGE_SEX,6d,Ray Lab Data - 6d_significant.csv,2a03afd30c5fe86748a7a798b1919c9c79f3b37d69243d9babf1cecb8b44ced2,134,FBgn0026086;SE:chrX:1774222-1775650:1775738-1778612:+,FBgn0026086;SE:X:1774222-1775650:1775738-1778612:+,SE,chrX,+,1774222-1775650:1775738-1778612,No,-0.075,0.008290089765,0.08345769473,6d_male_vs_female,6d,SE,No,Higher inclusion in female,2008,FBgn0026086,Adar,chrX,+,1775649,1775738,1773724,1774222,1778611,1778699,2008,"16,5,0","88,19,76","14,8,21","29,27,125",208,119,0.008290089765,0.08345769473,"0.094,0.131,0.0","0.216,0.145,0.088",-0.075
AGE0000597,AGE_SEX,6d,Ray Lab Data - 6d_significant.csv,2a03afd30c5fe86748a7a798b1919c9c79f3b37d69243d9babf1cecb8b44ced2,135,FBgn0058263;SE:chr2R:2495023-2553783:2553877-2562627:-,FBgn0058263;SE:2R:2495023-2553783:2553877-2562627:-,SE,chr2R,-,2495023-2553783:2553877-2562627,No,0.074,0.008237795584,0.08345769473,6d_male_vs_female,6d,SE,No,Higher inclusion in male,2239,FBgn0058263,MFS17,chr2R,-,2553782,2553877,2494741,2495023,2562626,2562805,2239,"11,5,16","0,0,0","9,10,38","0,0,6",214,119,0.008237795584,0.08345769473,"1.0,1.0,1.0","1.0,1.0,0.779",0.074
AGE0000598,AGE_SEX,6d,Ray Lab Data - 6d_significant.csv,2a03afd30c5fe86748a7a798b1919c9c79f3b37d69243d9babf1cecb8b44ced2,136,FBgn0261276;SE:chr2R:14234342-14234443:14234559-14234693:-,FBgn0261276;SE:2R:14234342-14234443:14234559-14234693:-,SE,chr2R,-,14234342-14234443:14234559-14234693,No,-0.059,0.008654129534,0.08647719068,6d_male_vs_female,6d,SE,No,Higher inclusion in female,3141,FBgn0261276,Opa1,chr2R,-,14234442,14234559,14234267,14234342,14234692,14234828,3141,"1491,359,1012","826,168,661","1484,314,2319","555,145,1121",236,119,0.008654129534,0.08647719068,"0.476,0.519,0.436","0.574,0.522,0.511",-0.059
AGE0000599,AGE_SEX,6d,Ray Lab Data - 6d_significant.csv,2a03afd30c5fe86748a7a798b1919c9c79f3b37d69243d9babf1cecb8b44ced2,137,FBgn0263346;SE:chr3R:4660399-4670797:4670850-4680229:+,FBgn0263346;SE:3R:4660399-4670797:4670850-4680229:+,SE,chr3R,+,4660399-4670797:4670850-4680229,No,0.029,0.009500329974,0.09423489069,6d_male_vs_female,6d,SE,No,Higher inclusion in male,554,FBgn0263346,smash,chr3R,+,4670796,4670850,4659578,4660399,4680228,4680579,554,"424,78,135","15,1,0","368,83,367","20,0,22",173,119,0.009500329974,0.09423489069,"0.951,0.982,1.0","0.927,1.0,0.92",0.029
AGE0000600,AGE_SEX,6d,Ray Lab Data - 6d_significant.csv,2a03afd30c5fe86748a7a798b1919c9c79f3b37d69243d9babf1cecb8b44ced2,138,FBgn0024728;SE:chr4:664340-664988:665305-665951:+,FBgn0024728;SE:4:664340-664988:665305-665951:+,SE,chr4,+,664340-664988:665305-665951,No,0.028,0.0100742699,0.0991984678,6d_male_vs_female,6d,SE,No,Higher inclusion in male,1850,FBgn0024728,Slip1,chr4,+,664987,665305,663854,664340,665950,666932,1850,"304,118,200","0,1,0","183,63,535","0,1,9",437,119,0.0100742699,0.0991984678,"1.0,0.97,1.0","1.0,0.945,0.942",0.028
AGE0000601,AGE_SEX,6d,Ray Lab Data - 6d_significant.csv,2a03afd30c5fe86748a7a798b1919c9c79f3b37d69243d9babf1cecb8b44ced2,139,FBgn0030613;SE:chrX:15109893-15110464:15110670-15111068:+,FBgn0030613;SE:X:15109893-15110464:15110670-15111068:+,SE,chrX,+,15109893-15110464:15110670-15111068,No,0.012,0.01022628078,0.09996559984,6d_male_vs_female,6d,SE,No,Higher inclusion in male,907,FBgn0030613,Rab3-GEF,chrX,+,15110463,15110670,15109846,15109893,15111067,15113744,907,"23,13,2","0,2,0","18,12,33","0,0,6",326,119,0.01022628078,0.09996559984,"1.0,0.704,1.0","1.0,1.0,0.668",0.012
AGE0000602,AGE_SEX,6d,Ray Lab Data - 6d_significant.csv,2a03afd30c5fe86748a7a798b1919c9c79f3b37d69243d9babf1cecb8b44ced2,140,FBgn0263995;SE:chr3R:18010574-18011097:18011713-18013148:+,FBgn0263995;SE:3R:18010574-18011097:18011713-18013148:+,SE,chr3R,+,18010574-18011097:18011713-18013148,No,0.287,0.01087940869,0.1048308738,6d_male_vs_female,6d,SE,No,Higher inclusion in male,1953,FBgn0263995,cpo,chr3R,+,18011096,18011713,18010227,18010574,18013147,18014732,1953,"6,2,9","0,0,0","20,4,6","0,0,6",736,119,0.01087940869,0.1048308738,"1.0,1.0,1.0","1.0,1.0,0.139",0.287
AGE0000603,AGE_SEX,6d,Ray Lab Data - 6d_significant.csv,2a03afd30c5fe86748a7a798b1919c9c79f3b37d69243d9babf1cecb8b44ced2,141,FBgn0283509;SE:chr2R:23987554-23987618:23987675-23988114:-,FBgn0283509;SE:2R:23987554-23987618:23987675-23988114:-,SE,chr2R,-,23987554-23987618:23987675-23988114,No,-0.025,0.0108510165,0.1048308738,6d_male_vs_female,6d,SE,No,Higher inclusion in female,1729,FBgn0283509,Phm,chr2R,-,23987617,23987675,23987466,23987554,23988113,23988455,1729,"149,9,11","8,0,0","62,3,113","0,0,0",177,119,0.0108510165,0.1048308738,"0.926,1.0,1.0","1.0,1.0,1.0",-0.025
AGE0000604,AGE_SEX,6d,Ray Lab Data - 6d_significant.csv,2a03afd30c5fe86748a7a798b1919c9c79f3b37d69243d9babf1cecb8b44ced2,142,FBgn0260657;SE:chr3L:4563896-4568625:4568948-4577917:+,FBgn0260657;SE:3L:4563896-4568625:4568948-4577917:+,SE,chr3L,+,4563896-4568625:4568948-4577917,No,0.135,0.01156396846,0.110636833,6d_male_vs_female,6d,SE,No,Higher inclusion in male,1594,FBgn0260657,CG42540,chr3L,+,4568624,4568948,4563796,4563896,4577916,4577952,1594,"0,7,2","11,3,10","0,0,2","4,1,16",443,119,0.01156396846,0.110636833,"0.0,0.385,0.051","0.0,0.0,0.032",0.135
AGE0000605,AGE_SEX,6d,Ray Lab Data - 6d_significant.csv,2a03afd30c5fe86748a7a798b1919c9c79f3b37d69243d9babf1cecb8b44ced2,143,FBgn0262617;SE:chr3R:10298591-10299002:10299058-10299634:+,FBgn0262617;SE:3R:10298591-10299002:10299058-10299634:+,SE,chr3R,+,10298591-10299002:10299058-10299634,No,0.295,0.01249031809,0.1178282455,6d_male_vs_female,6d,SE,No,Higher inclusion in male,954,FBgn0262617,Nuak,chr3R,+,10299001,10299058,10298448,10298591,10299633,10299752,954,"37,14,15","1,5,6","1,9,59","19,3,21",176,119,0.01249031809,0.1178282455,"0.962,0.654,0.628","0.034,0.67,0.655",0.295
AGE0000606,AGE_SEX,6d,Ray Lab Data - 6d_significant.csv,2a03afd30c5fe86748a7a798b1919c9c79f3b37d69243d9babf1cecb8b44ced2,144,FBgn0069969;SE:chr2R:929292-949871:949946-951127:-,FBgn0069969;SE:2R:929292-949871:949946-951127:-,SE,chr2R,-,929292-949871:949946-951127,No,0.182,0.01247709311,0.1178282455,6d_male_vs_female,6d,SE,No,Higher inclusion in male,1335,FBgn0069969,CG40498,chr2R,-,949870,949946,929050,929292,951126,951252,1335,"71,11,45","0,1,10","75,9,87","6,3,48",195,119,0.01247709311,0.1178282455,"1.0,0.87,0.733","0.884,0.647,0.525",0.182
AGE0000607,AGE_SEX,6d,Ray Lab Data - 6d_significant.csv,2a03afd30c5fe86748a7a798b1919c9c79f3b37d69243d9babf1cecb8b44ced2,145,FBgn0052647;SE:chrX:12783589-12784462:12784522-12784702:-,FBgn0052647;SE:X:12783589-12784462:12784522-12784702:-,SE,chrX,-,12783589-12784462:12784522-12784702,No,-0.122,0.01276470312,0.1195804479,6d_male_vs_female,6d,SE,No,Higher inclusion in female,2762,FBgn0052647,CG32647,chrX,-,12784461,12784522,12783088,12783589,12784701,12784958,2762,"5,3,6","12,4,0","4,0,32","0,1,2",180,119,0.01276470312,0.1195804479,"0.216,0.331,1.0","1.0,0.0,0.914",-0.122
AGE0000608,AGE_SEX,6d,Ray Lab Data - 6d_significant.csv,2a03afd30c5fe86748a7a798b1919c9c79f3b37d69243d9babf1cecb8b44ced2,146,FBgn0259228;SE:chrX:6789051-6789712:6791161-6803107:-,FBgn0259228;SE:X:6789051-6789712:6791161-6803107:-,SE,chrX,-,6789051-6789712:6791161-6803107,No,-0.233,0.01452192474,0.1351039757,6d_male_vs_female,6d,SE,No,Higher inclusion in female,1476,FBgn0259228,C3G,chrX,-,6789711,6791161,6788460,6789051,6803106,6803593,1476,"12,11,13","0,0,6","26,8,70","0,0,1",1569,119,0.01452192474,0.1351039757,"1.0,1.0,0.141","1.0,1.0,0.841",-0.233
AGE0000609,AGE_SEX,6d,Ray Lab Data - 6d_significant.csv,2a03afd30c5fe86748a7a798b1919c9c79f3b37d69243d9babf1cecb8b44ced2,147,FBgn0261649;SE:chr3R:17811804-17813531:17813617-17836151:+,FBgn0261649;SE:3R:17811804-17813531:17813617-17836151:+,SE,chr3R,+,17811804-17813531:17813617-17836151,No,0.021,0.0157754567,0.1457608978,6d_male_vs_female,6d,SE,No,Higher inclusion in male,2856,FBgn0261649,tinc,chr3R,+,17813530,17813617,17811540,17811804,17836150,17836236,2856,"128,44,79","0,0,4","145,26,151","14,0,0",206,119,0.0157754567,0.1457608978,"1.0,1.0,0.919","0.857,1.0,1.0",0.021
AGE0000610,AGE_SEX,6d,Ray Lab Data - 6d_significant.csv,2a03afd30c5fe86748a7a798b1919c9c79f3b37d69243d9babf1cecb8b44ced2,148,FBgn0034408;SE:chr2R:18878640-18879826:18880128-18913443:+,FBgn0034408;SE:2R:18878640-18879826:18880128-18913443:+,SE,chr2R,+,18878640-18879826:18880128-18913443,No,-0.333,0.01657164231,0.1520758195,6d_male_vs_female,6d,SE,No,Higher inclusion in female,743,FBgn0034408,sano,chr2R,+,18879825,18880128,18878390,18878640,18913442,18913494,743,"0,2,1","4,0,0","13,1,31","0,0,0",422,119,0.01657164231,0.1520758195,"0.0,1.0,1.0","1.0,1.0,1.0",-0.333
AGE0000611,AGE_SEX,6d,Ray Lab Data - 6d_significant.csv,2a03afd30c5fe86748a7a798b1919c9c79f3b37d69243d9babf1cecb8b44ced2,149,FBgn0031883;SE:chr2L:7034273-7034765:7034912-7035075:+,FBgn0031883;SE:2L:7034273-7034765:7034912-7035075:+,SE,chr2L,+,7034273-7034765:7034912-7035075,No,-0.019,0.01692470691,0.1542664163,6d_male_vs_female,6d,SE,No,Higher inclusion in female,2564,FBgn0031883,Caper,chr2L,+,7034764,7034912,7034198,7034273,7035074,7035561,2564,"333,97,202","8,0,4","245,74,488","3,0,2",267,119,0.01692470691,0.1542664163,"0.949,1.0,0.957","0.973,1.0,0.991",-0.019
AGE0000612,AGE_SEX,6d,Ray Lab Data - 6d_significant.csv,2a03afd30c5fe86748a7a798b1919c9c79f3b37d69243d9babf1cecb8b44ced2,150,FBgn0031883;SE:chr2L:7034273-7034765:7034910-7035075:+,FBgn0031883;SE:2L:7034273-7034765:7034910-7035075:+,SE,chr2L,+,7034273-7034765:7034910-7035075,No,-0.02,0.01724340724,0.1561164857,6d_male_vs_female,6d,SE,No,Higher inclusion in female,2561,FBgn0031883,Caper,chr2L,+,7034764,7034910,7034198,7034273,7035074,7035561,2561,"326,90,195","8,0,4","244,66,460","3,0,2",265,119,0.01724340724,0.1561164857,"0.948,1.0,0.956","0.973,1.0,0.99",-0.02
AGE0000613,AGE_SEX,6d,Ray Lab Data - 6d_significant.csv,2a03afd30c5fe86748a7a798b1919c9c79f3b37d69243d9babf1cecb8b44ced2,151,FBgn0259222;SE:chr3R:20750757-20752346:20752375-20753509:+,FBgn0259222;SE:3R:20750757-20752346:20752375-20753509:+,SE,chr3R,+,20750757-20752346:20752375-20753509,No,-0.064,0.01745837045,0.1570089449,6d_male_vs_female,6d,SE,No,Higher inclusion in female,2750,FBgn0259222,CG42322,chr3R,+,20752345,20752375,20750687,20750757,20753508,20753641,2750,"222,44,112","17,2,22","147,27,280","0,1,25",149,119,0.01745837045,0.1570089449,"0.913,0.946,0.803","1.0,0.956,0.899",-0.064
AGE0000614,AGE_SEX,6d,Ray Lab Data - 6d_significant.csv,2a03afd30c5fe86748a7a798b1919c9c79f3b37d69243d9babf1cecb8b44ced2,152,FBgn0085638;SE:chr2R:2770710-2830866:2831043-2846508:-,FBgn0085638;SE:2R:2770710-2830866:2831043-2846508:-,SE,chr2R,-,2770710-2830866:2831043-2846508,No,0.169,0.01793044474,0.1586189962,6d_male_vs_female,6d,SE,No,Higher inclusion in male,1646,FBgn0085638,CG41378,chr2R,-,2830865,2831043,2770379,2770710,2846507,2846661,1646,"46,8,1","0,0,0","25,11,21","0,1,4",297,119,0.01793044474,0.1586189962,"1.0,1.0,1.0","1.0,0.815,0.678",0.169
AGE0000615,AGE_SEX,6d,Ray Lab Data - 6d_significant.csv,2a03afd30c5fe86748a7a798b1919c9c79f3b37d69243d9babf1cecb8b44ced2,153,FBgn0004907;SE:chr2R:10105825-10106289:10106452-10107467:+,FBgn0004907;SE:2R:10105825-10106289:10106452-10107467:+,SE,chr2R,+,10105825-10106289:10106452-10107467,No,0.042,0.01783880462,0.1586189962,6d_male_vs_female,6d,SE,No,Higher inclusion in male,1500,FBgn0004907,14-3-3zeta,chr2R,+,10106288,10106452,10105701,10105825,10107466,10107695,1500,"150,28,203","0,3,0","63,29,529","13,0,0",283,119,0.01783880462,0.1586189962,"1.0,0.797,1.0","0.671,1.0,1.0",0.042
AGE0000616,AGE_SEX,6d,Ray Lab Data - 6d_significant.csv,2a03afd30c5fe86748a7a798b1919c9c79f3b37d69243d9babf1cecb8b44ced2,154,FBgn0285925;SE:chr3R:16626216-16629560:16629598-16631609:+,FBgn0285925;SE:3R:16626216-16629560:16629598-16631609:+,SE,chr3R,+,16626216-16629560:16629598-16631609,No,0.036,0.0179901456,0.1586189962,6d_male_vs_female,6d,SE,No,Higher inclusion in male,290,FBgn0285925,Fas1,chr3R,+,16629559,16629598,16625968,16626216,16631608,16631741,290,"0,1,0","1,0,4","14,0,2","3,2,12",158,119,0.0179901456,0.1586189962,"0.0,1.0,0.0","0.779,0.0,0.112",0.036
AGE0000617,AGE_SEX,6d,Ray Lab Data - 6d_significant.csv,2a03afd30c5fe86748a7a798b1919c9c79f3b37d69243d9babf1cecb8b44ced2,155,FBgn0264607;SE:chr4:1038434-1043468:1043524-1045156:-,FBgn0264607;SE:4:1038434-1043468:1043524-1045156:-,SE,chr4,-,1038434-1043468:1043524-1045156,No,-0.034,0.01931322492,0.1691788339,6d_male_vs_female,6d,SE,No,Higher inclusion in female,2799,FBgn0264607,CaMKII,chr4,-,1043467,1043524,1038358,1038434,1045155,1045248,2799,"103,25,70","1,0,7","84,45,252","2,0,1",176,119,0.01931322492,0.1691788339,"0.986,1.0,0.871","0.966,1.0,0.994",-0.034
AGE0000618,AGE_SEX,6d,Ray Lab Data - 6d_significant.csv,2a03afd30c5fe86748a7a798b1919c9c79f3b37d69243d9babf1cecb8b44ced2,156,FBgn0039890;SE:chr4:190061-191309:191386-193673:-,FBgn0039890;SE:4:190061-191309:191386-193673:-,SE,chr4,-,190061-191309:191386-193673,No,0.142,0.01964206826,0.1709493554,6d_male_vs_female,6d,SE,No,Higher inclusion in male,2513,FBgn0039890,Abcd1,chr4,-,191308,191386,189997,190061,193672,193829,2513,"62,45,77","5,2,33","36,16,178","9,4,85",197,119,0.01964206826,0.1709493554,"0.882,0.931,0.585","0.707,0.707,0.558",0.142
AGE0000619,AGE_SEX,6d,Ray Lab Data - 6d_significant.csv,2a03afd30c5fe86748a7a798b1919c9c79f3b37d69243d9babf1cecb8b44ced2,157,FBgn0039560;SE:chr3R:27942133-27942435:27942483-27942585:+,FBgn0039560;SE:3R:27942133-27942435:27942483-27942585:+,SE,chr3R,+,27942133-27942435:27942483-27942585,No,0.223,0.02072755166,0.1780985172,6d_male_vs_female,6d,SE,No,Higher inclusion in male,721,FBgn0039560,BOD1,chr3R,+,27942434,27942483,27939706,27942133,27942584,27942778,721,"47,1,11","3,0,1","22,3,30","3,2,6",168,119,0.02072755166,0.1780985172,"0.917,1.0,0.886","0.839,0.515,0.78",0.223
AGE0000620,AGE_SEX,6d,Ray Lab Data - 6d_significant.csv,2a03afd30c5fe86748a7a798b1919c9c79f3b37d69243d9babf1cecb8b44ced2,158,FBgn0035253;SE:chr3L:1661592-1661707:1662381-1663920:-,FBgn0035253;SE:3L:1661592-1661707:1662381-1663920:-,SE,chr3L,-,1661592-1661707:1662381-1663920,No,-0.082,0.02064320235,0.1780985172,6d_male_vs_female,6d,SE,No,Higher inclusion in female,3075,FBgn0035253,Srrm234,chr3L,-,1661706,1662381,1661226,1661592,1663919,1664021,3075,"38,7,19","51,17,96","50,15,69","26,11,251",794,119,0.02064320235,0.1780985172,"0.1,0.058,0.029","0.224,0.17,0.04",-0.082
AGE0000621,AGE_SEX,6d,Ray Lab Data - 6d_significant.csv,2a03afd30c5fe86748a7a798b1919c9c79f3b37d69243d9babf1cecb8b44ced2,159,FBgn0053517;SE:chrX:20028938-20044907:20045022-20062055:-,FBgn0053517;SE:X:20028938-20044907:20045022-20062055:-,SE,chrX,-,20028938-20044907:20045022-20062055,No,-0.095,0.02106980543,0.1787620599,6d_male_vs_female,6d,SE,No,Higher inclusion in female,2877,FBgn0053517,Dop2R,chrX,-,20044906,20045022,20027750,20028938,20062054,20062706,2877,"87,7,33","27,0,0","79,9,112","0,0,6",235,119,0.02106980543,0.1787620599,"0.62,1.0,1.0","1.0,1.0,0.904",-0.095
AGE0000622,AGE_SEX,6d,Ray Lab Data - 6d_significant.csv,2a03afd30c5fe86748a7a798b1919c9c79f3b37d69243d9babf1cecb8b44ced2,160,FBgn0285917;SE:chr2R:18289850-18306031:18306135-18355500:-,FBgn0285917;SE:2R:18289850-18306031:18306135-18355500:-,SE,chr2R,-,18289850-18306031:18306135-18355500,No,-0.032,0.02096859996,0.1787620599,6d_male_vs_female,6d,SE,No,Higher inclusion in female,1148,FBgn0285917,sbb,chr2R,-,18306030,18306135,18289534,18289850,18355499,18357296,1148,"103,20,66","9,0,0","228,15,247","0,0,6",224,119,0.02096859996,0.1787620599,"0.859,1.0,1.0","1.0,1.0,0.956",-0.032
AGE0000623,AGE_SEX,6d,Ray Lab Data - 6d_significant.csv,2a03afd30c5fe86748a7a798b1919c9c79f3b37d69243d9babf1cecb8b44ced2,161,FBgn0022764;SE:chr2R:12576993-12577454:12578285-12579129:-,FBgn0022764;SE:2R:12576993-12577454:12578285-12579129:-,SE,chr2R,-,12576993-12577454:12578285-12579129,No,-0.042,0.02121731315,0.1788884715,6d_male_vs_female,6d,SE,No,Higher inclusion in female,1140,FBgn0022764,Sin3A,chr2R,-,12577453,12578285,12576567,12576993,12579128,12579356,1140,"276,80,31","3,3,0","250,70,343","0,2,0",951,119,0.02121731315,0.1788884715,"0.92,0.769,1.0","1.0,0.814,1.0",-0.042
AGE0000624,AGE_SEX,6d,Ray Lab Data - 6d_significant.csv,2a03afd30c5fe86748a7a798b1919c9c79f3b37d69243d9babf1cecb8b44ced2,162,FBgn0264894;SE:chr2L:13276512-13277044:13282336-13283361:+,FBgn0264894;SE:2L:13276512-13277044:13282336-13283361:+,SE,chr2L,+,13276512-13277044:13282336-13283361,No,0.232,0.02169141692,0.1817498225,6d_male_vs_female,6d,SE,No,Higher inclusion in male,1493,FBgn0264894,CG44085,chr2L,+,13277043,13282336,13276377,13276512,13283360,13284043,1493,"81,7,1","0,0,0","79,2,5","4,0,0",5412,119,0.02169141692,0.1817498225,"1.0,1.0,1.0","0.303,1.0,1.0",0.232
AGE0000625,AGE_SEX,6d,Ray Lab Data - 6d_significant.csv,2a03afd30c5fe86748a7a798b1919c9c79f3b37d69243d9babf1cecb8b44ced2,163,FBgn0037120;SE:chr3L:21726937-21728287:21728392-21728451:-,FBgn0037120;SE:3L:21726937-21728287:21728392-21728451:-,SE,chr3L,-,21726937-21728287:21728392-21728451,No,-0.028,0.02236718212,0.1851550611,6d_male_vs_female,6d,SE,No,Higher inclusion in female,1674,FBgn0037120,Saft,chr3L,-,21728286,21728392,21726162,21726937,21728450,21728806,1674,"211,41,183","3,1,6","141,49,436","3,0,1",225,119,0.02236718212,0.1851550611,"0.974,0.956,0.942","0.961,1.0,0.996",-0.028
AGE0000626,AGE_SEX,6d,Ray Lab Data - 6d_significant.csv,2a03afd30c5fe86748a7a798b1919c9c79f3b37d69243d9babf1cecb8b44ced2,164,FBgn0085447;SE:chr3L:5658290-5658343:5658547-5659429:+,FBgn0085447;SE:3L:5658290-5658343:5658547-5659429:+,SE,chr3L,+,5658290-5658343:5658547-5659429,No,0.018,0.02237233133,0.1851550611,6d_male_vs_female,6d,SE,No,Higher inclusion in male,2622,FBgn0085447,sif,chr3L,+,5658342,5658547,5657912,5658290,5659428,5659681,2622,"18,1,2","76,55,213","0,4,4","41,42,569",324,119,0.02237233133,0.1851550611,"0.08,0.007,0.003","0.0,0.034,0.003",0.018
AGE0000627,AGE_SEX,6d,Ray Lab Data - 6d_significant.csv,2a03afd30c5fe86748a7a798b1919c9c79f3b37d69243d9babf1cecb8b44ced2,165,FBgn0250823;SE:chr3R:16297345-16298470:16298550-16301245:+,FBgn0250823;SE:3R:16297345-16298470:16298550-16301245:+,SE,chr3R,+,16297345-16298470:16298550-16301245,No,0.257,0.02293836127,0.1886820083,6d_male_vs_female,6d,SE,No,Higher inclusion in male,1668,FBgn0250823,gish,chr3R,+,16298469,16298550,16297174,16297345,16301244,16301351,1668,"14,1,2","0,0,0","3,2,16","6,0,0",200,119,0.02293836127,0.1886820083,"1.0,1.0,1.0","0.229,1.0,1.0",0.257
AGE0000628,AGE_SEX,6d,Ray Lab Data - 6d_significant.csv,2a03afd30c5fe86748a7a798b1919c9c79f3b37d69243d9babf1cecb8b44ced2,166,FBgn0267795;SE:chr3L:14068927-14069086:14069396-14069892:+,FBgn0267795;SE:3L:14068927-14069086:14069396-14069892:+,SE,chr3L,+,14068927-14069086:14069396-14069892,No,0.213,0.02407682182,0.1968462584,6d_male_vs_female,6d,SE,No,Higher inclusion in male,320,FBgn0267795,Frl,chr3L,+,14069085,14069396,14068807,14068927,14069891,14070369,320,"48,2,0","8,4,7","6,0,0","14,2,13",430,119,0.02407682182,0.1968462584,"0.624,0.122,0.0","0.106,0.0,0.0",0.213
AGE0000629,AGE_SEX,6d,Ray Lab Data - 6d_significant.csv,2a03afd30c5fe86748a7a798b1919c9c79f3b37d69243d9babf1cecb8b44ced2,167,FBgn0022764;SE:chr2R:12576993-12577454:12578551-12579129:-,FBgn0022764;SE:2R:12576993-12577454:12578551-12579129:-,SE,chr2R,-,12576993-12577454:12578551-12579129,No,-0.036,0.02472909419,0.2009611329,6d_male_vs_female,6d,SE,No,Higher inclusion in female,1141,FBgn0022764,Sin3A,chr2R,-,12577453,12578551,12576567,12576993,12579128,12579356,1141,"337,99,65","3,3,0","285,76,376","0,2,0",1217,119,0.02472909419,0.2009611329,"0.917,0.763,1.0","1.0,0.788,1.0",-0.036
AGE0000630,AGE_SEX,6d,Ray Lab Data - 6d_significant.csv,2a03afd30c5fe86748a7a798b1919c9c79f3b37d69243d9babf1cecb8b44ced2,168,FBgn0032233;SE:chr2L:10376553-10376766:10376884-10377248:+,FBgn0032233;SE:2L:10376553-10376766:10376884-10377248:+,SE,chr2L,+,10376553-10376766:10376884-10377248,No,0.05,0.02518603884,0.2034489006,6d_male_vs_female,6d,SE,No,Higher inclusion in male,1730,FBgn0032233,dpr19,chr2L,+,10376765,10376884,10376477,10376553,10377247,10377388,1730,"127,29,61","1,0,0","102,24,70","0,0,7",238,119,0.02518603884,0.2034489006,"0.984,1.0,1.0","1.0,1.0,0.833",0.05
AGE0000631,AGE_SEX,6d,Ray Lab Data - 6d_significant.csv,2a03afd30c5fe86748a7a798b1919c9c79f3b37d69243d9babf1cecb8b44ced2,169,FBgn0086675;SE:chrX:12919709-12939015:12939249-12941720:+,FBgn0086675;SE:X:12919709-12939015:12939249-12941720:+,SE,chrX,+,12919709-12939015:12939249-12941720,No,-0.041,0.02564378332,0.2059134744,6d_male_vs_female,6d,SE,No,Higher inclusion in female,1985,FBgn0086675,fne,chrX,+,12939014,12939249,12918576,12919709,12941719,12942856,1985,"1978,271,886","121,13,73","1884,225,2036","34,7,191",354,119,0.02564378332,0.2059134744,"0.846,0.875,0.803","0.949,0.915,0.782",-0.041
AGE0000632,AGE_SEX,6d,Ray Lab Data - 6d_significant.csv,2a03afd30c5fe86748a7a798b1919c9c79f3b37d69243d9babf1cecb8b44ced2,170,FBgn0031145;SE:chrX:21036637-21037610:21037994-21038746:+,FBgn0031145;SE:X:21036637-21037610:21037994-21038746:+,SE,chrX,+,21036637-21037610:21037994-21038746,No,0.068,0.02618331582,0.209001734,6d_male_vs_female,6d,SE,No,Higher inclusion in male,1300,FBgn0031145,Ntf-2,chrX,+,21037609,21037994,21036538,21036637,21038745,21039543,1300,"491,148,573","264,53,181","571,125,1374","336,60,722",504,119,0.02618331582,0.209001734,"0.305,0.397,0.428","0.286,0.33,0.31",0.068
AGE0000633,AGE_SEX,6d,Ray Lab Data - 6d_significant.csv,2a03afd30c5fe86748a7a798b1919c9c79f3b37d69243d9babf1cecb8b44ced2,171,FBgn0031883;SE:chr2L:7033018-7034199:7034273-7034484:+,FBgn0031883;SE:2L:7033018-7034199:7034273-7034484:+,SE,chr2L,+,7033018-7034199:7034273-7034484,No,0.072,0.02699217802,0.2141908714,6d_male_vs_female,6d,SE,No,Higher inclusion in male,2554,FBgn0031883,Caper,chr2L,+,7034198,7034273,7032720,7033018,7034483,7034693,2554,"85,20,189","0,0,0","74,8,289","0,1,9",194,119,0.02699217802,0.2141908714,"1.0,1.0,1.0","1.0,0.831,0.952",0.072
AGE0000634,AGE_SEX,6d,Ray Lab Data - 6d_significant.csv,2a03afd30c5fe86748a7a798b1919c9c79f3b37d69243d9babf1cecb8b44ced2,172,FBgn0027492;SE:chr3R:27568591-27580157:27580325-27581589:-,FBgn0027492;SE:3R:27568591-27580157:27580325-27581589:-,SE,chr3R,-,27568591-27580157:27580325-27581589,No,0.041,0.02769485194,0.2172113678,6d_male_vs_female,6d,SE,No,Higher inclusion in male,1972,FBgn0027492,wdb,chr3R,-,27580156,27580325,27568278,27568591,27581588,27582241,1972,"140,60,335","1,0,7","142,52,648","9,0,16",288,119,0.02769485194,0.2172113678,"0.983,1.0,0.952","0.867,1.0,0.944",0.041
AGE0000635,AGE_SEX,6d,Ray Lab Data - 6d_significant.csv,2a03afd30c5fe86748a7a798b1919c9c79f3b37d69243d9babf1cecb8b44ced2,173,FBgn0263396;SE:chr3R:13636525-13636971:13637078-13642299:-,FBgn0263396;SE:3R:13636525-13636971:13637078-13642299:-,SE,chr3R,-,13636525-13636971:13637078-13642299,No,0.012,0.02756015947,0.2172113678,6d_male_vs_female,6d,SE,No,Higher inclusion in male,548,FBgn0263396,sqd,chr3R,-,13636970,13637078,13636365,13636525,13642298,13642427,548,"324,99,362","11,3,11","316,63,697","9,1,52",227,119,0.02756015947,0.2172113678,"0.939,0.945,0.945","0.948,0.971,0.875",0.012
AGE0000636,AGE_SEX,6d,Ray Lab Data - 6d_significant.csv,2a03afd30c5fe86748a7a798b1919c9c79f3b37d69243d9babf1cecb8b44ced2,174,FBgn0024807;SE:chrX:21628709-21628844:21629792-21629974:-,FBgn0024807;SE:X:21628709-21628844:21629792-21629974:-,SE,chrX,-,21628709-21628844:21629792-21629974,No,-0.147,0.02787724818,0.2173780797,6d_male_vs_female,6d,SE,No,Higher inclusion in female,2627,FBgn0024807,DIP1,chrX,-,21628843,21629792,21628360,21628709,21629973,21630148,2627,"125,5,85","0,1,0","60,11,213","0,0,6",1068,119,0.02787724818,0.2173780797,"1.0,0.358,1.0","1.0,1.0,0.798",-0.147
AGE0000637,AGE_SEX,6d,Ray Lab Data - 6d_significant.csv,2a03afd30c5fe86748a7a798b1919c9c79f3b37d69243d9babf1cecb8b44ced2,175,FBgn0259984;SE:chr2L:13636213-13636384:13636843-13637288:+,FBgn0259984;SE:2L:13636213-13636384:13636843-13637288:+,SE,chr2L,+,13636213-13636384:13636843-13637288,No,-0.271,0.02842585377,0.2189058878,6d_male_vs_female,6d,SE,No,Higher inclusion in female,749,FBgn0259984,kuz,chr2L,+,13636383,13636843,13635648,13636213,13637287,13638238,749,"1,7,3","1,1,12","70,0,16","0,2,2",579,119,0.02842585377,0.2189058878,"0.17,0.59,0.049","1.0,0.0,0.622",-0.271
AGE0000638,AGE_SEX,6d,Ray Lab Data - 6d_significant.csv,2a03afd30c5fe86748a7a798b1919c9c79f3b37d69243d9babf1cecb8b44ced2,176,FBgn0259145;SE:chr2R:22759405-22759764:22760588-22777023:-,FBgn0259145;SE:2R:22759405-22759764:22760588-22777023:-,SE,chr2R,-,22759405-22759764:22760588-22777023,No,-0.072,0.02888454265,0.2189058878,6d_male_vs_female,6d,SE,No,Higher inclusion in female,2406,FBgn0259145,CG42260,chr2R,-,22759763,22760588,22759050,22759405,22777022,22777314,2406,"31,9,11","0,0,2","79,5,63","6,0,0",944,119,0.02888454265,0.2189058878,"1.0,1.0,0.409","0.624,1.0,1.0",-0.072
AGE0000639,AGE_SEX,6d,Ray Lab Data - 6d_significant.csv,2a03afd30c5fe86748a7a798b1919c9c79f3b37d69243d9babf1cecb8b44ced2,177,FBgn0052423;SE:chr3L:5161601-5161768:5161808-5162456:-,FBgn0052423;SE:3L:5161601-5161768:5161808-5162456:-,SE,chr3L,-,5161601-5161768:5161808-5162456,No,0.027,0.02859988377,0.2189058878,6d_male_vs_female,6d,SE,No,Higher inclusion in male,2824,FBgn0052423,shep,chr3L,-,5161767,5161808,5160685,5161601,5162455,5162631,2824,"7,7,0","201,51,105","0,1,6","222,34,288",160,119,0.02859988377,0.2189058878,"0.025,0.093,0.0","0.0,0.021,0.015",0.027
AGE0000640,AGE_SEX,6d,Ray Lab Data - 6d_significant.csv,2a03afd30c5fe86748a7a798b1919c9c79f3b37d69243d9babf1cecb8b44ced2,178,FBgn0085432;SE:chr4:94615-94837:95002-99406:+,FBgn0085432;SE:4:94615-94837:95002-99406:+,SE,chr4,+,94615-94837:95002-99406,No,-0.02,0.02827562305,0.2189058878,6d_male_vs_female,6d,SE,No,Higher inclusion in female,1696,FBgn0085432,pan,chr4,+,94836,95002,94422,94615,99405,99475,1696,"430,60,383","0,0,12","279,46,1061","0,0,5",285,119,0.02827562305,0.2189058878,"1.0,1.0,0.93","1.0,1.0,0.989",-0.02
AGE0000641,AGE_SEX,6d,Ray Lab Data - 6d_significant.csv,2a03afd30c5fe86748a7a798b1919c9c79f3b37d69243d9babf1cecb8b44ced2,179,FBgn0020309;SE:chr2L:11803898-11806048:11806157-11809126:-,FBgn0020309;SE:2L:11803898-11806048:11806157-11809126:-,SE,chr2L,-,11803898-11806048:11806157-11809126,No,0.009,0.02876028017,0.2189058878,6d_male_vs_female,6d,SE,No,Higher inclusion in male,1433,FBgn0020309,crol,chr2L,-,11806047,11806157,11803784,11803898,11809125,11809438,1433,"3110,631,3363","37,10,24","2569,483,8549","51,9,99",229,119,0.02876028017,0.2189058878,"0.978,0.97,0.986","0.963,0.965,0.978",0.009
AGE0000642,AGE_SEX,6d,Ray Lab Data - 6d_significant.csv,2a03afd30c5fe86748a7a798b1919c9c79f3b37d69243d9babf1cecb8b44ced2,180,FBgn0027356;SE:chr2R:12608178-12609169:12609876-12610579:+,FBgn0027356;SE:2R:12608178-12609169:12609876-12610579:+,SE,chr2R,+,12608178-12609169:12609876-12610579,No,-0.252,0.02927301104,0.2206105693,6d_male_vs_female,6d,SE,No,Higher inclusion in female,887,FBgn0027356,Amph,chr2R,+,12609168,12609876,12608055,12608178,12610578,12610721,887,"13,11,9","0,0,4","3,4,17","0,0,0",827,119,0.02927301104,0.2206105693,"1.0,1.0,0.245","1.0,1.0,1.0",-0.252
AGE0000643,AGE_SEX,6d,Ray Lab Data - 6d_significant.csv,2a03afd30c5fe86748a7a798b1919c9c79f3b37d69243d9babf1cecb8b44ced2,181,FBgn0266347;SE:chr3L:23239017-23247007:23247187-23262708:+,FBgn0266347;SE:3L:23239017-23247007:23247187-23262708:+,SE,chr3L,+,23239017-23247007:23247187-23262708,No,0.368,0.02954901329,0.2214534385,6d_male_vs_female,6d,SE,No,Higher inclusion in male,392,FBgn0266347,nAChRalpha4,chr3L,+,23247006,23247187,23238836,23239017,23262707,23262823,392,"12,6,6","3,1,3","30,0,11","14,2,18",300,119,0.02954901329,0.2214534385,"0.613,0.704,0.442","0.459,0.0,0.195",0.368
AGE0000644,AGE_SEX,6d,Ray Lab Data - 6d_significant.csv,2a03afd30c5fe86748a7a798b1919c9c79f3b37d69243d9babf1cecb8b44ced2,182,FBgn0026179;SE:chr3L:21048793-21063991:21064701-21068714:+,FBgn0026179;SE:3L:21048793-21063991:21064701-21068714:+,SE,chr3L,+,21048793-21063991:21064701-21068714,No,-0.089,0.03004359764,0.2239160951,6d_male_vs_female,6d,SE,No,Higher inclusion in female,1586,FBgn0026179,Iqsec,chr3L,+,21063990,21064701,21048225,21048793,21068713,21069265,1586,"75,30,55","5,0,0","135,28,175","1,0,0",830,119,0.03004359764,0.2239160951,"0.683,1.0,1.0","0.951,1.0,1.0",-0.089
AGE0000645,AGE_SEX,6d,Ray Lab Data - 6d_significant.csv,2a03afd30c5fe86748a7a798b1919c9c79f3b37d69243d9babf1cecb8b44ced2,183,FBgn0250823;SE:chr3R:16298550-16299591:16299689-16301245:+,FBgn0250823;SE:3R:16298550-16299591:16299689-16301245:+,SE,chr3R,+,16298550-16299591:16299689-16301245,No,0.048,0.03030776209,0.224643797,6d_male_vs_female,6d,SE,No,Higher inclusion in male,1670,FBgn0250823,gish,chr3R,+,16299590,16299689,16298469,16298550,16301244,16301351,1670,"99,10,28","0,0,0","97,12,76","0,0,7",218,119,0.03030776209,0.224643797,"1.0,1.0,1.0","1.0,1.0,0.856",0.048
AGE0000646,AGE_SEX,6d,Ray Lab Data - 6d_significant.csv,2a03afd30c5fe86748a7a798b1919c9c79f3b37d69243d9babf1cecb8b44ced2,184,FBgn0051140;SE:chr3R:23972527-23972609:23972711-23973035:+,FBgn0051140;SE:3R:23972527-23972609:23972711-23973035:+,SE,chr3R,+,23972527-23972609:23972711-23973035,No,-0.333,0.03128019788,0.2295095824,6d_male_vs_female,6d,SE,No,Higher inclusion in female,1355,FBgn0051140,CG31140,chr3R,+,23972608,23972711,23972447,23972527,23973034,23973141,1355,"20,0,6","0,4,0","3,3,12","0,0,0",222,119,0.03128019788,0.2295095824,"1.0,0.0,1.0","1.0,1.0,1.0",-0.333
AGE0000647,AGE_SEX,6d,Ray Lab Data - 6d_significant.csv,2a03afd30c5fe86748a7a798b1919c9c79f3b37d69243d9babf1cecb8b44ced2,185,FBgn0284257;SE:chr2R:18432775-18436597:18436728-18437575:-,FBgn0284257;SE:2R:18432775-18436597:18436728-18437575:-,SE,chr2R,-,18432775-18436597:18436728-18437575,No,0.102,0.03147462769,0.2295095824,6d_male_vs_female,6d,SE,No,Higher inclusion in male,310,FBgn0284257,Ttd14,chr2R,-,18436596,18436728,18432646,18432775,18437574,18437612,310,"0,2,4","11,5,11","0,0,0","20,1,17",251,119,0.03147462769,0.2295095824,"0.0,0.159,0.147","0.0,0.0,0.0",0.102
AGE0000648,AGE_SEX,6d,Ray Lab Data - 6d_significant.csv,2a03afd30c5fe86748a7a798b1919c9c79f3b37d69243d9babf1cecb8b44ced2,186,FBgn0260995;SE:chr2R:3122084-3182392:3182519-3190636:+,FBgn0260995;SE:2R:3122084-3182392:3182519-3190636:+,SE,chr2R,+,3122084-3182392:3182519-3190636,No,-0.048,0.03132234628,0.2295095824,6d_male_vs_female,6d,SE,No,Higher inclusion in female,3130,FBgn0260995,dpr21,chr2R,+,3182391,3182519,3121990,3122084,3190635,3190804,3130,"111,38,215","5,1,9","99,35,910","2,0,15",247,119,0.03132234628,0.2295095824,"0.914,0.948,0.92","0.96,1.0,0.967",-0.048
AGE0000649,AGE_SEX,6d,Ray Lab Data - 6d_significant.csv,2a03afd30c5fe86748a7a798b1919c9c79f3b37d69243d9babf1cecb8b44ced2,187,FBgn0267002;SE:chr2R:16763340-16764138:16764374-16772254:-,FBgn0267002;SE:2R:16763340-16764138:16764374-16772254:-,SE,chr2R,-,16763340-16764138:16764374-16772254,No,0.045,0.03213746212,0.2330829914,6d_male_vs_female,6d,SE,No,Higher inclusion in male,1381,FBgn0267002,unc-104,chr2R,-,16764137,16764374,16763197,16763340,16772253,16772500,1381,"108,15,40","0,0,0","45,11,115","0,0,6",356,119,0.03213746212,0.2330829914,"1.0,1.0,1.0","1.0,1.0,0.865",0.045
AGE0000650,AGE_SEX,6d,Ray Lab Data - 6d_significant.csv,2a03afd30c5fe86748a7a798b1919c9c79f3b37d69243d9babf1cecb8b44ced2,188,FBgn0035715;SE:chr3L:6754493-6754745:6754807-6755420:-,FBgn0035715;SE:3L:6754493-6754745:6754807-6755420:-,SE,chr3L,-,6754493-6754745:6754807-6755420,No,-0.639,0.0327203098,0.2347856272,6d_male_vs_female,6d,SE,No,Higher inclusion in female,316,FBgn0035715,Ist1,chr3L,-,6754744,6754807,6754016,6754493,6755419,6756158,316,"6,0,1","12,1,4","2,1,6","0,0,9",182,119,0.0327203098,0.2347856272,"0.246,0.0,0.14","1.0,1.0,0.304",-0.639
AGE0000651,AGE_SEX,6d,Ray Lab Data - 6d_significant.csv,2a03afd30c5fe86748a7a798b1919c9c79f3b37d69243d9babf1cecb8b44ced2,189,FBgn0086675;SE:chrX:12919709-12939015:12939242-12941720:+,FBgn0086675;SE:X:12919709-12939015:12939242-12941720:+,SE,chrX,+,12919709-12939015:12939242-12941720,No,-0.029,0.03266935461,0.2347856272,6d_male_vs_female,6d,SE,No,Higher inclusion in female,1984,FBgn0086675,fne,chrX,+,12939014,12939242,12918576,12919709,12941719,12942847,1984,"2805,376,1550","121,13,73","2508,297,3548","34,7,191",347,119,0.03266935461,0.2347856272,"0.888,0.908,0.879","0.962,0.936,0.864",-0.029
AGE0000652,AGE_SEX,6d,Ray Lab Data - 6d_significant.csv,2a03afd30c5fe86748a7a798b1919c9c79f3b37d69243d9babf1cecb8b44ced2,190,FBgn0085414;SE:chr2R:5805454-5832347:5832377-5846593:+,FBgn0085414;SE:2R:5805454-5832347:5832377-5846593:+,SE,chr2R,+,5805454-5832347:5832377-5846593,No,0.011,0.03296088609,0.2352605044,6d_male_vs_female,6d,SE,No,Higher inclusion in male,2975,FBgn0085414,dpr12,chr2R,+,5832346,5832377,5804711,5805454,5846592,5847470,2975,"279,139,238","7,3,7","237,89,351","0,1,35",150,119,0.03296088609,0.2352605044,"0.969,0.974,0.964","1.0,0.986,0.888",0.011
AGE0000653,AGE_SEX,6d,Ray Lab Data - 6d_significant.csv,2a03afd30c5fe86748a7a798b1919c9c79f3b37d69243d9babf1cecb8b44ced2,191,FBgn0041092;SE:chr2L:9167438-9177122:9177630-9191615:+,FBgn0041092;SE:2L:9167438-9177122:9177630-9191615:+,SE,chr2L,+,9167438-9177122:9177630-9191615,No,-0.018,0.03403041386,0.2416159384,6d_male_vs_female,6d,SE,No,Higher inclusion in female,1524,FBgn0041092,tai,chr2L,+,9177121,9177630,9166777,9167438,9191614,9191813,1524,"3883,436,3712","12,3,33","3232,378,9683","15,0,33",628,119,0.03403041386,0.2416159384,"0.984,0.965,0.955","0.976,1.0,0.982",-0.018
AGE0000654,AGE_SEX,6d,Ray Lab Data - 6d_significant.csv,2a03afd30c5fe86748a7a798b1919c9c79f3b37d69243d9babf1cecb8b44ced2,192,FBgn0003256;SE:chr2R:1076761-1076816:1076877-1080331:+,FBgn0003256;SE:2R:1076761-1076816:1076877-1080331:+,SE,chr2R,+,1076761-1076816:1076877-1080331,No,-0.05,0.03446129394,0.2421264871,6d_male_vs_female,6d,SE,No,Higher inclusion in female,2927,FBgn0003256,rl,chr2R,+,1076815,1076877,1076634,1076761,1080330,1080441,2927,"0,0,1","14,2,15","0,1,7","5,4,86",181,119,0.03446129394,0.2421264871,"0.0,0.0,0.042","0.0,0.141,0.051",-0.05
AGE0000655,AGE_SEX,6d,Ray Lab Data - 6d_significant.csv,2a03afd30c5fe86748a7a798b1919c9c79f3b37d69243d9babf1cecb8b44ced2,193,FBgn0041092;SE:chr2L:9167438-9177125:9177630-9191615:+,FBgn0041092;SE:2L:9167438-9177125:9177630-9191615:+,SE,chr2L,+,9167438-9177125:9177630-9191615,No,-0.018,0.03442997684,0.2421264871,6d_male_vs_female,6d,SE,No,Higher inclusion in female,1525,FBgn0041092,tai,chr2L,+,9177124,9177630,9166777,9167438,9191614,9191813,1525,"3870,435,3717","12,3,33","3218,377,9673","15,0,33",625,119,0.03442997684,0.2421264871,"0.984,0.965,0.955","0.976,1.0,0.982",-0.018
AGE0000656,AGE_SEX,6d,Ray Lab Data - 6d_significant.csv,2a03afd30c5fe86748a7a798b1919c9c79f3b37d69243d9babf1cecb8b44ced2,194,FBgn0015286;SE:chrX:3710248-3716472:3716667-3719363:-,FBgn0015286;SE:X:3710248-3716472:3716667-3719363:-,SE,chrX,-,3710248-3716472:3716667-3719363,No,0.031,0.03505571322,0.2450267209,6d_male_vs_female,6d,SE,No,Higher inclusion in male,865,FBgn0015286,Rala,chrX,-,3716471,3716667,3710068,3710248,3719362,3719635,865,"55,8,22","0,3,1","57,1,35","7,0,11",315,119,0.03505571322,0.2450267209,"1.0,0.502,0.893","0.755,1.0,0.546",0.031
AGE0000657,AGE_SEX,6d,Ray Lab Data - 6d_significant.csv,2a03afd30c5fe86748a7a798b1919c9c79f3b37d69243d9babf1cecb8b44ced2,195,FBgn0085432;SE:chr4:94615-97822:97975-99406:+,FBgn0085432;SE:4:94615-97822:97975-99406:+,SE,chr4,+,94615-97822:97975-99406,No,-0.033,0.03626613301,0.2521804816,6d_male_vs_female,6d,SE,No,Higher inclusion in female,1697,FBgn0085432,pan,chr4,+,97821,97975,94422,94615,99405,99475,1697,"461,176,197","0,0,12","395,96,470","0,0,5",273,119,0.03626613301,0.2521804816,"1.0,1.0,0.877","1.0,1.0,0.976",-0.033
AGE0000658,AGE_SEX,6d,Ray Lab Data - 6d_significant.csv,2a03afd30c5fe86748a7a798b1919c9c79f3b37d69243d9babf1cecb8b44ced2,196,FBgn0287183;SE:chr3L:25798742-26010107:26010354-26013543:-,FBgn0287183;SE:3L:25798742-26010107:26010354-26013543:-,SE,chr3L,-,25798742-26010107:26010354-26013543,No,0.053,0.03787164726,0.2619941136,6d_male_vs_female,6d,SE,No,Higher inclusion in male,270,FBgn0287183,l(3)80Fg,chr3L,-,26010106,26010354,25798440,25798742,26013542,26013721,270,"27,14,20","0,0,1","16,16,37","0,0,5",367,119,0.03787164726,0.2619941136,"1.0,1.0,0.866","1.0,1.0,0.706",0.053
AGE0000659,AGE_SEX,6d,Ray Lab Data - 6d_significant.csv,2a03afd30c5fe86748a7a798b1919c9c79f3b37d69243d9babf1cecb8b44ced2,197,FBgn0002921;SE:chr3R:20958167-20959237:20959380-20960726:+,FBgn0002921;SE:3R:20958167-20959237:20959380-20960726:+,SE,chr3R,+,20958167-20959237:20959380-20960726,No,-0.05,0.03879470337,0.2656551008,6d_male_vs_female,6d,SE,No,Higher inclusion in female,2540,FBgn0002921,Atpalpha,chr3R,+,20959236,20959380,20957733,20958167,20960725,20960825,2540,"13,1,6","103,18,89","10,0,16","20,20,90",263,119,0.03879470337,0.2656551008,"0.054,0.025,0.03","0.184,0.0,0.074",-0.05
AGE0000660,AGE_SEX,6d,Ray Lab Data - 6d_significant.csv,2a03afd30c5fe86748a7a798b1919c9c79f3b37d69243d9babf1cecb8b44ced2,198,FBgn0027589;SE:chr2R:9780256-9793183:9793405-9806459:-,FBgn0027589;SE:2R:9780256-9793183:9793405-9806459:-,SE,chr2R,-,9780256-9793183:9793405-9806459,No,0.016,0.03860356832,0.2656551008,6d_male_vs_female,6d,SE,No,Higher inclusion in male,2432,FBgn0027589,CG1688,chr2R,-,9793182,9793405,9779365,9780256,9806458,9806875,2432,"2046,280,1199","0,0,0","1367,221,2838","19,0,9",342,119,0.03860356832,0.2656551008,"1.0,1.0,1.0","0.962,1.0,0.991",0.016
AGE0000661,AGE_SEX,6d,Ray Lab Data - 6d_significant.csv,2a03afd30c5fe86748a7a798b1919c9c79f3b37d69243d9babf1cecb8b44ced2,199,FBgn0001316;SE:chr3L:508799-514612:514705-539899:-,FBgn0001316;SE:3L:508799-514612:514705-539899:-,SE,chr3L,-,508799-514612:514705-539899,No,-0.05,0.04244908936,0.2892112199,6d_male_vs_female,6d,SE,No,Higher inclusion in female,986,FBgn0001316,klar,chr3L,-,514611,514705,507974,508799,539898,540614,986,"127,40,92","13,2,0","148,27,247","4,0,6",213,119,0.04244908936,0.2892112199,"0.845,0.918,1.0","0.954,1.0,0.958",-0.05
AGE0000662,AGE_SEX,6d,Ray Lab Data - 6d_significant.csv,2a03afd30c5fe86748a7a798b1919c9c79f3b37d69243d9babf1cecb8b44ced2,200,FBgn0259238;SE:chr2R:11294785-11295494:11295885-11297262:-,FBgn0259238;SE:2R:11294785-11295494:11295885-11297262:-,SE,chr2R,-,11294785-11295494:11295885-11297262,No,0.062,0.04479274393,0.3036452842,6d_male_vs_female,6d,SE,No,Higher inclusion in male,3033,FBgn0259238,CG42336,chr2R,-,11295493,11295885,11294535,11294785,11297261,11297520,3033,"446,83,518","32,11,37","295,60,1074","49,6,110",511,119,0.04479274393,0.3036452842,"0.764,0.637,0.765","0.584,0.7,0.695",0.062
AGE0000663,AGE_SEX,6d,Ray Lab Data - 6d_significant.csv,2a03afd30c5fe86748a7a798b1919c9c79f3b37d69243d9babf1cecb8b44ced2,201,FBgn0027356;SE:chr2R:12608178-12609229:12609636-12610579:+,FBgn0027356;SE:2R:12608178-12609229:12609636-12610579:+,SE,chr2R,+,12608178-12609229:12609636-12610579,No,-0.221,0.04574990415,0.3085831035,6d_male_vs_female,6d,SE,No,Higher inclusion in female,888,FBgn0027356,Amph,chr2R,+,12609228,12609636,12608055,12608178,12610578,12610721,888,"8,11,9","0,0,4","6,6,22","0,0,0",527,119,0.04574990415,0.3085831035,"1.0,1.0,0.337","1.0,1.0,1.0",-0.221
AGE0000664,AGE_SEX,6d,Ray Lab Data - 6d_significant.csv,2a03afd30c5fe86748a7a798b1919c9c79f3b37d69243d9babf1cecb8b44ced2,202,FBgn0026418;SE:chr3L:14040594-14041427:14041522-14042159:+,FBgn0026418;SE:3L:14040594-14041427:14041522-14042159:+,SE,chr3L,+,14040594-14041427:14041522-14042159,No,-0.388,0.04622273485,0.3102212404,6d_male_vs_female,6d,SE,No,Higher inclusion in female,60,FBgn0026418,Hsp110,chr3L,+,14041426,14041522,14040063,14040594,14042158,14042359,60,"3,0,0","2,1,4","1,5,7","0,3,24",215,119,0.04622273485,0.3102212404,"0.454,0.0,0.0","1.0,0.48,0.139",-0.388
AGE0000665,AGE_SEX,6d,Ray Lab Data - 6d_significant.csv,2a03afd30c5fe86748a7a798b1919c9c79f3b37d69243d9babf1cecb8b44ced2,203,FBgn0041111;SE:chr2L:2890916-2924914:2925144-2945030:+,FBgn0041111;SE:2L:2890916-2924914:2925144-2945030:+,SE,chr2L,+,2890916-2924914:2925144-2945030,No,0.017,0.04662556479,0.3113756777,6d_male_vs_female,6d,SE,No,Higher inclusion in male,2326,FBgn0041111,lilli,chr2L,+,2924913,2925144,2890170,2890916,2945029,2945792,2326,"10,1,0","70,8,33","0,1,5","168,17,115",350,119,0.04662556479,0.3113756777,"0.046,0.041,0.0","0.0,0.02,0.015",0.017
AGE0000666,AGE_SEX,6d,Ray Lab Data - 6d_significant.csv,2a03afd30c5fe86748a7a798b1919c9c79f3b37d69243d9babf1cecb8b44ced2,204,FBgn0264607;A3SS:chr4:1038437-1040013:1038434-1040013:-,FBgn0264607;A3:4:1038437-1040013:1038434-1040013:-,A3SS,chr4,-,1038437-1040013:1038434-1040013,Yes,0.877,0,0,6d_male_vs_female,6d,A3SS,Yes,Higher inclusion in male,2207,FBgn0264607,CaMKII,chr4,-,1038358,1038437,1038358,1038434,1040012,1040078,2207,"1,1,7","0,0,0","0,0,3","20,1,5",122,119,0,0,"1.0,1.0,1.0","0.0,0.0,0.369",0.877
AGE0000667,AGE_SEX,6d,Ray Lab Data - 6d_significant.csv,2a03afd30c5fe86748a7a798b1919c9c79f3b37d69243d9babf1cecb8b44ced2,205,FBgn0003654;A3SS:chrX:20234390-20234775:20234360-20234775:-,FBgn0003654;A3:X:20234390-20234775:20234360-20234775:-,A3SS,chrX,-,20234390-20234775:20234360-20234775,Yes,-0.798,0.00000103027588,0.0001267239332,6d_male_vs_female,6d,A3SS,Yes,Higher inclusion in female,2014,FBgn0003654,sw,chrX,-,20234327,20234390,20234327,20234360,20234774,20234902,2014,"0,0,1","1,1,2","11,3,16","0,0,6",149,119,0.00000103027588,0.0001267239332,"0.0,0.0,0.285","1.0,1.0,0.68",-0.798
AGE0000668,AGE_SEX,6d,Ray Lab Data - 6d_significant.csv,2a03afd30c5fe86748a7a798b1919c9c79f3b37d69243d9babf1cecb8b44ced2,206,FBgn0053547;A3SS:chr3R:17884103-17885604:17882183-17885604:-,FBgn0053547;A3:3R:17884103-17885604:17882183-17885604:-,A3SS,chr3R,-,17884103-17885604:17882183-17885604,Yes,0.295,0.000001017116804,0.0001267239332,6d_male_vs_female,6d,A3SS,Yes,Higher inclusion in male,2099,FBgn0053547,Rim,chr3R,-,17882100,17884103,17882100,17882183,17885603,17885947,2099,"404,110,46","0,1,0","288,100,219","18,0,13",2039,119,0.000001017116804,0.0001267239332,"1.0,0.865,1.0","0.483,1.0,0.496",0.295
AGE0000669,AGE_SEX,6d,Ray Lab Data - 6d_significant.csv,2a03afd30c5fe86748a7a798b1919c9c79f3b37d69243d9babf1cecb8b44ced2,207,FBgn0053547;A3SS:chr3R:17884682-17885604:17882183-17885604:-,FBgn0053547;A3:3R:17884682-17885604:17882183-17885604:-,A3SS,chr3R,-,17884682-17885604:17882183-17885604,Yes,0.326,0.000002096655228,0.0002210473655,6d_male_vs_female,6d,A3SS,Yes,Higher inclusion in male,2100,FBgn0053547,Rim,chr3R,-,17882100,17884682,17882100,17882183,17885603,17885947,2100,"411,110,46","0,1,0","288,101,219","18,0,13",2618,119,0.000002096655228,0.0002210473655,"1.0,0.833,1.0","0.421,1.0,0.434",0.326
AGE0000670,AGE_SEX,6d,Ray Lab Data - 6d_significant.csv,2a03afd30c5fe86748a7a798b1919c9c79f3b37d69243d9babf1cecb8b44ced2,208,FBgn0042693;A3SS:chr3R:18169121-18169484:18169121-18169657:+,FBgn0042693;A3:3R:18169121-18169484:18169121-18169657:+,A3SS,chr3R,+,18169121-18169484:18169121-18169657,Yes,0.334,0.000004667345003,0.0003827222902,6d_male_vs_female,6d,A3SS,Yes,Higher inclusion in male,701,FBgn0042693,wrd,chr3R,+,18169483,18170098,18169656,18170098,18168777,18169121,701,"17,11,16","0,0,0","12,4,51","17,0,6",292,119,0.000004667345003,0.0003827222902,"1.0,1.0,1.0","0.223,1.0,0.776",0.334
AGE0000671,AGE_SEX,6d,Ray Lab Data - 6d_significant.csv,2a03afd30c5fe86748a7a798b1919c9c79f3b37d69243d9babf1cecb8b44ced2,209,FBgn0266005;A3SS:chrX:1087691-1087758:1087691-1088620:+,FBgn0266005;A3:X:1087691-1087758:1087691-1088620:+,A3SS,chrX,+,1087691-1087758:1087691-1088620,Yes,0.444,0.00001603961027,0.0009864360317,6d_male_vs_female,6d,A3SS,Yes,Higher inclusion in male,1983,FBgn0266005,lncRNA:CR44779,chrX,+,1087757,1088866,1088619,1088866,1082466,1087691,1983,"10,4,23","1,0,0","8,10,14","11,0,11",981,119,0.00001603961027,0.0009864360317,"0.548,1.0,1.0","0.081,1.0,0.134",0.444
AGE0000672,AGE_SEX,6d,Ray Lab Data - 6d_significant.csv,2a03afd30c5fe86748a7a798b1919c9c79f3b37d69243d9babf1cecb8b44ced2,210,FBgn0023215;A3SS:chrX:3693932-3698118:3693932-3698340:+,FBgn0023215;A3:X:3693932-3698118:3693932-3698340:+,A3SS,chrX,+,3693932-3698118:3693932-3698340,Yes,0.617,0.00004891271129,0.002776736995,6d_male_vs_female,6d,A3SS,Yes,Higher inclusion in male,526,FBgn0023215,Mnt,chrX,+,3698117,3699027,3698339,3699027,3692952,3693932,526,"8,2,4","0,0,0","10,1,0","0,2,2",341,119,0.00004891271129,0.002776736995,"1.0,1.0,1.0","1.0,0.149,0.0",0.617
AGE0000673,AGE_SEX,6d,Ray Lab Data - 6d_significant.csv,2a03afd30c5fe86748a7a798b1919c9c79f3b37d69243d9babf1cecb8b44ced2,211,FBgn0264607;A3SS:chr4:1038458-1043468:1038434-1043468:-,FBgn0264607;A3:4:1038458-1043468:1038434-1043468:-,A3SS,chr4,-,1038458-1043468:1038434-1043468,Yes,0.138,0.00005600087088,0.002952045908,6d_male_vs_female,6d,A3SS,Yes,Higher inclusion in male,2209,FBgn0264607,CaMKII,chr4,-,1038358,1038458,1038358,1038434,1043467,1043524,2209,"22,8,20","0,0,0","19,1,67","9,0,3",143,119,0.00005600087088,0.002952045908,"1.0,1.0,1.0","0.637,1.0,0.949",0.138
AGE0000674,AGE_SEX,6d,Ray Lab Data - 6d_significant.csv,2a03afd30c5fe86748a7a798b1919c9c79f3b37d69243d9babf1cecb8b44ced2,212,FBgn0264607;A3SS:chr4:1038458-1043468:1038437-1043468:-,FBgn0264607;A3:4:1038458-1043468:1038437-1043468:-,A3SS,chr4,-,1038458-1043468:1038437-1043468,Yes,0.323,0.0002507112752,0.009738153741,6d_male_vs_female,6d,A3SS,Yes,Higher inclusion in male,2210,FBgn0264607,CaMKII,chr4,-,1038358,1038458,1038358,1038437,1043467,1043524,2210,"22,8,20","2,0,2","19,1,66","8,1,24",140,119,0.0002507112752,0.009738153741,"0.903,1.0,0.895","0.669,0.459,0.7",0.323
AGE0000675,AGE_SEX,6d,Ray Lab Data - 6d_significant.csv,2a03afd30c5fe86748a7a798b1919c9c79f3b37d69243d9babf1cecb8b44ced2,213,FBgn0259923;A3SS:chrX:16694419-16694618:16694371-16694618:-,FBgn0259923;A3:X:16694419-16694618:16694371-16694618:-,A3SS,chrX,-,16694419-16694618:16694371-16694618,Yes,0.12,0.0002879911434,0.01012083161,6d_male_vs_female,6d,A3SS,Yes,Higher inclusion in male,1011,FBgn0259923,Septin4,chrX,-,16694042,16694419,16694042,16694371,16694617,16695144,1011,"14,2,19","1,0,0","10,4,76","3,0,10",167,119,0.0002879911434,0.01012083161,"0.909,1.0,1.0","0.704,1.0,0.844",0.12
AGE0000676,AGE_SEX,6d,Ray Lab Data - 6d_significant.csv,2a03afd30c5fe86748a7a798b1919c9c79f3b37d69243d9babf1cecb8b44ced2,214,FBgn0041775;A3SS:chr3L:12517059-12517416:12517059-12517428:+,FBgn0041775;A3:3L:12517059-12517416:12517059-12517428:+,A3SS,chr3L,+,12517059-12517416:12517059-12517428,Yes,-0.321,0.000321830197,0.01032655154,6d_male_vs_female,6d,A3SS,Yes,Higher inclusion in female,2220,FBgn0041775,tral,chr3L,+,12517415,12517957,12517427,12517957,12516558,12517059,2220,"0,2,0","4,2,7","16,2,4","2,4,11",131,119,0.000321830197,0.01032655154,"0.0,0.476,0.0","0.879,0.312,0.248",-0.321
AGE0000677,AGE_SEX,6d,Ray Lab Data - 6d_significant.csv,2a03afd30c5fe86748a7a798b1919c9c79f3b37d69243d9babf1cecb8b44ced2,215,FBgn0051363;A3SS:chr3R:11604283-11604586:11604239-11604586:-,FBgn0051363;A3:3R:11604283-11604586:11604239-11604586:-,A3SS,chr3R,-,11604283-11604586:11604239-11604586,Yes,-0.251,0.0003099909952,0.01032655154,6d_male_vs_female,6d,A3SS,Yes,Higher inclusion in female,774,FBgn0051363,Jupiter,chr3R,-,11604141,11604283,11604141,11604239,11604585,11604754,774,"23,14,35","15,1,12","38,7,65","0,0,7",163,119,0.0003099909952,0.01032655154,"0.528,0.911,0.68","1.0,1.0,0.871",-0.251
AGE0000678,AGE_SEX,6d,Ray Lab Data - 6d_significant.csv,2a03afd30c5fe86748a7a798b1919c9c79f3b37d69243d9babf1cecb8b44ced2,216,FBgn0261260;A3SS:chrX:9473266-9499874:9472657-9499874:-,FBgn0261260;A3:X:9473266-9499874:9472657-9499874:-,A3SS,chrX,-,9473266-9499874:9472657-9499874,Yes,0.265,0.0003955215686,0.01216228824,6d_male_vs_female,6d,A3SS,Yes,Higher inclusion in male,2475,FBgn0261260,mgl,chrX,-,9471998,9473266,9471998,9472657,9499873,9500129,2475,"837,126,252","49,6,45","306,83,382","53,20,143",728,119,0.0003955215686,0.01216228824,"0.736,0.774,0.478","0.486,0.404,0.304",0.265
AGE0000679,AGE_SEX,6d,Ray Lab Data - 6d_significant.csv,2a03afd30c5fe86748a7a798b1919c9c79f3b37d69243d9babf1cecb8b44ced2,217,FBgn0262593;A3SS:chr3L:2923923-2924075:2923923-2924078:+,FBgn0262593;A3:3L:2923923-2924075:2923923-2924078:+,A3SS,chr3L,+,2923923-2924075:2923923-2924078,Yes,-0.17,0.0004323136551,0.01227105682,6d_male_vs_female,6d,A3SS,Yes,Higher inclusion in female,493,FBgn0262593,Shab,chr3L,+,2924074,2925476,2924077,2925476,2923555,2923923,493,"3,3,18","1,0,6","18,1,21","0,0,0",122,119,0.0004323136551,0.01227105682,"0.745,1.0,0.745","1.0,1.0,1.0",-0.17
AGE0000680,AGE_SEX,6d,Ray Lab Data - 6d_significant.csv,2a03afd30c5fe86748a7a798b1919c9c79f3b37d69243d9babf1cecb8b44ced2,218,FBgn0011642;A3SS:chr4:1059351-1059419:1059288-1059419:-,FBgn0011642;A3:4:1059351-1059419:1059288-1059419:-,A3SS,chr4,-,1059351-1059419:1059288-1059419,Yes,0.243,0.0006945452473,0.01767497905,6d_male_vs_female,6d,A3SS,Yes,Higher inclusion in male,2046,FBgn0011642,Zyx,chr4,-,1059100,1059351,1059100,1059288,1059418,1059836,2046,"23,12,17","1,0,2","3,1,51","2,0,26",182,119,0.0006945452473,0.01767497905,"0.938,1.0,0.848","0.495,1.0,0.562",0.243
AGE0000681,AGE_SEX,6d,Ray Lab Data - 6d_significant.csv,2a03afd30c5fe86748a7a798b1919c9c79f3b37d69243d9babf1cecb8b44ced2,219,FBgn0023407;A3SS:chr2L:13547303-13549132:13547161-13549132:-,FBgn0023407;A3:2L:13547303-13549132:13547161-13549132:-,A3SS,chr2L,-,13547303-13549132:13547161-13549132,Yes,0.325,0.000832975661,0.01950815639,6d_male_vs_female,6d,A3SS,Yes,Higher inclusion in male,1590,FBgn0023407,B4,chr2L,-,13546910,13547303,13546910,13547161,13549131,13549328,1590,"32,7,11","2,0,0","26,4,13","0,2,8",261,119,0.000832975661,0.01950815639,"0.879,1.0,1.0","1.0,0.477,0.426",0.325
AGE0000682,AGE_SEX,6d,Ray Lab Data - 6d_significant.csv,2a03afd30c5fe86748a7a798b1919c9c79f3b37d69243d9babf1cecb8b44ced2,220,FBgn0003660;A3SS:chr2R:10251213-10251928:10251144-10251928:-,FBgn0003660;A3:2R:10251213-10251928:10251144-10251928:-,A3SS,chr2R,-,10251213-10251928:10251144-10251928,Yes,0.218,0.001014040598,0.02147963038,6d_male_vs_female,6d,A3SS,Yes,Higher inclusion in male,747,FBgn0003660,Syb,chr2R,-,10250878,10251213,10250878,10251144,10251927,10251984,747,"42,4,10","0,0,0","14,7,50","4,2,1",188,119,0.001014040598,0.02147963038,"1.0,1.0,1.0","0.689,0.689,0.969",0.218
AGE0000683,AGE_SEX,6d,Ray Lab Data - 6d_significant.csv,2a03afd30c5fe86748a7a798b1919c9c79f3b37d69243d9babf1cecb8b44ced2,221,FBgn0000108;A3SS:chrX:571000-571131:571000-571134:+,FBgn0000108;A3:X:571000-571131:571000-571134:+,A3SS,chrX,+,571000-571131:571000-571134,Yes,-0.113,0.001289322155,0.02643110418,6d_male_vs_female,6d,A3SS,Yes,Higher inclusion in female,602,FBgn0000108,Appl,chrX,+,571130,571352,571133,571352,570861,571000,602,"145,46,101","51,20,27","159,28,201","4,7,55",122,119,0.001289322155,0.02643110418,"0.735,0.692,0.785","0.975,0.796,0.781",-0.113
AGE0000684,AGE_SEX,6d,Ray Lab Data - 6d_significant.csv,2a03afd30c5fe86748a7a798b1919c9c79f3b37d69243d9babf1cecb8b44ced2,222,FBgn0032515;A3SS:chr2L:13384022-13384527:13384022-13384657:+,FBgn0032515;A3:2L:13384022-13384527:13384022-13384657:+,A3SS,chr2L,+,13384022-13384527:13384022-13384657,Yes,-0.139,0.001717519015,0.03250074444,6d_male_vs_female,6d,A3SS,Yes,Higher inclusion in female,2272,FBgn0032515,loqs,chr2L,+,13384526,13384794,13384656,13384794,13383736,13384022,2272,"0,0,0","21,5,9","12,0,0","8,5,20",249,119,0.001717519015,0.03250074444,"0.0,0.0,0.0","0.418,0.0,0.0",-0.139
AGE0000685,AGE_SEX,6d,Ray Lab Data - 6d_significant.csv,2a03afd30c5fe86748a7a798b1919c9c79f3b37d69243d9babf1cecb8b44ced2,223,FBgn0035533;A3SS:chr3L:4325410-4326984:4325383-4326984:-,FBgn0035533;A3:3L:4325410-4326984:4325383-4326984:-,A3SS,chr3L,-,4325410-4326984:4325383-4326984,Yes,0.138,0.001883115264,0.03474347662,6d_male_vs_female,6d,A3SS,Yes,Higher inclusion in male,781,FBgn0035533,Cip4,chr3L,-,4325060,4325410,4325060,4325383,4326983,4327170,781,"13,6,17","1,1,0","6,4,25","5,0,4",146,119,0.001883115264,0.03474347662,"0.914,0.83,1.0","0.494,1.0,0.836",0.138
AGE0000686,AGE_SEX,6d,Ray Lab Data - 6d_significant.csv,2a03afd30c5fe86748a7a798b1919c9c79f3b37d69243d9babf1cecb8b44ced2,224,FBgn0010328;A3SS:chr3R:27261943-27262116:27261940-27262116:-,FBgn0010328;A3:3R:27261943-27262116:27261940-27262116:-,A3SS,chr3R,-,27261943-27262116:27261940-27262116,Yes,0.171,0.001982287979,0.03568118362,6d_male_vs_female,6d,A3SS,Yes,Higher inclusion in male,2466,FBgn0010328,woc,chr3R,-,27260090,27261943,27260090,27261940,27262115,27262160,2466,"124,37,87","68,32,30","159,33,109","144,30,190",122,119,0.001982287979,0.03568118362,"0.64,0.53,0.739","0.519,0.518,0.359",0.171
AGE0000687,AGE_SEX,6d,Ray Lab Data - 6d_significant.csv,2a03afd30c5fe86748a7a798b1919c9c79f3b37d69243d9babf1cecb8b44ced2,225,FBgn0030719;A3SS:chrX:15989268-15989438:15989109-15989438:-,FBgn0030719;A3:X:15989268-15989438:15989109-15989438:-,A3SS,chrX,-,15989268-15989438:15989109-15989438,Yes,-0.19,0.002276484304,0.03907082364,6d_male_vs_female,6d,A3SS,Yes,Higher inclusion in female,2151,FBgn0030719,eIF5,chrX,-,15988616,15989268,15988616,15989109,15989437,15989476,2151,"70,11,20","8,1,5","31,7,31","0,0,3",278,119,0.002276484304,0.03907082364,"0.789,0.825,0.631","1.0,1.0,0.816",-0.19
AGE0000688,AGE_SEX,6d,Ray Lab Data - 6d_significant.csv,2a03afd30c5fe86748a7a798b1919c9c79f3b37d69243d9babf1cecb8b44ced2,226,FBgn0052423;A3SS:chr3L:5163975-5166935:5163969-5166935:-,FBgn0052423;A3:3L:5163975-5166935:5163969-5166935:-,A3SS,chr3L,-,5163975-5166935:5163969-5166935,Yes,0.18,0.00273312966,0.04482332643,6d_male_vs_female,6d,A3SS,Yes,Higher inclusion in male,2227,FBgn0052423,shep,chr3L,-,5163833,5163975,5163833,5163969,5166934,5167059,2227,"49,17,33","5,0,3","47,7,31","5,2,19",125,119,0.00273312966,0.04482332643,"0.903,1.0,0.913","0.899,0.769,0.608",0.18
AGE0000689,AGE_SEX,6d,Ray Lab Data - 6d_significant.csv,2a03afd30c5fe86748a7a798b1919c9c79f3b37d69243d9babf1cecb8b44ced2,227,FBgn0051814;A3SS:chr2L:13714311-13717021:13714166-13717021:-,FBgn0051814;A3:2L:13714311-13717021:13714166-13717021:-,A3SS,chr2L,-,13714311-13717021:13714166-13717021,Yes,-0.367,0.003012132415,0.04832508093,6d_male_vs_female,6d,A3SS,Yes,Higher inclusion in female,1527,FBgn0051814,DIP-kappa,chr2L,-,13713972,13714311,13713972,13714166,13717020,13717320,1527,"15,2,0","0,1,5","7,4,6","0,0,2",264,119,0.003012132415,0.04832508093,"1.0,0.474,0.0","1.0,1.0,0.575",-0.367
AGE0000690,AGE_SEX,6d,Ray Lab Data - 6d_significant.csv,2a03afd30c5fe86748a7a798b1919c9c79f3b37d69243d9babf1cecb8b44ced2,228,FBgn0004242;A3SS:chr2L:2782940-2783041:2782839-2783041:-,FBgn0004242;A3:2L:2782940-2783041:2782839-2783041:-,A3SS,chr2L,-,2782940-2783041:2782839-2783041,No,-0.045,0.00000002160251655,0.000007971328608,6d_male_vs_female,6d,A3SS,No,Higher inclusion in female,1438,FBgn0004242,Syt1,chr2L,-,2779266,2782940,2779266,2782839,2783040,2783274,1438,"0,3,0","211,40,101","7,4,33","220,29,182",220,119,0.00000002160251655,0.000007971328608,"0.0,0.039,0.0","0.017,0.069,0.089",-0.045
AGE0000691,AGE_SEX,6d,Ray Lab Data - 6d_significant.csv,2a03afd30c5fe86748a7a798b1919c9c79f3b37d69243d9babf1cecb8b44ced2,229,FBgn0261509;A3SS:chr2L:1555753-1556324:1555753-1556540:+,FBgn0261509;A3:2L:1555753-1556324:1555753-1556540:+,A3SS,chr2L,+,1555753-1556324:1555753-1556540,No,0.095,0.000000423376344,0.0001041505806,6d_male_vs_female,6d,A3SS,No,Higher inclusion in male,1411,FBgn0261509,haf,chr2L,+,1556323,1556915,1556539,1556915,1555128,1555753,1411,"412,93,286","0,0,0","368,97,725","49,0,3",335,119,0.000000423376344,0.0001041505806,"1.0,1.0,1.0","0.727,1.0,0.988",0.095
AGE0000692,AGE_SEX,6d,Ray Lab Data - 6d_significant.csv,2a03afd30c5fe86748a7a798b1919c9c79f3b37d69243d9babf1cecb8b44ced2,230,FBgn0042138;A3SS:chr3L:11629598-11630230:11629598-11630467:+,FBgn0042138;A3:3L:11629598-11630230:11629598-11630467:+,A3SS,chr3L,+,11629598-11630230:11629598-11630467,No,-0.044,0.0000007667916581,0.0001267239332,6d_male_vs_female,6d,A3SS,No,Higher inclusion in female,276,FBgn0042138,Apt1,chr3L,+,11630229,11630749,11630466,11630749,11629580,11629598,276,"11,3,11","99,19,128","10,4,85","34,27,230",356,119,0.0000007667916581,0.0001267239332,"0.036,0.05,0.028","0.09,0.047,0.11",-0.044
AGE0000693,AGE_SEX,6d,Ray Lab Data - 6d_significant.csv,2a03afd30c5fe86748a7a798b1919c9c79f3b37d69243d9babf1cecb8b44ced2,231,FBgn0052423;A3SS:chr3L:5162631-5162967:5162610-5162967:-,FBgn0052423;A3:3L:5162631-5162967:5162610-5162967:-,A3SS,chr3L,-,5162631-5162967:5162610-5162967,No,0.093,0.000003107101641,0.0002866301263,6d_male_vs_female,6d,A3SS,No,Higher inclusion in male,2225,FBgn0052423,shep,chr3L,-,5162455,5162631,5162455,5162610,5162966,5163149,2225,"92,20,40","0,2,1","67,22,112","17,2,9",140,119,0.000003107101641,0.0002866301263,"1.0,0.895,0.971","0.77,0.903,0.914",0.093
AGE0000694,AGE_SEX,6d,Ray Lab Data - 6d_significant.csv,2a03afd30c5fe86748a7a798b1919c9c79f3b37d69243d9babf1cecb8b44ced2,232,FBgn0010328;A3SS:chr3R:27261943-27262227:27261940-27262227:-,FBgn0010328;A3:3R:27261943-27262227:27261940-27262227:-,A3SS,chr3R,-,27261943-27262227:27261940-27262227,No,-0.062,0.000005840226188,0.0004310086927,6d_male_vs_female,6d,A3SS,No,Higher inclusion in female,2467,FBgn0010328,woc,chr3R,-,27260090,27261943,27260090,27261940,27262226,27262487,2467,"154,29,50","15,2,5","155,26,155","2,1,2",122,119,0.000005840226188,0.0004310086927,"0.909,0.934,0.907","0.987,0.962,0.987",-0.062
AGE0000695,AGE_SEX,6d,Ray Lab Data - 6d_significant.csv,2a03afd30c5fe86748a7a798b1919c9c79f3b37d69243d9babf1cecb8b44ced2,233,FBgn0038975;A3SS:chr3R:22468615-22469482:22468615-22469920:+,FBgn0038975;A3:3R:22468615-22469482:22468615-22469920:+,A3SS,chr3R,+,22468615-22469482:22468615-22469920,No,0.032,0.000008441105016,0.0005663214093,6d_male_vs_female,6d,A3SS,No,Higher inclusion in male,1646,FBgn0038975,Nrx-1,chr3R,+,22469481,22471390,22469919,22471390,22468511,22468615,1646,"697,204,588","1,0,0","841,134,1144","5,0,20",557,119,0.000008441105016,0.0005663214093,"0.993,1.0,1.0","0.973,1.0,0.924",0.032
AGE0000696,AGE_SEX,6d,Ray Lab Data - 6d_significant.csv,2a03afd30c5fe86748a7a798b1919c9c79f3b37d69243d9babf1cecb8b44ced2,234,FBgn0041605;A3SS:chr3R:4288083-4295120:4288083-4295129:+,FBgn0041605;A3:3R:4288083-4295120:4288083-4295129:+,A3SS,chr3R,+,4288083-4295120:4288083-4295129,No,0.02,0.00006859974134,0.003375107274,6d_male_vs_female,6d,A3SS,No,Higher inclusion in male,691,FBgn0041605,cpx,chr3R,+,4295119,4295286,4295128,4295286,4288071,4288083,691,"161,27,81","1597,512,2269","73,12,136","1136,412,5147",128,119,0.00006859974134,0.003375107274,"0.086,0.047,0.032","0.056,0.026,0.024",0.02
AGE0000697,AGE_SEX,6d,Ray Lab Data - 6d_significant.csv,2a03afd30c5fe86748a7a798b1919c9c79f3b37d69243d9babf1cecb8b44ced2,235,FBgn0053170;A3SS:chr3L:22866034-22867116:22866034-22867400:+,FBgn0053170;A3:3L:22866034-22867116:22866034-22867400:+,A3SS,chr3L,+,22866034-22867116:22866034-22867400,No,0.007,0.00008440524205,0.00389319179,6d_male_vs_female,6d,A3SS,No,Higher inclusion in male,1745,FBgn0053170,CG33170,chr3L,+,22867115,22867535,22867399,22867535,22865877,22866034,1745,"2803,624,2318","0,3,11","2363,587,5116","17,0,46",403,119,0.00008440524205,0.00389319179,"1.0,0.984,0.984","0.976,1.0,0.97",0.007
AGE0000698,AGE_SEX,6d,Ray Lab Data - 6d_significant.csv,2a03afd30c5fe86748a7a798b1919c9c79f3b37d69243d9babf1cecb8b44ced2,236,FBgn0264001;A3SS:chr3L:13638565-13664419:13638547-13664419:-,FBgn0264001;A3:3L:13638565-13664419:13638547-13664419:-,A3SS,chr3L,-,13638565-13664419:13638547-13664419,No,-0.053,0.00009146074586,0.003970472379,6d_male_vs_female,6d,A3SS,No,Higher inclusion in female,1868,FBgn0264001,bru3,chr3L,-,13638516,13638565,13638516,13638547,13664418,13664874,1868,"86,11,72","14,0,1","49,3,146","0,0,2",137,119,0.00009146074586,0.003970472379,"0.842,1.0,0.984","1.0,1.0,0.984",-0.053
AGE0000699,AGE_SEX,6d,Ray Lab Data - 6d_significant.csv,2a03afd30c5fe86748a7a798b1919c9c79f3b37d69243d9babf1cecb8b44ced2,237,FBgn0020767;A3SS:chr2R:14763074-14763831:14763008-14763831:-,FBgn0020767;A3:2R:14763074-14763831:14763008-14763831:-,A3SS,chr2R,-,14763074-14763831:14763008-14763831,No,0.082,0.0001231363199,0.005048589116,6d_male_vs_female,6d,A3SS,No,Higher inclusion in male,1898,FBgn0020767,Spred,chr2R,-,14762918,14763074,14762918,14763008,14763830,14763999,1898,"110,7,4","0,0,2","66,2,18","12,0,10",185,119,0.0001231363199,0.005048589116,"1.0,1.0,0.563","0.78,1.0,0.537",0.082
AGE0000700,AGE_SEX,6d,Ray Lab Data - 6d_significant.csv,2a03afd30c5fe86748a7a798b1919c9c79f3b37d69243d9babf1cecb8b44ced2,238,FBgn0015218;A3SS:chr3L:9401606-9402280:9401367-9402280:-,FBgn0015218;A3:3L:9401606-9402280:9401367-9402280:-,A3SS,chr3L,-,9401606-9402280:9401367-9402280,No,-0.056,0.0002679328716,0.009886722961,6d_male_vs_female,6d,A3SS,No,Higher inclusion in female,325,FBgn0015218,eIF4E1,chr3L,-,9401039,9401606,9401039,9401367,9402279,9402460,325,"272,67,179","1,0,11","166,62,432","0,0,0",358,119,0.0002679328716,0.009886722961,"0.989,1.0,0.844","1.0,1.0,1.0",-0.056
AGE0000701,AGE_SEX,6d,Ray Lab Data - 6d_significant.csv,2a03afd30c5fe86748a7a798b1919c9c79f3b37d69243d9babf1cecb8b44ced2,239,FBgn0028577;A3SS:chr3L:1501397-1501799:1499337-1501799:-,FBgn0028577;A3:3L:1501397-1501799:1499337-1501799:-,A3SS,chr3L,-,1501397-1501799:1499337-1501799,No,0.025,0.0004259779126,0.01227105682,6d_male_vs_female,6d,A3SS,No,Higher inclusion in male,225,FBgn0028577,hfp,chr3L,-,1499042,1501397,1499042,1499337,1501798,1501892,225,"7188,1478,4343","0,0,0","6078,1180,10794","27,0,0",2179,119,0.0004259779126,0.01227105682,"1.0,1.0,1.0","0.925,1.0,1.0",0.025
AGE0000702,AGE_SEX,6d,Ray Lab Data - 6d_significant.csv,2a03afd30c5fe86748a7a798b1919c9c79f3b37d69243d9babf1cecb8b44ced2,240,FBgn0000479;A3SS:chrX:3256317-3258611:3256317-3258614:+,FBgn0000479;A3:X:3256317-3258611:3256317-3258614:+,A3SS,chrX,+,3256317-3258611:3256317-3258614,No,0.042,0.0004673080033,0.01277308542,6d_male_vs_female,6d,A3SS,No,Higher inclusion in male,1254,FBgn0000479,Pde4,chrX,+,3258610,3258878,3258613,3258878,3256286,3256317,1254,"87,9,95","1,0,1","48,5,180","5,0,10",122,119,0.0004673080033,0.01277308542,"0.988,1.0,0.989","0.904,1.0,0.946",0.042
AGE0000703,AGE_SEX,6d,Ray Lab Data - 6d_significant.csv,2a03afd30c5fe86748a7a798b1919c9c79f3b37d69243d9babf1cecb8b44ced2,241,FBgn0029941;A3SS:chrX:7281749-7281823:7281746-7281823:-,FBgn0029941;A3:X:7281749-7281823:7281746-7281823:-,A3SS,chrX,-,7281749-7281823:7281746-7281823,No,0.054,0.0005262055294,0.01386927431,6d_male_vs_female,6d,A3SS,No,Higher inclusion in male,2079,FBgn0029941,CG1677,chrX,-,7281088,7281749,7281088,7281746,7281822,7281960,2079,"33,10,26","0,3,0","60,20,49","11,0,15",122,119,0.0005262055294,0.01386927431,"1.0,0.765,1.0","0.842,1.0,0.761",0.054
AGE0000704,AGE_SEX,6d,Ray Lab Data - 6d_significant.csv,2a03afd30c5fe86748a7a798b1919c9c79f3b37d69243d9babf1cecb8b44ced2,242,FBgn0037705;A3SS:chr3R:9542924-9546798:9542009-9546798:-,FBgn0037705;A3:3R:9542924-9546798:9542009-9546798:-,A3SS,chr3R,-,9542924-9546798:9542009-9546798,No,-0.081,0.0008723159359,0.01950815639,6d_male_vs_female,6d,A3SS,No,Higher inclusion in female,821,FBgn0037705,mura,chr3R,-,9541678,9542924,9541678,9542009,9546797,9547370,821,"115,20,38","16,0,0","93,20,95","0,1,0",1034,119,0.0008723159359,0.01950815639,"0.453,1.0,1.0","1.0,0.697,1.0",-0.081
AGE0000705,AGE_SEX,6d,Ray Lab Data - 6d_significant.csv,2a03afd30c5fe86748a7a798b1919c9c79f3b37d69243d9babf1cecb8b44ced2,243,FBgn0022361;A3SS:chr4:558168-560095:558168-560098:+,FBgn0022361;A3:4:558168-560095:558168-560098:+,A3SS,chr4,+,558168-560095:558168-560098,No,0.074,0.0008612542083,0.01950815639,6d_male_vs_female,6d,A3SS,No,Higher inclusion in male,2103,FBgn0022361,Pur-alpha,chr4,+,560094,560300,560097,560300,558015,558168,2103,"15,2,12","0,0,0","1,1,25","0,0,7",122,119,0.0008612542083,0.01950815639,"1.0,1.0,1.0","1.0,1.0,0.777",0.074
AGE0000706,AGE_SEX,6d,Ray Lab Data - 6d_significant.csv,2a03afd30c5fe86748a7a798b1919c9c79f3b37d69243d9babf1cecb8b44ced2,244,FBgn0039026;A3SS:chr3R:22792000-22792258:22792000-22792390:+,FBgn0039026;A3:3R:22792000-22792258:22792000-22792390:+,A3SS,chr3R,+,22792000-22792258:22792000-22792390,No,-0.046,0.000851371331,0.01950815639,6d_male_vs_female,6d,A3SS,No,Higher inclusion in female,936,FBgn0039026,CG7029,chr3R,+,22792257,22792599,22792389,22792599,22789492,22792000,936,"13,6,5","139,58,56","20,6,36","135,36,114",251,119,0.000851371331,0.01950815639,"0.042,0.047,0.041","0.066,0.073,0.13",-0.046
AGE0000707,AGE_SEX,6d,Ray Lab Data - 6d_significant.csv,2a03afd30c5fe86748a7a798b1919c9c79f3b37d69243d9babf1cecb8b44ced2,245,FBgn0264606;A3SS:chr3L:2689938-2711352:2689932-2711352:-,FBgn0264606;A3:3L:2689938-2711352:2689932-2711352:-,A3SS,chr3L,-,2689938-2711352:2689932-2711352,No,-0.096,0.001018681658,0.02147963038,6d_male_vs_female,6d,A3SS,No,Higher inclusion in female,339,FBgn0264606,Fife,chr3L,-,2689488,2689938,2689488,2689932,2711351,2711690,339,"163,52,140","27,8,45","123,19,212","0,2,36",125,119,0.001018681658,0.02147963038,"0.852,0.861,0.748","1.0,0.9,0.849",-0.096
AGE0000708,AGE_SEX,6d,Ray Lab Data - 6d_significant.csv,2a03afd30c5fe86748a7a798b1919c9c79f3b37d69243d9babf1cecb8b44ced2,246,FBgn0039026;A3SS:chr3R:22792000-22792261:22792000-22792390:+,FBgn0039026;A3:3R:22792000-22792261:22792000-22792390:+,A3SS,chr3R,+,22792000-22792261:22792000-22792390,No,-0.045,0.001410759203,0.02813892681,6d_male_vs_female,6d,A3SS,No,Higher inclusion in female,937,FBgn0039026,CG7029,chr3R,+,22792260,22792599,22792389,22792599,22789492,22792000,937,"13,6,5","139,58,56","19,6,35","135,36,114",248,119,0.001410759203,0.02813892681,"0.043,0.047,0.041","0.063,0.074,0.128",-0.045
AGE0000709,AGE_SEX,6d,Ray Lab Data - 6d_significant.csv,2a03afd30c5fe86748a7a798b1919c9c79f3b37d69243d9babf1cecb8b44ced2,247,FBgn0027066;A3SS:chr2R:6753503-6754702:6753503-6754705:+,FBgn0027066;A3:2R:6753503-6754702:6753503-6754705:+,A3SS,chr2R,+,6753503-6754702:6753503-6754705,No,0.021,0.001701959691,0.03250074444,6d_male_vs_female,6d,A3SS,No,Higher inclusion in male,1538,FBgn0027066,Eb1,chr2R,+,6754701,6754844,6754704,6754844,6753226,6753503,1538,"93,10,45","0,0,2","39,9,93","0,0,11",122,119,0.001701959691,0.03250074444,"1.0,1.0,0.956","1.0,1.0,0.892",0.021
AGE0000710,AGE_SEX,6d,Ray Lab Data - 6d_significant.csv,2a03afd30c5fe86748a7a798b1919c9c79f3b37d69243d9babf1cecb8b44ced2,248,FBgn0029971;A3SS:chrX:7893490-7893750:7893416-7893750:-,FBgn0029971;A3:X:7893490-7893750:7893416-7893750:-,A3SS,chrX,-,7893490-7893750:7893416-7893750,No,0.071,0.002047370542,0.03597522524,6d_male_vs_female,6d,A3SS,No,Higher inclusion in male,1278,FBgn0029971,ND-MNLL,chrX,-,7893052,7893490,7893052,7893416,7893749,7893798,1278,"119,37,434","9,1,35","116,34,1034","14,3,150",193,119,0.002047370542,0.03597522524,"0.891,0.958,0.884","0.836,0.875,0.81",0.071
AGE0000711,AGE_SEX,6d,Ray Lab Data - 6d_significant.csv,2a03afd30c5fe86748a7a798b1919c9c79f3b37d69243d9babf1cecb8b44ced2,249,FBgn0015371;A3SS:chr2R:15140095-15140378:15140095-15140471:+,FBgn0015371;A3:2R:15140095-15140378:15140095-15140471:+,A3SS,chr2R,+,15140095-15140378:15140095-15140471,No,0.07,0.002465087413,0.04134623887,6d_male_vs_female,6d,A3SS,No,Higher inclusion in male,1890,FBgn0015371,chn,chr2R,+,15140377,15140677,15140470,15140677,15139078,15140095,1890,"86,27,66","184,54,270","50,13,136","199,61,641",212,119,0.002465087413,0.04134623887,"0.208,0.219,0.121","0.124,0.107,0.106",0.07
AGE0000712,AGE_SEX,6d,Ray Lab Data - 6d_significant.csv,2a03afd30c5fe86748a7a798b1919c9c79f3b37d69243d9babf1cecb8b44ced2,250,FBgn0013334;A3SS:chr3R:15935584-15935831:15935584-15935953:+,FBgn0013334;A3:3R:15935584-15935831:15935584-15935953:+,A3SS,chr3R,+,15935584-15935831:15935584-15935953,No,0.054,0.003889222415,0.06106906685,6d_male_vs_female,6d,A3SS,No,Higher inclusion in male,807,FBgn0013334,Sap47,chr3R,+,15935830,15936340,15935952,15936340,15935118,15935584,807,"301,23,150","2,1,10","149,29,201","3,1,37",241,119,0.003889222415,0.06106906685,"0.987,0.919,0.881","0.961,0.935,0.728",0.054
AGE0000713,AGE_SEX,6d,Ray Lab Data - 6d_significant.csv,2a03afd30c5fe86748a7a798b1919c9c79f3b37d69243d9babf1cecb8b44ced2,251,FBgn0267795;A3SS:chr3L:14068927-14069892:14068927-14069922:+,FBgn0267795;A3:3L:14068927-14069892:14068927-14069922:+,A3SS,chr3L,+,14068927-14069892:14068927-14069922,No,-0.142,0.004134652983,0.06357028962,6d_male_vs_female,6d,A3SS,No,Higher inclusion in female,260,FBgn0267795,Frl,chr3L,+,14069891,14070369,14069921,14070369,14068807,14068927,260,"19,9,10","4,2,0","17,3,18","0,0,0",149,119,0.004134652983,0.06357028962,"0.791,0.782,1.0","1.0,1.0,1.0",-0.142
AGE0000714,AGE_SEX,6d,Ray Lab Data - 6d_significant.csv,2a03afd30c5fe86748a7a798b1919c9c79f3b37d69243d9babf1cecb8b44ced2,252,FBgn0032938;A3SS:chr2L:21263123-21263648:21263123-21263723:+,FBgn0032938;A3:2L:21263123-21263648:21263123-21263723:+,A3SS,chr2L,+,21263123-21263648:21263123-21263723,No,0.002,0.004672069061,0.07036708096,6d_male_vs_female,6d,A3SS,No,Higher inclusion in male,884,FBgn0032938,CG8671,chr2L,+,21263647,21263786,21263722,21263786,21262955,21263123,884,"2428,291,1387","16,5,4","1781,252,3353","44,0,20",194,119,0.004672069061,0.07036708096,"0.989,0.973,0.995","0.961,1.0,0.99",0.002
AGE0000715,AGE_SEX,6d,Ray Lab Data - 6d_significant.csv,2a03afd30c5fe86748a7a798b1919c9c79f3b37d69243d9babf1cecb8b44ced2,253,FBgn0029854;A3SS:chrX:6275390-6276228:6275170-6276228:-,FBgn0029854;A3:X:6275390-6276228:6275170-6276228:-,A3SS,chrX,-,6275390-6276228:6275170-6276228,No,-0.01,0.005085304071,0.07505908809,6d_male_vs_female,6d,A3SS,No,Higher inclusion in female,2285,FBgn0029854,CG3566,chrX,-,6274971,6275390,6274971,6275170,6276227,6276296,2285,"242,34,111","2085,272,1745","253,34,391","1647,262,3538",339,119,0.005085304071,0.07505908809,"0.039,0.042,0.022","0.051,0.044,0.037",-0.01
AGE0000716,AGE_SEX,6d,Ray Lab Data - 6d_significant.csv,2a03afd30c5fe86748a7a798b1919c9c79f3b37d69243d9babf1cecb8b44ced2,254,FBgn0030208;A3SS:chrX:10479717-10479789:10479717-10479836:+,FBgn0030208;A3:X:10479717-10479789:10479717-10479836:+,A3SS,chrX,+,10479717-10479789:10479717-10479836,No,0.038,0.005517310714,0.07983873151,6d_male_vs_female,6d,A3SS,No,Higher inclusion in male,1805,FBgn0030208,PPP4R2r,chrX,+,10479788,10480024,10479835,10480024,10479472,10479717,1805,"0,0,8","9,13,44","0,0,0","15,1,95",166,119,0.005517310714,0.07983873151,"0.0,0.0,0.115","0.0,0.0,0.0",0.038
AGE0000717,AGE_SEX,6d,Ray Lab Data - 6d_significant.csv,2a03afd30c5fe86748a7a798b1919c9c79f3b37d69243d9babf1cecb8b44ced2,255,FBgn0026086;A3SS:chrX:1774222-1775650:1774222-1775699:+,FBgn0026086;A3:X:1774222-1775650:1774222-1775699:+,A3SS,chrX,+,1774222-1775650:1774222-1775699,No,-0.028,0.005693591374,0.08080520065,6d_male_vs_female,6d,A3SS,No,Higher inclusion in female,1665,FBgn0026086,Adar,chrX,+,1775649,1775738,1775698,1775738,1773724,1774222,1665,"0,0,0","265,40,109","4,1,14","247,25,217",168,119,0.005693591374,0.08080520065,"0.0,0.0,0.0","0.011,0.028,0.044",-0.028
AGE0000718,AGE_SEX,6d,Ray Lab Data - 6d_significant.csv,2a03afd30c5fe86748a7a798b1919c9c79f3b37d69243d9babf1cecb8b44ced2,256,FBgn0024321;A3SS:chr3R:14367499-14372547:14367496-14372547:-,FBgn0024321;A3:3R:14367499-14372547:14367496-14372547:-,A3SS,chr3R,-,14367499-14372547:14367496-14372547,No,-0.363,0.006244419037,0.0869505896,6d_male_vs_female,6d,A3SS,No,Higher inclusion in female,970,FBgn0024321,NK7.1,chr3R,-,14367192,14367499,14367192,14367496,14372546,14372951,970,"5,7,13","13,3,14","23,1,40","8,0,10",122,119,0.006244419037,0.0869505896,"0.273,0.695,0.475","0.737,1.0,0.796",-0.363
AGE0000719,AGE_SEX,6d,Ray Lab Data - 6d_significant.csv,2a03afd30c5fe86748a7a798b1919c9c79f3b37d69243d9babf1cecb8b44ced2,257,FBgn0030412;A3SS:chrX:12631813-12633913:12631813-12633918:+,FBgn0030412;A3:X:12631813-12633913:12631813-12633918:+,A3SS,chrX,+,12631813-12633913:12631813-12633918,No,-0.525,0.006894766941,0.09422848152,6d_male_vs_female,6d,A3SS,No,Higher inclusion in female,169,FBgn0030412,Tomosyn,chrX,+,12633912,12633957,12633917,12633957,12631604,12631813,169,"0,0,5","12,4,9","12,1,11","11,0,15",124,119,0.006894766941,0.09422848152,"0.0,0.0,0.348","0.511,1.0,0.413",-0.525
AGE0000720,AGE_SEX,6d,Ray Lab Data - 6d_significant.csv,2a03afd30c5fe86748a7a798b1919c9c79f3b37d69243d9babf1cecb8b44ced2,258,FBgn0000546;A3SS:chr2R:6156414-6156930:6156368-6156930:-,FBgn0000546;A3:2R:6156414-6156930:6156368-6156930:-,A3SS,chr2R,-,6156414-6156930:6156368-6156930,No,0.189,0.007362285852,0.09878849017,6d_male_vs_female,6d,A3SS,No,Higher inclusion in male,542,FBgn0000546,EcR,chr2R,-,6156157,6156414,6156157,6156368,6156929,6157129,542,"2,1,19","1,0,0","12,1,35","1,2,4",165,119,0.007362285852,0.09878849017,"0.591,1.0,1.0","0.896,0.265,0.863",0.189
AGE0000721,AGE_SEX,6d,Ray Lab Data - 6d_significant.csv,2a03afd30c5fe86748a7a798b1919c9c79f3b37d69243d9babf1cecb8b44ced2,259,FBgn0010263;A3SS:chr2L:2960986-2961215:2960986-2961218:+,FBgn0010263;A3:2L:2960986-2961215:2960986-2961218:+,A3SS,chr2L,+,2960986-2961215:2960986-2961218,No,-0.109,0.007539151241,0.09935524314,6d_male_vs_female,6d,A3SS,No,Higher inclusion in female,2158,FBgn0010263,Rbp9,chr2L,+,2961214,2961672,2961217,2961672,2960894,2960986,2158,"1,0,0","27,11,19","0,6,4","34,12,112",122,119,0.007539151241,0.09935524314,"0.035,0.0,0.0","0.0,0.328,0.034",-0.109
AGE0000722,AGE_SEX,6d,Ray Lab Data - 6d_significant.csv,2a03afd30c5fe86748a7a798b1919c9c79f3b37d69243d9babf1cecb8b44ced2,260,FBgn0267698;A3SS:chr3R:6357340-6357875:6357340-6358283:+,FBgn0267698;A3:3R:6357340-6357875:6357340-6358283:+,A3SS,chr3R,+,6357340-6357875:6357340-6358283,No,-0.199,0.009542213093,0.1235465485,6d_male_vs_female,6d,A3SS,No,Higher inclusion in female,827,FBgn0267698,Pak,chr3R,+,6357874,6359022,6358282,6359022,6356749,6357340,827,"19,25,49","15,0,0","70,20,97","0,1,0",527,119,0.009542213093,0.1235465485,"0.222,1.0,1.0","1.0,0.819,1.0",-0.199
AGE0000723,AGE_SEX,6d,Ray Lab Data - 6d_significant.csv,2a03afd30c5fe86748a7a798b1919c9c79f3b37d69243d9babf1cecb8b44ced2,261,FBgn0032256;A3SS:chr2L:10482574-10482625:10482574-10482637:+,FBgn0032256;A3:2L:10482574-10482625:10482574-10482637:+,A3SS,chr2L,+,10482574-10482625:10482574-10482637,No,0.247,0.010390777,0.1306087503,6d_male_vs_female,6d,A3SS,No,Higher inclusion in male,1533,FBgn0032256,RluA-2,chr2L,+,10482624,10482786,10482636,10482786,10482284,10482574,1533,"46,8,47","28,11,71","0,3,88","18,7,147",131,119,0.010390777,0.1306087503,"0.599,0.398,0.376","0.0,0.28,0.352",0.247
AGE0000724,AGE_SEX,6d,Ray Lab Data - 6d_significant.csv,2a03afd30c5fe86748a7a798b1919c9c79f3b37d69243d9babf1cecb8b44ced2,262,FBgn0260749;A3SS:chr2L:10274105-10274165:10274090-10274165:-,FBgn0260749;A3:2L:10274105-10274165:10274090-10274165:-,A3SS,chr2L,-,10274105-10274165:10274090-10274165,No,-0.101,0.01060687715,0.1306087503,6d_male_vs_female,6d,A3SS,No,Higher inclusion in female,1996,FBgn0260749,Utx,chr2L,-,10273965,10274105,10273965,10274090,10274164,10274868,1996,"70,10,35","20,3,9","54,16,168","15,2,9",134,119,0.01060687715,0.1306087503,"0.757,0.747,0.775","0.762,0.877,0.943",-0.101
AGE0000725,AGE_SEX,6d,Ray Lab Data - 6d_significant.csv,2a03afd30c5fe86748a7a798b1919c9c79f3b37d69243d9babf1cecb8b44ced2,263,FBgn0003721;A3SS:chr3R:15303222-15307590:15303222-15308031:+,FBgn0003721;A3:3R:15303222-15307590:15303222-15308031:+,A3SS,chr3R,+,15303222-15307590:15303222-15308031,No,-0.054,0.01061859758,0.1306087503,6d_male_vs_female,6d,A3SS,No,Higher inclusion in female,2102,FBgn0003721,Tm1,chr3R,+,15307589,15308779,15308030,15308779,15303152,15303222,2102,"109,27,177","381,86,481","244,44,223","311,47,1014",560,119,0.01061859758,0.1306087503,"0.057,0.063,0.073","0.143,0.166,0.045",-0.054
AGE0000726,AGE_SEX,6d,Ray Lab Data - 6d_significant.csv,2a03afd30c5fe86748a7a798b1919c9c79f3b37d69243d9babf1cecb8b44ced2,264,FBgn0034345;A3SS:chr2R:18425034-18425340:18425034-18425964:+,FBgn0034345;A3:2R:18425034-18425340:18425034-18425964:+,A3SS,chr2R,+,18425034-18425340:18425034-18425964,No,0.055,0.01087390905,0.1315564734,6d_male_vs_female,6d,A3SS,No,Higher inclusion in male,1722,FBgn0034345,CG5174,chr2R,+,18425339,18426221,18425963,18426221,18424871,18425034,1722,"1365,248,1158","0,2,0","1239,205,3056","5,7,6",743,119,0.01087390905,0.1315564734,"1.0,0.952,1.0","0.975,0.824,0.988",0.055
AGE0000727,AGE_SEX,6d,Ray Lab Data - 6d_significant.csv,2a03afd30c5fe86748a7a798b1919c9c79f3b37d69243d9babf1cecb8b44ced2,265,FBgn0020238;A3SS:chr3R:18248151-18248215:18248151-18248233:+,FBgn0020238;A3:3R:18248151-18248215:18248151-18248233:+,A3SS,chr3R,+,18248151-18248215:18248151-18248233,No,-0.068,0.01154745615,0.137451978,6d_male_vs_female,6d,A3SS,No,Higher inclusion in female,1139,FBgn0020238,14-3-3epsilon,chr3R,+,18248214,18248579,18248232,18248579,18247970,18248151,1139,"723,202,1071","222,77,396","526,208,2660","105,45,872",137,119,0.01154745615,0.137451978,"0.739,0.695,0.701","0.813,0.801,0.726",-0.068
AGE0000728,AGE_SEX,6d,Ray Lab Data - 6d_significant.csv,2a03afd30c5fe86748a7a798b1919c9c79f3b37d69243d9babf1cecb8b44ced2,266,FBgn0039560;A3SS:chr3R:27942133-27942585:27942133-27942588:+,FBgn0039560;A3:3R:27942133-27942585:27942133-27942588:+,A3SS,chr3R,+,27942133-27942585:27942133-27942588,No,-0.171,0.01200498674,0.1406298447,6d_male_vs_female,6d,A3SS,No,Higher inclusion in female,566,FBgn0039560,BOD1,chr3R,+,27942584,27942778,27942587,27942778,27939706,27942133,566,"3,0,1","35,10,7","7,2,6","30,3,38",122,119,0.01200498674,0.1406298447,"0.077,0.0,0.122","0.185,0.394,0.133",-0.171
AGE0000729,AGE_SEX,6d,Ray Lab Data - 6d_significant.csv,2a03afd30c5fe86748a7a798b1919c9c79f3b37d69243d9babf1cecb8b44ced2,267,FBgn0033122;A3SS:chr2R:6988265-6988571:6988265-6988583:+,FBgn0033122;A3:2R:6988265-6988571:6988265-6988583:+,A3SS,chr2R,+,6988265-6988571:6988265-6988583,No,0.211,0.0123918473,0.1428934892,6d_male_vs_female,6d,A3SS,No,Higher inclusion in male,1045,FBgn0033122,CG17002,chr2R,+,6988570,6988922,6988582,6988922,6987780,6988265,1045,"19,4,43","12,2,10","8,3,50","19,2,38",131,119,0.0123918473,0.1428934892,"0.59,0.645,0.796","0.277,0.577,0.544",0.211
AGE0000730,AGE_SEX,6d,Ray Lab Data - 6d_significant.csv,2a03afd30c5fe86748a7a798b1919c9c79f3b37d69243d9babf1cecb8b44ced2,268,FBgn0262656;A3SS:chrX:3373723-3374940:3373723-3374944:+,FBgn0262656;A3:X:3373723-3374940:3373723-3374944:+,A3SS,chrX,+,3373723-3374940:3373723-3374944,No,0.038,0.01282877746,0.1456559656,6d_male_vs_female,6d,A3SS,No,Higher inclusion in male,489,FBgn0262656,Myc,chrX,+,3374939,3376233,3374943,3376233,3373158,3373723,489,"39,6,37","0,0,0","61,5,73","3,0,5",123,119,0.01282877746,0.1456559656,"1.0,1.0,1.0","0.952,1.0,0.934",0.038
AGE0000731,AGE_SEX,6d,Ray Lab Data - 6d_significant.csv,2a03afd30c5fe86748a7a798b1919c9c79f3b37d69243d9babf1cecb8b44ced2,269,FBgn0013765;A3SS:chr2R:13443158-13444428:13443128-13444428:-,FBgn0013765;A3:2R:13443158-13444428:13443128-13444428:-,A3SS,chr2R,-,13443158-13444428:13443128-13444428,No,0.049,0.0133245497,0.1475309619,6d_male_vs_female,6d,A3SS,No,Higher inclusion in male,1677,FBgn0013765,cnn,chr2R,-,13442933,13443158,13442933,13443128,13444427,13444694,1677,"0,0,8","48,7,37","0,0,0","45,10,84",149,119,0.0133245497,0.1475309619,"0.0,0.0,0.147","0.0,0.0,0.0",0.049
AGE0000732,AGE_SEX,6d,Ray Lab Data - 6d_significant.csv,2a03afd30c5fe86748a7a798b1919c9c79f3b37d69243d9babf1cecb8b44ced2,270,FBgn0037299;A3SS:chr3R:5226978-5227324:5226978-5227373:+,FBgn0037299;A3:3R:5226978-5227324:5226978-5227373:+,A3SS,chr3R,+,5226978-5227324:5226978-5227373,No,0.047,0.01339373231,0.1475309619,6d_male_vs_female,6d,A3SS,No,Higher inclusion in male,1001,FBgn0037299,Vps37B,chr3R,+,5227323,5227526,5227372,5227526,5226157,5226978,1001,"681,112,304","30,1,10","501,74,754","27,6,48",168,119,0.01339373231,0.1475309619,"0.941,0.988,0.956","0.929,0.897,0.918",0.047
AGE0000733,AGE_SEX,6d,Ray Lab Data - 6d_significant.csv,2a03afd30c5fe86748a7a798b1919c9c79f3b37d69243d9babf1cecb8b44ced2,271,FBgn0004587;A3SS:chr3R:13666248-13666356:13666248-13666419:+,FBgn0004587;A3:3R:13666248-13666356:13666248-13666419:+,A3SS,chr3R,+,13666248-13666356:13666248-13666419,No,0.095,0.01391142874,0.1509799178,6d_male_vs_female,6d,A3SS,No,Higher inclusion in male,667,FBgn0004587,B52,chr3R,+,13666355,13666891,13666418,13666891,13666083,13666248,667,"32,1,0","32,5,20","2,4,3","42,14,49",182,119,0.01391142874,0.1509799178,"0.395,0.116,0.0","0.03,0.157,0.038",0.095
AGE0000734,AGE_SEX,6d,Ray Lab Data - 6d_significant.csv,2a03afd30c5fe86748a7a798b1919c9c79f3b37d69243d9babf1cecb8b44ced2,272,FBgn0287585;A3SS:chr3L:20523284-20523352:20523281-20523352:-,FBgn0287585;A3:3L:20523284-20523352:20523281-20523352:-,A3SS,chr3L,-,20523284-20523352:20523281-20523352,No,-0.014,0.01427316391,0.1526607966,6d_male_vs_female,6d,A3SS,No,Higher inclusion in female,392,FBgn0287585,Pss,chr3L,-,20523202,20523284,20523202,20523281,20523351,20523562,392,"67,10,49","1,0,7","63,9,98","0,1,0",122,119,0.01427316391,0.1526607966,"0.985,1.0,0.872","1.0,0.898,1.0",-0.014
AGE0000735,AGE_SEX,6d,Ray Lab Data - 6d_significant.csv,2a03afd30c5fe86748a7a798b1919c9c79f3b37d69243d9babf1cecb8b44ced2,273,FBgn0026056;A3SS:chr3R:21018074-21018130:21018074-21018133:+,FBgn0026056;A3:3R:21018074-21018130:21018074-21018133:+,A3SS,chr3R,+,21018074-21018130:21018074-21018133,No,-0.009,0.01450547215,0.1529291206,6d_male_vs_female,6d,A3SS,No,Higher inclusion in female,1344,FBgn0026056,Rlip,chr3R,+,21018129,21019014,21018132,21019014,21017941,21018074,1344,"889,163,613","46,5,8","587,133,1326","1,5,36",122,119,0.01450547215,0.1529291206,"0.95,0.97,0.987","0.998,0.963,0.973",-0.009
AGE0000736,AGE_SEX,6d,Ray Lab Data - 6d_significant.csv,2a03afd30c5fe86748a7a798b1919c9c79f3b37d69243d9babf1cecb8b44ced2,274,FBgn0261934;A3SS:chr3L:6738098-6738704:6737672-6738704:-,FBgn0261934;A3:3L:6738098-6738704:6737672-6738704:-,A3SS,chr3L,-,6738098-6738704:6737672-6738704,No,-0.187,0.01738966476,0.1807545436,6d_male_vs_female,6d,A3SS,No,Higher inclusion in female,2403,FBgn0261934,dikar,chr3L,-,6737534,6738098,6737534,6737672,6738703,6739921,2403,"18,21,24","5,0,0","48,20,19","0,0,0",545,119,0.01738966476,0.1807545436,"0.44,1.0,1.0","1.0,1.0,1.0",-0.187
AGE0000737,AGE_SEX,6d,Ray Lab Data - 6d_significant.csv,2a03afd30c5fe86748a7a798b1919c9c79f3b37d69243d9babf1cecb8b44ced2,275,FBgn0037710;A3SS:chr3R:9562111-9562175:9562001-9562175:-,FBgn0037710;A3:3R:9562111-9562175:9562001-9562175:-,A3SS,chr3R,-,9562111-9562175:9562001-9562175,No,0.066,0.01866831431,0.1913502217,6d_male_vs_female,6d,A3SS,No,Higher inclusion in male,2408,FBgn0037710,CG9393,chr3R,-,9561582,9562111,9561582,9562001,9562174,9562570,2408,"0,0,8","43,1,15","0,0,2","6,3,57",229,119,0.01866831431,0.1913502217,"0.0,0.0,0.217","0.0,0.0,0.018",0.066
AGE0000738,AGE_SEX,6d,Ray Lab Data - 6d_significant.csv,2a03afd30c5fe86748a7a798b1919c9c79f3b37d69243d9babf1cecb8b44ced2,276,FBgn0034793;A3SS:chr2R:22887248-22887307:22887248-22887310:+,FBgn0034793;A3:2R:22887248-22887307:22887248-22887310:+,A3SS,chr2R,+,22887248-22887307:22887248-22887310,No,0.104,0.02007409948,0.2029408961,6d_male_vs_female,6d,A3SS,No,Higher inclusion in male,1006,FBgn0034793,asrij,chr2R,+,22887306,22887578,22887309,22887578,22886758,22887248,1006,"242,41,265","143,30,138","164,33,497","166,42,313",122,119,0.02007409948,0.2029408961,"0.623,0.571,0.652","0.491,0.434,0.608",0.104
AGE0000739,AGE_SEX,6d,Ray Lab Data - 6d_significant.csv,2a03afd30c5fe86748a7a798b1919c9c79f3b37d69243d9babf1cecb8b44ced2,277,FBgn0004611;A3SS:chr2L:343729-344024:343729-344042:+,FBgn0004611;A3:2L:343729-344024:343729-344042:+,A3SS,chr2L,+,343729-344024:343729-344042,No,-0.059,0.02172435832,0.2143391775,6d_male_vs_female,6d,A3SS,No,Higher inclusion in female,1384,FBgn0004611,Plc21C,chr2L,+,344023,344489,344041,344489,342865,343729,1384,"0,1,5","4,2,4","0,1,0","5,0,3",137,119,0.02172435832,0.2143391775,"0.0,0.303,0.521","0.0,1.0,0.0",-0.059
AGE0000740,AGE_SEX,6d,Ray Lab Data - 6d_significant.csv,2a03afd30c5fe86748a7a798b1919c9c79f3b37d69243d9babf1cecb8b44ced2,278,FBgn0031652;A3SS:chr2L:4948771-4948898:4948559-4948898:-,FBgn0031652;A3:2L:4948771-4948898:4948559-4948898:-,A3SS,chr2L,-,4948771-4948898:4948559-4948898,No,-0.047,0.02178243673,0.2143391775,6d_male_vs_female,6d,A3SS,No,Higher inclusion in female,611,FBgn0031652,jet,chr2L,-,4948205,4948771,4948205,4948559,4948897,4949784,611,"2,1,4","12,2,31","3,1,18","5,3,52",331,119,0.02178243673,0.2143391775,"0.057,0.152,0.044","0.177,0.107,0.111",-0.047
AGE0000741,AGE_SEX,6d,Ray Lab Data - 6d_significant.csv,2a03afd30c5fe86748a7a798b1919c9c79f3b37d69243d9babf1cecb8b44ced2,279,FBgn0027621;A3SS:chrX:19506237-19506293:19506237-19506483:+,FBgn0027621;A3:X:19506237-19506293:19506237-19506483:+,A3SS,chrX,+,19506237-19506293:19506237-19506483,No,0.333,0.0226221739,0.2145011315,6d_male_vs_female,6d,A3SS,No,Higher inclusion in male,118,FBgn0027621,Pfrx,chrX,+,19506292,19509350,19506482,19509350,19505912,19506237,118,"69,5,6","0,0,0","0,8,52","4,0,0",309,119,0.0226221739,0.2145011315,"1.0,1.0,1.0","0.0,1.0,1.0",0.333
AGE0000742,AGE_SEX,6d,Ray Lab Data - 6d_significant.csv,2a03afd30c5fe86748a7a798b1919c9c79f3b37d69243d9babf1cecb8b44ced2,280,FBgn0010825;A3SS:chr3L:8470379-8470431:8470379-8470440:+,FBgn0010825;A3:3L:8470379-8470431:8470379-8470440:+,A3SS,chr3L,+,8470379-8470431:8470379-8470440,No,0.267,0.0226708513,0.2145011315,6d_male_vs_female,6d,A3SS,No,Higher inclusion in male,355,FBgn0010825,Gug,chr3L,+,8470430,8470483,8470439,8470483,8470284,8470379,355,"36,5,0","1,8,11","0,5,0","15,4,11",128,119,0.0226708513,0.2145011315,"0.971,0.368,0.0","0.0,0.537,0.0",0.267
AGE0000743,AGE_SEX,6d,Ray Lab Data - 6d_significant.csv,2a03afd30c5fe86748a7a798b1919c9c79f3b37d69243d9babf1cecb8b44ced2,281,FBgn0042693;A3SS:chr3R:18167867-18169484:18167867-18169657:+,FBgn0042693;A3:3R:18167867-18169484:18167867-18169657:+,A3SS,chr3R,+,18167867-18169484:18167867-18169657,No,-0.229,0.02226896427,0.2145011315,6d_male_vs_female,6d,A3SS,No,Higher inclusion in female,699,FBgn0042693,wrd,chr3R,+,18169483,18170098,18169656,18170098,18167756,18167867,699,"35,12,29","7,7,1","26,5,76","3,0,3",292,119,0.02226896427,0.2145011315,"0.671,0.411,0.922","0.779,1.0,0.912",-0.229
AGE0000744,AGE_SEX,6d,Ray Lab Data - 6d_significant.csv,2a03afd30c5fe86748a7a798b1919c9c79f3b37d69243d9babf1cecb8b44ced2,282,FBgn0263391;A3SS:chr2R:19398805-19399026:19398799-19399026:-,FBgn0263391;A3:2R:19398805-19399026:19398799-19399026:-,A3SS,chr2R,-,19398805-19399026:19398799-19399026,No,0.046,0.02355687101,0.2200629216,6d_male_vs_female,6d,A3SS,No,Higher inclusion in male,430,FBgn0263391,hts,chr2R,-,19397334,19398805,19397334,19398799,19399025,19399093,430,"400,52,192","42,6,12","186,74,497","57,3,65",125,119,0.02355687101,0.2200629216,"0.901,0.892,0.938","0.756,0.959,0.879",0.046
AGE0000745,AGE_SEX,6d,Ray Lab Data - 6d_significant.csv,2a03afd30c5fe86748a7a798b1919c9c79f3b37d69243d9babf1cecb8b44ced2,283,FBgn0010415;A3SS:chr2R:21480378-21481014:21480356-21481014:-,FBgn0010415;A3:2R:21480378-21481014:21480356-21481014:-,A3SS,chr2R,-,21480378-21481014:21480356-21481014,No,0.272,0.02684058399,0.2476043873,6d_male_vs_female,6d,A3SS,No,Higher inclusion in male,1829,FBgn0010415,Sdc,chr2R,-,21480090,21480378,21480090,21480356,21481013,21481176,1829,"8,3,9","7,1,2","2,2,12","20,1,11",141,119,0.02684058399,0.2476043873,"0.491,0.717,0.792","0.078,0.628,0.479",0.272
AGE0000746,AGE_SEX,6d,Ray Lab Data - 6d_significant.csv,2a03afd30c5fe86748a7a798b1919c9c79f3b37d69243d9babf1cecb8b44ced2,284,FBgn0051140;A3SS:chr3R:23963233-23965800:23963233-23965805:+,FBgn0051140;A3:3R:23963233-23965800:23963233-23965805:+,A3SS,chr3R,+,23963233-23965800:23963233-23965805,No,-0.049,0.02763790773,0.2518120482,6d_male_vs_female,6d,A3SS,No,Higher inclusion in female,1142,FBgn0051140,CG31140,chr3R,+,23965799,23966702,23965804,23966702,23963179,23963233,1142,"14,3,17","0,0,6","14,1,15","0,0,2",124,119,0.02763790773,0.2518120482,"1.0,1.0,0.731","1.0,1.0,0.878",-0.049
AGE0000747,AGE_SEX,6d,Ray Lab Data - 6d_significant.csv,2a03afd30c5fe86748a7a798b1919c9c79f3b37d69243d9babf1cecb8b44ced2,285,FBgn0261793;A3SS:chrX:8409364-8410277:8409364-8410282:+,FBgn0261793;A3:X:8409364-8410277:8409364-8410282:+,A3SS,chrX,+,8409364-8410277:8409364-8410282,No,0.106,0.02859512489,0.257356124,6d_male_vs_female,6d,A3SS,No,Higher inclusion in male,1795,FBgn0261793,Trf2,chrX,+,8410276,8410689,8410281,8410689,8409271,8409364,1795,"18,3,40","3,0,4","10,1,49","4,0,17",124,119,0.02859512489,0.257356124,"0.852,1.0,0.906","0.706,1.0,0.734",0.106
AGE0000748,AGE_SEX,6d,Ray Lab Data - 6d_significant.csv,2a03afd30c5fe86748a7a798b1919c9c79f3b37d69243d9babf1cecb8b44ced2,286,FBgn0035424;A3SS:chr3L:3232239-3232298:3232239-3232301:+,FBgn0035424;A3:3L:3232239-3232298:3232239-3232301:+,A3SS,chr3L,+,3232239-3232298:3232239-3232301,No,0.058,0.03010116006,0.2676464594,6d_male_vs_female,6d,A3SS,No,Higher inclusion in male,1774,FBgn0035424,Larp4B,chr3L,+,3232297,3236604,3232300,3236604,3231908,3232239,1774,"79,24,16","2,0,5","23,19,28","6,1,6",122,119,0.03010116006,0.2676464594,"0.975,1.0,0.757","0.789,0.949,0.82",0.058
AGE0000749,AGE_SEX,6d,Ray Lab Data - 6d_significant.csv,2a03afd30c5fe86748a7a798b1919c9c79f3b37d69243d9babf1cecb8b44ced2,287,FBgn0030812;A3SS:chrX:17077467-17077681:17077440-17077681:-,FBgn0030812;A3:X:17077467-17077681:17077440-17077681:-,A3SS,chrX,-,17077467-17077681:17077440-17077681,No,0.115,0.03338309082,0.2864735003,6d_male_vs_female,6d,A3SS,No,Higher inclusion in male,1732,FBgn0030812,wcy,chrX,-,17076924,17077467,17076924,17077440,17077680,17077837,1732,"21,4,1","44,7,19","1,2,14","50,10,72",146,119,0.03338309082,0.2864735003,"0.28,0.318,0.041","0.016,0.14,0.137",0.115
AGE0000750,AGE_SEX,6d,Ray Lab Data - 6d_significant.csv,2a03afd30c5fe86748a7a798b1919c9c79f3b37d69243d9babf1cecb8b44ced2,288,FBgn0039928;A3SS:chr4:1115897-1115956:1115894-1115956:-,FBgn0039928;A3:4:1115897-1115956:1115894-1115956:-,A3SS,chr4,-,1115897-1115956:1115894-1115956,No,0.064,0.03333618014,0.2864735003,6d_male_vs_female,6d,A3SS,No,Higher inclusion in male,1038,FBgn0039928,Cals,chr4,-,1115254,1115897,1115254,1115894,1115955,1116079,1038,"15,3,15","37,11,33","3,3,20","54,5,84",122,119,0.03333618014,0.2864735003,"0.283,0.21,0.307","0.051,0.369,0.188",0.064
AGE0000751,AGE_SEX,6d,Ray Lab Data - 6d_significant.csv,2a03afd30c5fe86748a7a798b1919c9c79f3b37d69243d9babf1cecb8b44ced2,289,FBgn0261552;A3SS:chr3R:9439705-9440681:9439705-9441416:+,FBgn0261552;A3:3R:9439705-9440681:9439705-9441416:+,A3SS,chr3R,+,9439705-9440681:9439705-9441416,No,0.025,0.03287658712,0.2864735003,6d_male_vs_female,6d,A3SS,No,Higher inclusion in male,2487,FBgn0261552,ps,chr3R,+,9440680,9441665,9441415,9441665,9439345,9439705,2487,"182,38,269","0,0,0","89,38,614","0,0,7",854,119,0.03287658712,0.2864735003,"1.0,1.0,1.0","1.0,1.0,0.924",0.025
AGE0000752,AGE_SEX,6d,Ray Lab Data - 6d_significant.csv,2a03afd30c5fe86748a7a798b1919c9c79f3b37d69243d9babf1cecb8b44ced2,290,FBgn0024804;A3SS:chr3L:27420841-27420901:27420841-27420952:+,FBgn0024804;A3:3L:27420841-27420901:27420841-27420952:+,A3SS,chr3L,+,27420841-27420901:27420841-27420952,No,-0.013,0.03465775091,0.2939933353,6d_male_vs_female,6d,A3SS,No,Higher inclusion in female,1406,FBgn0024804,Dbp80,chr3L,+,27420900,27421014,27420951,27421014,27420678,27420841,1406,"401,136,472","20,4,9","428,101,1183","17,2,11",170,119,0.03465775091,0.2939933353,"0.933,0.96,0.973","0.946,0.972,0.987",-0.013
AGE0000753,AGE_SEX,6d,Ray Lab Data - 6d_significant.csv,2a03afd30c5fe86748a7a798b1919c9c79f3b37d69243d9babf1cecb8b44ced2,291,FBgn0034051;A3SS:chr2R:15936583-15938115:15936580-15938115:-,FBgn0034051;A3:2R:15936583-15938115:15936580-15938115:-,A3SS,chr2R,-,15936583-15938115:15936580-15938115,No,0.192,0.04356911733,0.3572667621,6d_male_vs_female,6d,A3SS,No,Higher inclusion in male,1882,FBgn0034051,Mlf,chr2R,-,15935892,15936583,15935892,15936580,15938114,15938267,1882,"18,3,8","11,5,4","8,2,22","9,5,45",122,119,0.04356911733,0.3572667621,"0.615,0.369,0.661","0.464,0.281,0.323",0.192
AGE0000754,AGE_SEX,6d,Ray Lab Data - 6d_significant.csv,2a03afd30c5fe86748a7a798b1919c9c79f3b37d69243d9babf1cecb8b44ced2,292,FBgn0039581;A3SS:chr3R:28341459-28341627:28341459-28342185:+,FBgn0039581;A3:3R:28341459-28341627:28341459-28342185:+,A3SS,chr3R,+,28341459-28341627:28341459-28342185,No,-0.052,0.04309276387,0.3572667621,6d_male_vs_female,6d,A3SS,No,Higher inclusion in female,560,FBgn0039581,Moca-cyp,chr3R,+,28341626,28342214,28342184,28342214,28341371,28341459,560,"193,62,75","108,24,110","185,41,259","107,21,94",677,119,0.04309276387,0.3572667621,"0.239,0.312,0.107","0.233,0.255,0.326",-0.052
AGE0000755,AGE_SEX,6d,Ray Lab Data - 6d_significant.csv,2a03afd30c5fe86748a7a798b1919c9c79f3b37d69243d9babf1cecb8b44ced2,293,FBgn0039690;A3SS:chr3R:29741369-29741698:29741369-29741768:+,FBgn0039690;A3:3R:29741369-29741698:29741369-29741768:+,A3SS,chr3R,+,29741369-29741698:29741369-29741768,No,-0.008,0.04354804265,0.3572667621,6d_male_vs_female,6d,A3SS,No,Higher inclusion in female,1405,FBgn0039690,Gnpnat,chr3R,+,29741697,29741904,29741767,29741904,29741149,29741369,1405,"97,14,33","286,43,378","79,7,151","223,50,501",189,119,0.04354804265,0.3572667621,"0.176,0.17,0.052","0.182,0.081,0.16",-0.008
AGE0000756,AGE_SEX,6d,Ray Lab Data - 6d_significant.csv,2a03afd30c5fe86748a7a798b1919c9c79f3b37d69243d9babf1cecb8b44ced2,294,FBgn0038063;A3SS:chr3R:12563119-12595395:12561804-12595395:-,FBgn0038063;A3:3R:12563119-12595395:12561804-12595395:-,A3SS,chr3R,-,12563119-12595395:12561804-12595395,No,0.05,0.04492438846,0.3643318537,6d_male_vs_female,6d,A3SS,No,Higher inclusion in male,1845,FBgn0038063,Octbeta2R,chr3R,-,12560400,12563119,12560400,12561804,12595394,12595725,1845,"873,179,572","166,46,329","632,198,1198","197,52,1253",1434,119,0.04492438846,0.3643318537,"0.304,0.244,0.126","0.21,0.24,0.074",0.05
AGE0000757,AGE_SEX,6d,Ray Lab Data - 6d_significant.csv,2a03afd30c5fe86748a7a798b1919c9c79f3b37d69243d9babf1cecb8b44ced2,295,FBgn0261258;A3SS:chr3L:21420362-21420441:21420362-21420465:+,FBgn0261258;A3:3L:21420362-21420441:21420362-21420465:+,A3SS,chr3L,+,21420362-21420441:21420362-21420465,No,-0.032,0.04548716519,0.3648861729,6d_male_vs_female,6d,A3SS,No,Higher inclusion in female,846,FBgn0261258,rgn,chr3L,+,21420440,21420689,21420464,21420689,21420250,21420362,846,"81,20,90","0,0,8","77,15,202","0,0,0",143,119,0.04548716519,0.3648861729,"1.0,1.0,0.903","1.0,1.0,1.0",-0.032
AGE0000758,AGE_SEX,6d,Ray Lab Data - 6d_significant.csv,2a03afd30c5fe86748a7a798b1919c9c79f3b37d69243d9babf1cecb8b44ced2,296,FBgn0032901;A3SS:chr2L:20917142-20918639:20917120-20918639:-,FBgn0032901;A3:2L:20917142-20918639:20917120-20918639:-,A3SS,chr2L,-,20917142-20918639:20917120-20918639,No,-0.044,0.04703515306,0.3732466985,6d_male_vs_female,6d,A3SS,No,Higher inclusion in female,1217,FBgn0032901,sky,chr2L,-,20916904,20917142,20916904,20917120,20918638,20918931,1217,"685,39,242","6,1,41","492,56,557","12,0,22",141,119,0.04703515306,0.3732466985,"0.99,0.971,0.833","0.972,1.0,0.955",-0.044
AGE0000759,AGE_SEX,6d,Ray Lab Data - 6d_significant.csv,2a03afd30c5fe86748a7a798b1919c9c79f3b37d69243d9babf1cecb8b44ced2,297,FBgn0010548;A3SS:chr2R:7467316-7467483:7467050-7467483:-,FBgn0010548;A3:2R:7467316-7467483:7467050-7467483:-,A3SS,chr2R,-,7467316-7467483:7467050-7467483,No,0.028,0.04857284468,0.381348504,6d_male_vs_female,6d,A3SS,No,Higher inclusion in male,1853,FBgn0010548,Aldh-III,chr2R,-,7466878,7467316,7466878,7467050,7467482,7467633,1853,"749,127,272","478,106,224","542,99,759","507,74,728",385,119,0.04857284468,0.381348504,"0.326,0.27,0.273","0.248,0.293,0.244",0.028
AGE0000760,AGE_SEX,6d,Ray Lab Data - 6d_significant.csv,2a03afd30c5fe86748a7a798b1919c9c79f3b37d69243d9babf1cecb8b44ced2,298,FBgn0086675;A5SS:chrX:12918013-12918577:12917814-12918577:+,FBgn0086675;A5:X:12918013-12918577:12917814-12918577:+,A5SS,chrX,+,12918013-12918577:12917814-12918577,Yes,-0.5,0,0,6d_male_vs_female,6d,A5SS,Yes,Higher inclusion in female,1632,FBgn0086675,fne,chrX,+,12917476,12918013,12917476,12917814,12918576,12919709,1632,"68,14,133","61,18,206","169,29,433","19,4,65",318,119,0,0,"0.294,0.225,0.195","0.769,0.731,0.714",-0.5
AGE0000761,AGE_SEX,6d,Ray Lab Data - 6d_significant.csv,2a03afd30c5fe86748a7a798b1919c9c79f3b37d69243d9babf1cecb8b44ced2,299,FBgn0003345;A5SS:chrX:15805177-15805558:15804913-15805558:+,FBgn0003345;A5:X:15805177-15805558:15804913-15805558:+,A5SS,chrX,+,15805177-15805558:15804913-15805558,Yes,0.11,0,0.0000000001680436346,6d_male_vs_female,6d,A5SS,Yes,Higher inclusion in male,1204,FBgn0003345,sd,chrX,+,15804369,15805177,15804369,15804913,15805557,15806321,1204,"1596,194,953","34,3,4","1105,135,2250","77,7,103",383,119,0,0.0000000001680436346,"0.936,0.953,0.987","0.817,0.857,0.872",0.11
AGE0000762,AGE_SEX,6d,Ray Lab Data - 6d_significant.csv,2a03afd30c5fe86748a7a798b1919c9c79f3b37d69243d9babf1cecb8b44ced2,300,FBgn0024277;A5SS:chr3L:1034065-1034498:1034065-1034763:-,FBgn0024277;A5:3L:1034065-1034498:1034065-1034763:-,A5SS,chr3L,-,1034065-1034498:1034065-1034763,Yes,0.681,0,0.0000000002996340676,6d_male_vs_female,6d,A5SS,Yes,Higher inclusion in male,670,FBgn0024277,trio,chr3L,-,1034497,1034875,1034762,1034875,1033649,1034065,670,"3,5,3","0,0,0","6,2,8","2,2,8",384,119,0,0.0000000002996340676,"1.0,1.0,1.0","0.482,0.237,0.237",0.681
AGE0000763,AGE_SEX,6d,Ray Lab Data - 6d_significant.csv,2a03afd30c5fe86748a7a798b1919c9c79f3b37d69243d9babf1cecb8b44ced2,301,FBgn0020445;A5SS:chr2L:3353714-3353839:3353714-3354474:-,FBgn0020445;A5:2L:3353714-3353839:3353714-3354474:-,A5SS,chr2L,-,3353714-3353839:3353714-3354474,Yes,0.891,0,0.00000001120180904,6d_male_vs_female,6d,A5SS,Yes,Higher inclusion in male,647,FBgn0020445,E23,chr2L,-,3353838,3354829,3354473,3354829,3352475,3353714,647,"13,2,1","1,0,0","0,0,0","2,1,1",754,119,0,0.00000001120180904,"0.672,1.0,1.0","0.0,0.0,0.0",0.891
AGE0000764,AGE_SEX,6d,Ray Lab Data - 6d_significant.csv,2a03afd30c5fe86748a7a798b1919c9c79f3b37d69243d9babf1cecb8b44ced2,302,FBgn0261822;A5SS:chr2L:8088516-8089394:8088453-8089394:+,FBgn0261822;A5:2L:8088516-8089394:8088453-8089394:+,A5SS,chr2L,+,8088516-8089394:8088453-8089394,Yes,0.491,0.00000001267263983,0.000001528637179,6d_male_vs_female,6d,A5SS,Yes,Higher inclusion in male,836,FBgn0261822,Bsg,chr2L,+,8088303,8088516,8088303,8088453,8089393,8089736,836,"11,3,3","0,0,0","10,5,28","9,3,13",182,119,0.00000001267263983,0.000001528637179,"1.0,1.0,1.0","0.421,0.521,0.585",0.491
AGE0000765,AGE_SEX,6d,Ray Lab Data - 6d_significant.csv,2a03afd30c5fe86748a7a798b1919c9c79f3b37d69243d9babf1cecb8b44ced2,303,FBgn0037299;A5SS:chr3R:5226995-5227324:5226978-5227324:+,FBgn0037299;A5:3R:5226995-5227324:5226978-5227324:+,A5SS,chr3R,+,5226995-5227324:5226978-5227324,Yes,0.16,0.000001056090605,0.0001132363816,6d_male_vs_female,6d,A5SS,Yes,Higher inclusion in male,914,FBgn0037299,Vps37B,chr3R,+,5226157,5226995,5226157,5226978,5227323,5227526,914,"37,12,54","120,42,93","4,3,63","208,31,264",136,119,0.000001056090605,0.0001132363816,"0.212,0.2,0.337","0.017,0.078,0.173",0.16
AGE0000766,AGE_SEX,6d,Ray Lab Data - 6d_significant.csv,2a03afd30c5fe86748a7a798b1919c9c79f3b37d69243d9babf1cecb8b44ced2,304,FBgn0053517;A5SS:chrX:20007764-20008830:20007764-20008854:-,FBgn0053517;A5:X:20007764-20008830:20007764-20008854:-,A5SS,chrX,-,20007764-20008830:20007764-20008854,Yes,0.261,0.000002005443097,0.0001759320535,6d_male_vs_female,6d,A5SS,Yes,Higher inclusion in male,2319,FBgn0053517,Dop2R,chrX,-,20008829,20009129,20008853,20009129,20007629,20007764,2319,"2,4,1","0,0,0","16,8,14","8,0,8",143,119,0.000002005443097,0.0001759320535,"1.0,1.0,1.0","0.625,1.0,0.593",0.261
AGE0000767,AGE_SEX,6d,Ray Lab Data - 6d_significant.csv,2a03afd30c5fe86748a7a798b1919c9c79f3b37d69243d9babf1cecb8b44ced2,305,FBgn0045800;A5SS:chr2R:17699449-17699858:17699444-17699858:+,FBgn0045800;A5:2R:17699449-17699858:17699444-17699858:+,A5SS,chr2R,+,17699449-17699858:17699444-17699858,Yes,-0.227,0.000002749656919,0.0002211182439,6d_male_vs_female,6d,A5SS,Yes,Higher inclusion in female,1733,FBgn0045800,Uhg1,chr2R,+,17699350,17699449,17699350,17699444,17699857,17699897,1733,"34,5,35","15,1,13","34,3,78","0,0,7",124,119,0.000002749656919,0.0002211182439,"0.685,0.828,0.721","1.0,1.0,0.914",-0.227
AGE0000768,AGE_SEX,6d,Ray Lab Data - 6d_significant.csv,2a03afd30c5fe86748a7a798b1919c9c79f3b37d69243d9babf1cecb8b44ced2,306,FBgn0010825;A5SS:chr3L:8469691-8470154:8469682-8470154:+,FBgn0010825;A5:3L:8469691-8470154:8469682-8470154:+,A5SS,chr3L,+,8469691-8470154:8469682-8470154,Yes,0.491,0.00001306021161,0.0009694695541,6d_male_vs_female,6d,A5SS,Yes,Higher inclusion in male,333,FBgn0010825,Gug,chr3L,+,8469564,8469691,8469564,8469682,8470153,8470187,333,"6,3,0","2,1,7","0,0,0","4,1,9",128,119,0.00001306021161,0.0009694695541,"0.736,0.736,0.0","0.0,0.0,0.0",0.491
AGE0000769,AGE_SEX,6d,Ray Lab Data - 6d_significant.csv,2a03afd30c5fe86748a7a798b1919c9c79f3b37d69243d9babf1cecb8b44ced2,307,FBgn0261617;A5SS:chrX:9684151-9685503:9684151-9685550:-,FBgn0261617;A5:X:9684151-9685503:9684151-9685550:-,A5SS,chrX,-,9684151-9685503:9684151-9685550,Yes,0.19,0.0000185399104,0.001277929538,6d_male_vs_female,6d,A5SS,Yes,Higher inclusion in male,2087,FBgn0261617,nej,chrX,-,9685502,9685667,9685549,9685667,9682551,9684151,2087,"34,14,36","0,0,2","23,13,100","9,2,9",166,119,0.0000185399104,0.001277929538,"1.0,1.0,0.928","0.647,0.823,0.888",0.19
AGE0000770,AGE_SEX,6d,Ray Lab Data - 6d_significant.csv,2a03afd30c5fe86748a7a798b1919c9c79f3b37d69243d9babf1cecb8b44ced2,308,FBgn0030669;A5SS:chrX:15700807-15700905:15700807-15700989:-,FBgn0030669;A5:X:15700807-15700905:15700807-15700989:-,A5SS,chrX,-,15700807-15700905:15700807-15700989,Yes,-0.333,0.0000222930285,0.001434184834,6d_male_vs_female,6d,A5SS,Yes,Higher inclusion in female,157,FBgn0030669,CG9240,chrX,-,15700904,15701259,15700988,15701259,15700171,15700807,157,"0,0,1","1,1,0","2,0,3","0,1,0",203,119,0.0000222930285,0.001434184834,"0.0,0.0,1.0","1.0,0.0,1.0",-0.333
AGE0000771,AGE_SEX,6d,Ray Lab Data - 6d_significant.csv,2a03afd30c5fe86748a7a798b1919c9c79f3b37d69243d9babf1cecb8b44ced2,309,FBgn0053516;A5SS:chr2L:2095172-2109726:2095172-2109819:-,FBgn0053516;A5:2L:2095172-2109726:2095172-2109819:-,A5SS,chr2L,-,2095172-2109726:2095172-2109819,Yes,0.145,0.0001218019717,0.006010353472,6d_male_vs_female,6d,A5SS,Yes,Higher inclusion in male,2206,FBgn0053516,dpr3,chr2L,-,2109725,2109878,2109818,2109878,2094412,2095172,2206,"1,2,9","0,0,0","1,2,23","0,0,10",212,119,0.0001218019717,0.006010353472,"1.0,1.0,1.0","1.0,1.0,0.564",0.145
AGE0000772,AGE_SEX,6d,Ray Lab Data - 6d_significant.csv,2a03afd30c5fe86748a7a798b1919c9c79f3b37d69243d9babf1cecb8b44ced2,310,FBgn0020496;A5SS:chr3R:13025044-13025389:13025029-13025389:+,FBgn0020496;A5:3R:13025044-13025389:13025029-13025389:+,A5SS,chr3R,+,13025044-13025389:13025029-13025389,Yes,-0.115,0.0001341422599,0.006164156228,6d_male_vs_female,6d,A5SS,Yes,Higher inclusion in female,2229,FBgn0020496,CtBP,chr3R,+,13024799,13025044,13024799,13025029,13025388,13026275,2229,"97,20,50","15,4,11","91,12,134","3,1,8",134,119,0.0001341422599,0.006164156228,"0.852,0.816,0.801","0.964,0.914,0.937",-0.115
AGE0000773,AGE_SEX,6d,Ray Lab Data - 6d_significant.csv,2a03afd30c5fe86748a7a798b1919c9c79f3b37d69243d9babf1cecb8b44ced2,311,FBgn0261836;A5SS:chr2L:5139015-5139359:5127057-5139359:+,FBgn0261836;A5:2L:5139015-5139359:5127057-5139359:+,A5SS,chr2L,+,5139015-5139359:5127057-5139359,Yes,-0.582,0.000153500798,0.006641766498,6d_male_vs_female,6d,A5SS,Yes,Higher inclusion in female,887,FBgn0261836,Msp300,chr2L,+,5125827,5139015,5125827,5127057,5139358,5139673,887,"41,20,20","0,1,2","68,34,8","0,0,0",12077,119,0.000153500798,0.006641766498,"1.0,0.165,0.09","1.0,1.0,1.0",-0.582
AGE0000774,AGE_SEX,6d,Ray Lab Data - 6d_significant.csv,2a03afd30c5fe86748a7a798b1919c9c79f3b37d69243d9babf1cecb8b44ced2,312,FBgn0022238;A5SS:chr2R:18156165-18157846:18156165-18157942:-,FBgn0022238;A5:2R:18156165-18157846:18156165-18157942:-,A5SS,chr2R,-,18156165-18157846:18156165-18157942,Yes,0.111,0.0002178953521,0.008087269799,6d_male_vs_female,6d,A5SS,Yes,Higher inclusion in male,1729,FBgn0022238,lolal,chr2R,-,18157845,18158018,18157941,18158018,18155891,18156165,1729,"9,1,11","0,0,0","6,3,29","0,0,8",215,119,0.0002178953521,0.008087269799,"1.0,1.0,1.0","1.0,1.0,0.667",0.111
AGE0000775,AGE_SEX,6d,Ray Lab Data - 6d_significant.csv,2a03afd30c5fe86748a7a798b1919c9c79f3b37d69243d9babf1cecb8b44ced2,313,FBgn0261244;A5SS:chrX:13805643-13806532:13805475-13806532:+,FBgn0261244;A5:X:13805643-13806532:13805475-13806532:+,A5SS,chrX,+,13805643-13806532:13805475-13806532,Yes,0.236,0.0003996788572,0.01329965853,6d_male_vs_female,6d,A5SS,Yes,Higher inclusion in male,2527,FBgn0261244,inaE,chrX,+,13805451,13805643,13805451,13805475,13806531,13807627,2527,"1,0,7","0,1,0","0,1,3","4,0,3",287,119,0.0003996788572,0.01329965853,"1.0,0.0,1.0","0.0,1.0,0.293",0.236
AGE0000776,AGE_SEX,6d,Ray Lab Data - 6d_significant.csv,2a03afd30c5fe86748a7a798b1919c9c79f3b37d69243d9babf1cecb8b44ced2,314,FBgn0266598;A5SS:chr3R:8000872-8000920:8000872-8000926:-,FBgn0266598;A5:3R:8000872-8000920:8000872-8000926:-,A5SS,chr3R,-,8000872-8000920:8000872-8000926,Yes,-0.572,0.0006798766477,0.01988124137,6d_male_vs_female,6d,A5SS,Yes,Higher inclusion in female,269,FBgn0266598,Kmn2,chr3R,-,8000919,8001015,8000925,8001015,8000547,8000872,269,"4,0,3","13,2,13","9,3,17","6,0,14",125,119,0.0006798766477,0.01988124137,"0.227,0.0,0.18","0.588,1.0,0.536",-0.572
AGE0000777,AGE_SEX,6d,Ray Lab Data - 6d_significant.csv,2a03afd30c5fe86748a7a798b1919c9c79f3b37d69243d9babf1cecb8b44ced2,315,FBgn0051092;A5SS:chr3R:25700026-25700997:25700026-25701309:-,FBgn0051092;A5:3R:25700026-25700997:25700026-25701309:-,A5SS,chr3R,-,25700026-25700997:25700026-25701309,Yes,0.321,0.0008790084142,0.02189617992,6d_male_vs_female,6d,A5SS,Yes,Higher inclusion in male,1376,FBgn0051092,LpR2,chr3R,-,25700996,25701455,25701308,25701455,25699223,25700026,1376,"297,69,197","57,7,0","152,50,348","73,32,43",431,119,0.0008790084142,0.02189617992,"0.59,0.731,1.0","0.365,0.301,0.691",0.321
AGE0000778,AGE_SEX,6d,Ray Lab Data - 6d_significant.csv,2a03afd30c5fe86748a7a798b1919c9c79f3b37d69243d9babf1cecb8b44ced2,316,FBgn0030478;A5SS:chrX:13371526-13373863:13371367-13373863:+,FBgn0030478;A5:X:13371526-13373863:13371367-13373863:+,A5SS,chrX,+,13371526-13373863:13371367-13373863,Yes,0.212,0.0008849233337,0.02189617992,6d_male_vs_female,6d,A5SS,Yes,Higher inclusion in male,1360,FBgn0030478,Alat,chrX,+,13370994,13371526,13370994,13371367,13373862,13374103,1360,"29,6,3","0,0,0","2,5,20","0,0,15",278,119,0.0008849233337,0.02189617992,"1.0,1.0,1.0","1.0,1.0,0.363",0.212
AGE0000779,AGE_SEX,6d,Ray Lab Data - 6d_significant.csv,2a03afd30c5fe86748a7a798b1919c9c79f3b37d69243d9babf1cecb8b44ced2,317,FBgn0261550;A5SS:chr3R:20320874-20321476:20320451-20321476:+,FBgn0261550;A5:3R:20320874-20321476:20320451-20321476:+,A5SS,chr3R,+,20320874-20321476:20320451-20321476,Yes,0.451,0.001321150195,0.03035499852,6d_male_vs_female,6d,A5SS,Yes,Higher inclusion in male,1732,FBgn0261550,Orp8,chr3R,+,20320214,20320874,20320214,20320451,20321475,20321636,1732,"7,1,5","0,0,0","4,3,3","1,0,3",542,119,0.001321150195,0.03035499852,"1.0,1.0,1.0","0.468,1.0,0.18",0.451
AGE0000780,AGE_SEX,6d,Ray Lab Data - 6d_significant.csv,2a03afd30c5fe86748a7a798b1919c9c79f3b37d69243d9babf1cecb8b44ced2,318,FBgn0032156;A5SS:chr2L:9907783-9908308:9907783-9908425:-,FBgn0032156;A5:2L:9907783-9908308:9907783-9908425:-,A5SS,chr2L,-,9907783-9908308:9907783-9908425,Yes,0.171,0.001263400455,0.03035499852,6d_male_vs_female,6d,A5SS,Yes,Higher inclusion in male,1736,FBgn0032156,CG13124,chr2L,-,9908307,9908633,9908424,9908633,9907607,9907783,1736,"34,10,24","0,0,0","32,4,63","0,1,7",236,119,0.001263400455,0.03035499852,"1.0,1.0,1.0","1.0,0.669,0.819",0.171
AGE0000781,AGE_SEX,6d,Ray Lab Data - 6d_significant.csv,2a03afd30c5fe86748a7a798b1919c9c79f3b37d69243d9babf1cecb8b44ced2,319,FBgn0051716;A5SS:chr2L:10399712-10399768:10399688-10399768:+,FBgn0051716;A5:2L:10399712-10399768:10399688-10399768:+,A5SS,chr2L,+,10399712-10399768:10399688-10399768,Yes,-0.337,0.001791161274,0.03841045843,6d_male_vs_female,6d,A5SS,Yes,Higher inclusion in female,906,FBgn0051716,Cnot4,chr2L,+,10399594,10399712,10399594,10399688,10399767,10400679,906,"16,12,5","16,7,20","54,9,67","30,2,11",143,119,0.001791161274,0.03841045843,"0.454,0.588,0.172","0.6,0.789,0.835",-0.337
AGE0000782,AGE_SEX,6d,Ray Lab Data - 6d_significant.csv,2a03afd30c5fe86748a7a798b1919c9c79f3b37d69243d9babf1cecb8b44ced2,320,FBgn0051278;A5SS:chr3R:10707786-10707847:10707786-10707858:-,FBgn0051278;A5:3R:10707786-10707847:10707786-10707858:-,A5SS,chr3R,-,10707786-10707847:10707786-10707858,Yes,0.429,0.002091699455,0.04036979948,6d_male_vs_female,6d,A5SS,Yes,Higher inclusion in male,2217,FBgn0051278,CG31278,chr3R,-,10707846,10708340,10707857,10708340,10707397,10707786,2217,"0,1,5","1,0,1","0,0,5","1,1,4",130,119,0.002091699455,0.04036979948,"0.0,1.0,0.821","0.0,0.0,0.534",0.429
AGE0000783,AGE_SEX,6d,Ray Lab Data - 6d_significant.csv,2a03afd30c5fe86748a7a798b1919c9c79f3b37d69243d9babf1cecb8b44ced2,321,FBgn0010263;A5SS:chr2L:2960839-2960895:2960835-2960895:+,FBgn0010263;A5:2L:2960839-2960895:2960835-2960895:+,A5SS,chr2L,+,2960839-2960895:2960835-2960895,Yes,-0.213,0.002456987763,0.04559602291,6d_male_vs_female,6d,A5SS,Yes,Higher inclusion in female,2203,FBgn0010263,Rbp9,chr2L,+,2960689,2960839,2960689,2960835,2960894,2960986,2203,"0,0,0","12,3,9","20,0,0","11,3,24",123,119,0.002456987763,0.04559602291,"0.0,0.0,0.0","0.638,0.0,0.0",-0.213
AGE0000784,AGE_SEX,6d,Ray Lab Data - 6d_significant.csv,2a03afd30c5fe86748a7a798b1919c9c79f3b37d69243d9babf1cecb8b44ced2,322,FBgn0004636;A5SS:chr3L:1861676-1861930:1861676-1862061:-,FBgn0004636;A5:3L:1861676-1861930:1861676-1862061:-,A5SS,chr3L,-,1861676-1861930:1861676-1862061,No,0.058,0,0.0000000001854890315,6d_male_vs_female,6d,A5SS,No,Higher inclusion in male,207,FBgn0004636,Rap1,chr3L,-,1861929,1862239,1862060,1862239,1859114,1861676,207,"27,12,29","243,46,482","0,1,9","153,41,999",250,119,0,0.0000000001854890315,"0.05,0.11,0.028","0.0,0.011,0.004",0.058
AGE0000785,AGE_SEX,6d,Ray Lab Data - 6d_significant.csv,2a03afd30c5fe86748a7a798b1919c9c79f3b37d69243d9babf1cecb8b44ced2,323,FBgn0027932;A5SS:chr2L:8429462-8430281:8428067-8430281:+,FBgn0027932;A5:2L:8429462-8430281:8428067-8430281:+,A5SS,chr2L,+,8429462-8430281:8428067-8430281,No,-0.015,0.0000000003060209863,0.0000000492183753,6d_male_vs_female,6d,A5SS,No,Higher inclusion in female,793,FBgn0027932,Akap200,chr2L,+,8427614,8429462,8427614,8428067,8430280,8430977,793,"25,11,39","248,84,302","85,15,215","274,53,620",1514,119,0.0000000003060209863,0.0000000492183753,"0.008,0.01,0.01","0.024,0.022,0.027",-0.015
AGE0000786,AGE_SEX,6d,Ray Lab Data - 6d_significant.csv,2a03afd30c5fe86748a7a798b1919c9c79f3b37d69243d9babf1cecb8b44ced2,324,FBgn0030897;A5SS:chrX:18155732-18161013:18155594-18161013:+,FBgn0030897;A5:X:18155732-18161013:18155594-18161013:+,A5SS,chrX,+,18155732-18161013:18155594-18161013,No,0.05,0.000000006707886246,0.0000009247300325,6d_male_vs_female,6d,A5SS,No,Higher inclusion in male,2369,FBgn0030897,Frq1,chrX,+,18155368,18155732,18155368,18155594,18161012,18161292,2369,"1323,283,1577","28,16,57","1288,219,3731","72,12,335",257,119,0.000000006707886246,0.0000009247300325,"0.956,0.891,0.928","0.892,0.894,0.838",0.05
AGE0000787,AGE_SEX,6d,Ray Lab Data - 6d_significant.csv,2a03afd30c5fe86748a7a798b1919c9c79f3b37d69243d9babf1cecb8b44ced2,325,FBgn0000179;A5SS:chrX:4427539-4428198:4427352-4428198:+,FBgn0000179;A5:X:4427539-4428198:4427352-4428198:+,A5SS,chrX,+,4427539-4428198:4427352-4428198,No,0.055,0.000001742930105,0.0001681927551,6d_male_vs_female,6d,A5SS,No,Higher inclusion in male,1135,FBgn0000179,bi,chrX,+,4427134,4427539,4427134,4427352,4428197,4429498,1135,"833,120,840","13,4,9","672,76,2010","29,4,79",306,119,0.000001742930105,0.0001681927551,"0.961,0.921,0.973","0.9,0.881,0.908",0.055
AGE0000788,AGE_SEX,6d,Ray Lab Data - 6d_significant.csv,2a03afd30c5fe86748a7a798b1919c9c79f3b37d69243d9babf1cecb8b44ced2,326,FBgn0016976;A5SS:chrX:22995914-23004550:22995914-23004612:-,FBgn0016976;A5:X:22995914-23004550:22995914-23004612:-,A5SS,chrX,-,22995914-23004550:22995914-23004612,No,-0.034,0.00002624604161,0.001582964384,6d_male_vs_female,6d,A5SS,No,Higher inclusion in female,2388,FBgn0016976,stnA,chrX,-,23004549,23004648,23004611,23004648,22994483,22995914,2388,"97,22,234","2098,275,1017","153,25,728","1301,186,2500",181,119,0.00002624604161,0.001582964384,"0.03,0.05,0.131","0.072,0.081,0.161",-0.034
AGE0000789,AGE_SEX,6d,Ray Lab Data - 6d_significant.csv,2a03afd30c5fe86748a7a798b1919c9c79f3b37d69243d9babf1cecb8b44ced2,327,FBgn0033005;A5SS:chr2R:5090742-5091872:5090641-5091872:+,FBgn0033005;A5:2R:5090742-5091872:5090641-5091872:+,A5SS,chr2R,+,5090742-5091872:5090641-5091872,No,0.046,0.0000290592286,0.001649538565,6d_male_vs_female,6d,A5SS,No,Higher inclusion in male,2188,FBgn0033005,CG3107,chr2R,+,5090580,5090742,5090580,5090641,5091871,5092476,2188,"10,2,26","52,7,62","2,1,9","35,2,145",220,119,0.0000290592286,0.001649538565,"0.094,0.134,0.185","0.03,0.213,0.032",0.046
AGE0000790,AGE_SEX,6d,Ray Lab Data - 6d_significant.csv,2a03afd30c5fe86748a7a798b1919c9c79f3b37d69243d9babf1cecb8b44ced2,328,FBgn0035397;A5SS:chr3L:3071307-3073081:3071297-3073081:+,FBgn0035397;A5:3L:3071307-3073081:3071297-3073081:+,A5SS,chr3L,+,3071307-3073081:3071297-3073081,No,0.094,0.00007031140364,0.003769472473,6d_male_vs_female,6d,A5SS,No,Higher inclusion in male,376,FBgn0035397,PAN3,chr3L,+,3071132,3071307,3071132,3071297,3073080,3073478,376,"57,8,58","3,0,0","38,7,207","12,0,17",129,119,0.00007031140364,0.003769472473,"0.946,1.0,1.0","0.745,1.0,0.918",0.094
AGE0000791,AGE_SEX,6d,Ray Lab Data - 6d_significant.csv,2a03afd30c5fe86748a7a798b1919c9c79f3b37d69243d9babf1cecb8b44ced2,329,FBgn0000479;A5SS:chrX:3190576-3245073:3189811-3245073:+,FBgn0000479;A5:X:3190576-3245073:3189811-3245073:+,A5SS,chrX,+,3190576-3245073:3189811-3245073,No,0.045,0.0001245669113,0.006010353472,6d_male_vs_female,6d,A5SS,No,Higher inclusion in male,1172,FBgn0000479,Pde4,chrX,+,3189533,3190576,3189533,3189811,3245072,3246195,1172,"675,151,443","0,0,0","764,153,1310","13,0,4",884,119,0.0001245669113,0.006010353472,"1.0,1.0,1.0","0.888,1.0,0.978",0.045
AGE0000792,AGE_SEX,6d,Ray Lab Data - 6d_significant.csv,2a03afd30c5fe86748a7a798b1919c9c79f3b37d69243d9babf1cecb8b44ced2,330,FBgn0086674;A5SS:chrX:13586092-13589922:13586054-13589922:+,FBgn0086674;A5:X:13586092-13589922:13586054-13589922:+,A5SS,chrX,+,13586092-13589922:13586054-13589922,No,0.079,0.00016518383,0.006641766498,6d_male_vs_female,6d,A5SS,No,Higher inclusion in male,2447,FBgn0086674,Tpst,chrX,+,13585893,13586092,13585893,13586054,13589921,13590570,2447,"47,23,76","3,0,1","52,7,133","10,0,15",157,119,0.00016518383,0.006641766498,"0.922,1.0,0.983","0.798,1.0,0.87",0.079
AGE0000793,AGE_SEX,6d,Ray Lab Data - 6d_significant.csv,2a03afd30c5fe86748a7a798b1919c9c79f3b37d69243d9babf1cecb8b44ced2,331,FBgn0035639;A5SS:chr3L:5811979-5812065:5811918-5812065:+,FBgn0035639;A5:3L:5811979-5812065:5811918-5812065:+,A5SS,chr3L,+,5811979-5812065:5811918-5812065,No,-0.032,0.0001596654928,0.006641766498,6d_male_vs_female,6d,A5SS,No,Higher inclusion in female,973,FBgn0035639,kri,chr3L,+,5811385,5811979,5811385,5811918,5812064,5812228,973,"985,163,816","31,8,5","974,176,1494","7,0,15",180,119,0.0001596654928,0.006641766498,"0.955,0.931,0.991","0.989,1.0,0.985",-0.032
AGE0000794,AGE_SEX,6d,Ray Lab Data - 6d_significant.csv,2a03afd30c5fe86748a7a798b1919c9c79f3b37d69243d9babf1cecb8b44ced2,332,FBgn0004370;A5SS:chrX:11622357-11623753:11622185-11623753:+,FBgn0004370;A5:X:11622357-11623753:11622185-11623753:+,A5SS,chrX,+,11622357-11623753:11622185-11623753,No,-0.071,0.0002161505705,0.008087269799,6d_male_vs_female,6d,A5SS,No,Higher inclusion in female,1936,FBgn0004370,Ptp10D,chrX,+,11622014,11622357,11622014,11622185,11623752,11624216,1936,"157,41,157","5,0,18","116,61,370","0,1,6",291,119,0.0002161505705,0.008087269799,"0.928,1.0,0.781","1.0,0.961,0.962",-0.071
AGE0000795,AGE_SEX,6d,Ray Lab Data - 6d_significant.csv,2a03afd30c5fe86748a7a798b1919c9c79f3b37d69243d9babf1cecb8b44ced2,333,FBgn0085370;A5SS:chr2L:18547044-18562824:18547044-18562883:-,FBgn0085370;A5:2L:18547044-18562824:18547044-18562883:-,A5SS,chr2L,-,18547044-18562824:18547044-18562883,No,0.029,0.0002724408267,0.009737236956,6d_male_vs_female,6d,A5SS,No,Higher inclusion in male,1168,FBgn0085370,Pde11,chr2L,-,18562823,18563172,18562882,18563172,18546524,18547044,1168,"3,6,16","0,1,0","3,1,41","0,0,11",178,119,0.0002724408267,0.009737236956,"1.0,0.8,1.0","1.0,1.0,0.714",0.029
AGE0000796,AGE_SEX,6d,Ray Lab Data - 6d_significant.csv,2a03afd30c5fe86748a7a798b1919c9c79f3b37d69243d9babf1cecb8b44ced2,334,FBgn0287461;A5SS:chr2L:23176920-23176984:23176373-23176984:+,FBgn0287461;A5:2L:23176920-23176984:23176373-23176984:+,A5SS,chr2L,+,23176920-23176984:23176373-23176984,No,0.061,0.0003735947241,0.01287567531,6d_male_vs_female,6d,A5SS,No,Higher inclusion in male,1349,FBgn0287461,lncRNA:CR46450,chr2L,+,23176302,23176920,23176302,23176373,23176983,23177906,1349,"125,20,106","0,0,1","118,14,183","0,0,10",666,119,0.0003735947241,0.01287567531,"1.0,1.0,0.95","1.0,1.0,0.766",0.061
AGE0000797,AGE_SEX,6d,Ray Lab Data - 6d_significant.csv,2a03afd30c5fe86748a7a798b1919c9c79f3b37d69243d9babf1cecb8b44ced2,335,FBgn0085370;A5SS:chr2L:18547044-18562710:18547044-18562883:-,FBgn0085370;A5:2L:18547044-18562710:18547044-18562883:-,A5SS,chr2L,-,18547044-18562710:18547044-18562883,No,-0.013,0.0004504800529,0.0144904417,6d_male_vs_female,6d,A5SS,No,Higher inclusion in female,1167,FBgn0085370,Pde11,chr2L,-,18562709,18563172,18562882,18563172,18546524,18547044,1167,"55,10,33","0,1,0","14,13,145","0,0,11",292,119,0.0004504800529,0.0144904417,"1.0,0.803,1.0","1.0,1.0,0.843",-0.013
AGE0000798,AGE_SEX,6d,Ray Lab Data - 6d_significant.csv,2a03afd30c5fe86748a7a798b1919c9c79f3b37d69243d9babf1cecb8b44ced2,336,FBgn0003435;A5SS:chr2R:19546059-19564441:19546059-19564462:-,FBgn0003435;A5:2R:19546059-19564441:19546059-19564462:-,A5SS,chr2R,-,19546059-19564441:19546059-19564462,No,0.073,0.0006019728623,0.01873883265,6d_male_vs_female,6d,A5SS,No,Higher inclusion in male,1962,FBgn0003435,sm,chr2R,-,19564440,19564512,19564461,19564512,19546011,19546059,1962,"69,7,29","0,0,0","51,14,65","0,1,9",140,119,0.0006019728623,0.01873883265,"1.0,1.0,1.0","1.0,0.922,0.86",0.073
AGE0000799,AGE_SEX,6d,Ray Lab Data - 6d_significant.csv,2a03afd30c5fe86748a7a798b1919c9c79f3b37d69243d9babf1cecb8b44ced2,337,FBgn0038165;A5SS:chr3R:13672816-13673098:13672816-13674146:-,FBgn0038165;A5:3R:13672816-13673098:13672816-13674146:-,A5SS,chr3R,-,13672816-13673098:13672816-13674146,No,-0.03,0.0006700451939,0.01988124137,6d_male_vs_female,6d,A5SS,No,Higher inclusion in female,688,FBgn0038165,Task6,chr3R,-,13673097,13674542,13674145,13674542,13671974,13672816,688,"8,12,34","82,29,148","37,2,101","28,15,331",1167,119,0.0006700451939,0.01988124137,"0.01,0.04,0.023","0.119,0.013,0.03",-0.03
AGE0000800,AGE_SEX,6d,Ray Lab Data - 6d_significant.csv,2a03afd30c5fe86748a7a798b1919c9c79f3b37d69243d9babf1cecb8b44ced2,338,FBgn0259923;A5SS:chrX:16694419-16694614:16694419-16694831:-,FBgn0259923;A5:X:16694419-16694614:16694419-16694831:-,A5SS,chrX,-,16694419-16694614:16694419-16694831,No,0.036,0.0007651994346,0.02079380689,6d_male_vs_female,6d,A5SS,No,Higher inclusion in male,924,FBgn0259923,Septin4,chrX,-,16694613,16695144,16694830,16695144,16694042,16694419,924,"83,37,90","0,0,1","127,74,319","2,0,12",336,119,0.0007651994346,0.02079380689,"1.0,1.0,0.97","0.957,1.0,0.904",0.036
AGE0000801,AGE_SEX,6d,Ray Lab Data - 6d_significant.csv,2a03afd30c5fe86748a7a798b1919c9c79f3b37d69243d9babf1cecb8b44ced2,339,FBgn0259923;A5SS:chrX:16694419-16694618:16694419-16694831:-,FBgn0259923;A5:X:16694419-16694618:16694419-16694831:-,A5SS,chrX,-,16694419-16694618:16694419-16694831,No,0.035,0.0007757275111,0.02079380689,6d_male_vs_female,6d,A5SS,No,Higher inclusion in male,925,FBgn0259923,Septin4,chrX,-,16694617,16695144,16694830,16695144,16694042,16694419,925,"82,37,85","0,0,1","128,70,314","2,0,12",332,119,0.0007757275111,0.02079380689,"1.0,1.0,0.968","0.958,1.0,0.904",0.035
AGE0000802,AGE_SEX,6d,Ray Lab Data - 6d_significant.csv,2a03afd30c5fe86748a7a798b1919c9c79f3b37d69243d9babf1cecb8b44ced2,340,FBgn0032135;A5SS:chr2L:9617840-9621145:9617609-9621145:+,FBgn0032135;A5:2L:9617840-9621145:9617609-9621145:+,A5SS,chr2L,+,9617840-9621145:9617609-9621145,No,-0.018,0.0007427590113,0.02079380689,6d_male_vs_female,6d,A5SS,No,Higher inclusion in female,876,FBgn0032135,GlcAT-S,chr2L,+,9616835,9617840,9616835,9617609,9621144,9621417,876,"49,1,17","9,0,0","9,6,7","0,0,1",350,119,0.0007427590113,0.02079380689,"0.649,1.0,1.0","1.0,1.0,0.704",-0.018
AGE0000803,AGE_SEX,6d,Ray Lab Data - 6d_significant.csv,2a03afd30c5fe86748a7a798b1919c9c79f3b37d69243d9babf1cecb8b44ced2,341,FBgn0283657;A5SS:chrX:3720513-3721376:3720104-3721376:+,FBgn0283657;A5:X:3720513-3721376:3720104-3721376:+,A5SS,chrX,+,3720513-3721376:3720104-3721376,No,0.012,0.0008707211573,0.02189617992,6d_male_vs_female,6d,A5SS,No,Higher inclusion in male,2040,FBgn0283657,Tlk,chrX,+,3720006,3720513,3720006,3720104,3721375,3721647,2040,"1106,147,1145","0,0,8","1269,153,3375","5,0,40",528,119,0.0008707211573,0.02189617992,"1.0,1.0,0.97","0.983,1.0,0.95",0.012
AGE0000804,AGE_SEX,6d,Ray Lab Data - 6d_significant.csv,2a03afd30c5fe86748a7a798b1919c9c79f3b37d69243d9babf1cecb8b44ced2,342,FBgn0027492;A5SS:chr3R:27580325-27581589:27580325-27581681:-,FBgn0027492;A5:3R:27580325-27581589:27580325-27581681:-,A5SS,chr3R,-,27580325-27581589:27580325-27581681,No,0.045,0.001302377576,0.03035499852,6d_male_vs_female,6d,A5SS,No,Higher inclusion in male,1613,FBgn0027492,wdb,chr3R,-,27581588,27582241,27581680,27582241,27580156,27580325,1613,"10,3,12","1,0,0","105,11,54","5,0,8",211,119,0.001302377576,0.03035499852,"0.849,1.0,1.0","0.922,1.0,0.792",0.045
AGE0000805,AGE_SEX,6d,Ray Lab Data - 6d_significant.csv,2a03afd30c5fe86748a7a798b1919c9c79f3b37d69243d9babf1cecb8b44ced2,343,FBgn0283657;A5SS:chrX:3720322-3721376:3720104-3721376:+,FBgn0283657;A5:X:3720322-3721376:3720104-3721376:+,A5SS,chrX,+,3720322-3721376:3720104-3721376,No,0.009,0.001480930264,0.03323483035,6d_male_vs_female,6d,A5SS,No,Higher inclusion in male,2039,FBgn0283657,Tlk,chrX,+,3720006,3720322,3720006,3720104,3721375,3721647,2039,"1111,149,1274","0,0,8","1055,133,3595","5,0,40",337,119,0.001480930264,0.03323483035,"1.0,1.0,0.983","0.987,1.0,0.969",0.009
AGE0000806,AGE_SEX,6d,Ray Lab Data - 6d_significant.csv,2a03afd30c5fe86748a7a798b1919c9c79f3b37d69243d9babf1cecb8b44ced2,344,FBgn0032305;A5SS:chr2L:10842273-10842381:10842273-10842385:-,FBgn0032305;A5:2L:10842273-10842381:10842273-10842385:-,A5SS,chr2L,-,10842273-10842381:10842273-10842385,No,-0.047,0.001625289675,0.03564555765,6d_male_vs_female,6d,A5SS,No,Higher inclusion in female,1499,FBgn0032305,CG6700,chr2L,-,10842380,10842597,10842384,10842597,10840866,10842273,1499,"4,1,7","0,1,0","2,2,16","0,0,9",123,119,0.001625289675,0.03564555765,"1.0,0.492,1.0","1.0,1.0,0.632",-0.047
AGE0000807,AGE_SEX,6d,Ray Lab Data - 6d_significant.csv,2a03afd30c5fe86748a7a798b1919c9c79f3b37d69243d9babf1cecb8b44ced2,345,FBgn0010415;A5SS:chr2R:21395045-21398887:21395045-21399175:-,FBgn0010415;A5:2R:21395045-21398887:21395045-21399175:-,A5SS,chr2R,-,21395045-21398887:21395045-21399175,No,-0.04,0.001917423852,0.04022421777,6d_male_vs_female,6d,A5SS,No,Higher inclusion in female,1856,FBgn0010415,Sdc,chr2R,-,21398886,21399313,21399174,21399313,21394877,21395045,1856,"63,41,68","10,0,0","232,24,314","0,2,1",407,119,0.001917423852,0.04022421777,"0.648,1.0,1.0","1.0,0.778,0.989",-0.04
AGE0000808,AGE_SEX,6d,Ray Lab Data - 6d_significant.csv,2a03afd30c5fe86748a7a798b1919c9c79f3b37d69243d9babf1cecb8b44ced2,346,FBgn0044323;A5SS:chr2L:8031575-8032060:8031308-8032060:+,FBgn0044323;A5:2L:8031575-8032060:8031308-8032060:+,A5SS,chr2L,+,8031575-8032060:8031308-8032060,No,0.058,0.001966102871,0.04036785683,6d_male_vs_female,6d,A5SS,No,Higher inclusion in male,1608,FBgn0044323,Cka,chr2L,+,8031009,8031575,8031009,8031308,8032059,8032641,1608,"1032,112,200","15,2,0","630,88,590","23,3,13",386,119,0.001966102871,0.04036785683,"0.955,0.945,1.0","0.894,0.9,0.933",0.058
AGE0000809,AGE_SEX,6d,Ray Lab Data - 6d_significant.csv,2a03afd30c5fe86748a7a798b1919c9c79f3b37d69243d9babf1cecb8b44ced2,347,FBgn0032202;A5SS:chr2L:10264889-10264947:10264885-10264947:+,FBgn0032202;A5:2L:10264889-10264947:10264885-10264947:+,A5SS,chr2L,+,10264889-10264947:10264885-10264947,No,-0.073,0.002070033914,0.04036979948,6d_male_vs_female,6d,A5SS,No,Higher inclusion in female,1314,FBgn0032202,REPTOR-BP,chr2L,+,10264763,10264889,10264763,10264885,10264946,10265229,1314,"1427,221,1291","562,113,583","1314,231,3586","322,71,1429",123,119,0.002070033914,0.04036979948,"0.711,0.654,0.682","0.798,0.759,0.708",-0.073
AGE0000810,AGE_SEX,6d,Ray Lab Data - 6d_significant.csv,2a03afd30c5fe86748a7a798b1919c9c79f3b37d69243d9babf1cecb8b44ced2,348,FBgn0052423;A5SS:chr3L:5163975-5166935:5163975-5166968:-,FBgn0052423;A5:3L:5163975-5166935:5163975-5166968:-,A5SS,chr3L,-,5163975-5166935:5163975-5166968,No,0.04,0.002085091848,0.04036979948,6d_male_vs_female,6d,A5SS,No,Higher inclusion in male,2271,FBgn0052423,shep,chr3L,-,5166934,5167059,5166967,5167059,5163833,5163975,2271,"47,14,31","0,2,0","40,9,34","0,0,10",152,119,0.002085091848,0.04036979948,"1.0,0.846,1.0","1.0,1.0,0.727",0.04
AGE0000811,AGE_SEX,6d,Ray Lab Data - 6d_significant.csv,2a03afd30c5fe86748a7a798b1919c9c79f3b37d69243d9babf1cecb8b44ced2,349,FBgn0003435;A5SS:chr2R:19629070-19630853:19629070-19631037:-,FBgn0003435;A5:2R:19629070-19630853:19629070-19631037:-,A5SS,chr2R,-,19629070-19630853:19629070-19631037,No,0.077,0.00222571703,0.04211405752,6d_male_vs_female,6d,A5SS,No,Higher inclusion in male,1965,FBgn0003435,sm,chr2R,-,19630852,19631508,19631036,19631508,19628480,19629070,1965,"148,30,89","210,91,364","12,7,261","126,73,779",303,119,0.00222571703,0.04211405752,"0.217,0.115,0.088","0.036,0.036,0.116",0.077
AGE0000812,AGE_SEX,6d,Ray Lab Data - 6d_significant.csv,2a03afd30c5fe86748a7a798b1919c9c79f3b37d69243d9babf1cecb8b44ced2,350,FBgn0010607;A5SS:chr2L:4970784-4971054:4970784-4971087:-,FBgn0010607;A5:2L:4970784-4971054:4970784-4971087:-,A5SS,chr2L,-,4970784-4971054:4970784-4971087,No,0.23,0.002919416519,0.05217105446,6d_male_vs_female,6d,A5SS,No,Higher inclusion in male,2323,FBgn0010607,l(2)05714,chr2L,-,4971053,4971485,4971086,4971485,4970134,4970784,2323,"11,1,8","1,1,0","14,1,8","0,3,8",152,119,0.002919416519,0.05217105446,"0.896,0.439,1.0","1.0,0.207,0.439",0.23
AGE0000813,AGE_SEX,6d,Ray Lab Data - 6d_significant.csv,2a03afd30c5fe86748a7a798b1919c9c79f3b37d69243d9babf1cecb8b44ced2,351,FBgn0085370;A5SS:chr2L:18547044-18562710:18547044-18562824:-,FBgn0085370;A5:2L:18547044-18562710:18547044-18562824:-,A5SS,chr2L,-,18547044-18562710:18547044-18562824,No,-0.057,0.002876965846,0.05217105446,6d_male_vs_female,6d,A5SS,No,Higher inclusion in female,1166,FBgn0085370,Pde11,chr2L,-,18562709,18563172,18562823,18563172,18546524,18547044,1166,"52,6,17","0,2,0","11,12,122","0,0,18",233,119,0.002876965846,0.05217105446,"1.0,0.605,1.0","1.0,1.0,0.776",-0.057
AGE0000814,AGE_SEX,6d,Ray Lab Data - 6d_significant.csv,2a03afd30c5fe86748a7a798b1919c9c79f3b37d69243d9babf1cecb8b44ced2,352,FBgn0000037;A5SS:chr2R:24381856-24383190:24381856-24383241:-,FBgn0000037;A5:2R:24381856-24383190:24381856-24383241:-,A5SS,chr2R,-,24381856-24383190:24381856-24383241,No,-0.333,0.003055176796,0.0536044656,6d_male_vs_female,6d,A5SS,No,Higher inclusion in female,361,FBgn0000037,mAChR-A,chr2R,-,24383189,24383377,24383240,24383377,24378629,24381856,361,"9,0,3","0,2,3","2,1,3","0,1,0",170,119,0.003055176796,0.0536044656,"1.0,0.0,0.412","1.0,0.412,1.0",-0.333
AGE0000815,AGE_SEX,6d,Ray Lab Data - 6d_significant.csv,2a03afd30c5fe86748a7a798b1919c9c79f3b37d69243d9babf1cecb8b44ced2,353,FBgn0027335;A5SS:chrX:18637786-18638246:18637786-18639464:-,FBgn0027335;A5:X:18637786-18638246:18637786-18639464:-,A5SS,chrX,-,18637786-18638246:18637786-18639464,No,0.229,0.003199868627,0.05514059331,6d_male_vs_female,6d,A5SS,No,Higher inclusion in male,938,FBgn0027335,Rip11,chrX,-,18638245,18640197,18639463,18640197,18637634,18637786,938,"126,15,29","0,0,0","41,4,59","8,0,0",1337,119,0.003199868627,0.05514059331,"1.0,1.0,1.0","0.313,1.0,1.0",0.229
AGE0000816,AGE_SEX,6d,Ray Lab Data - 6d_significant.csv,2a03afd30c5fe86748a7a798b1919c9c79f3b37d69243d9babf1cecb8b44ced2,354,FBgn0013334;A5SS:chr3R:15954255-15954583:15954234-15954583:+,FBgn0013334;A5:3R:15954255-15954583:15954234-15954583:+,A5SS,chr3R,+,15954255-15954583:15954234-15954583,No,0.117,0.003340896734,0.05656079558,6d_male_vs_female,6d,A5SS,No,Higher inclusion in male,739,FBgn0013334,Sap47,chr3R,+,15954157,15954255,15954157,15954234,15954582,15954683,739,"0,6,11","50,15,57","0,0,8","53,7,152",140,119,0.003340896734,0.05656079558,"0.0,0.254,0.141","0.0,0.0,0.043",0.117
AGE0000817,AGE_SEX,6d,Ray Lab Data - 6d_significant.csv,2a03afd30c5fe86748a7a798b1919c9c79f3b37d69243d9babf1cecb8b44ced2,355,FBgn0264439;A5SS:chr2L:7424363-7425172:7423991-7425172:+,FBgn0264439;A5:2L:7424363-7425172:7423991-7425172:+,A5SS,chr2L,+,7424363-7425172:7423991-7425172,No,0.109,0.004054623707,0.06746054961,6d_male_vs_female,6d,A5SS,No,Higher inclusion in male,328,FBgn0264439,lncRNA:CR43857,chr2L,+,7423819,7424363,7423819,7423991,7425171,7425932,328,"13,6,21","0,0,0","19,19,51","0,0,6",491,119,0.004054623707,0.06746054961,"1.0,1.0,1.0","1.0,1.0,0.673",0.109
AGE0000818,AGE_SEX,6d,Ray Lab Data - 6d_significant.csv,2a03afd30c5fe86748a7a798b1919c9c79f3b37d69243d9babf1cecb8b44ced2,356,FBgn0285944;A5SS:chrX:16514184-16521623:16514184-16521626:-,FBgn0285944;A5:X:16514184-16521623:16514184-16521626:-,A5SS,chrX,-,16514184-16521623:16514184-16521626,No,0.377,0.004288740154,0.07014634319,6d_male_vs_female,6d,A5SS,No,Higher inclusion in male,962,FBgn0285944,para,chrX,-,16521622,16521813,16521625,16521813,16514028,16514184,962,"19,10,14","62,7,1","25,2,5","103,10,14",122,119,0.004288740154,0.07014634319,"0.23,0.582,0.932","0.191,0.163,0.258",0.377
AGE0000819,AGE_SEX,6d,Ray Lab Data - 6d_significant.csv,2a03afd30c5fe86748a7a798b1919c9c79f3b37d69243d9babf1cecb8b44ced2,357,FBgn0285944;A5SS:chrX:16483889-16486341:16483889-16486380:-,FBgn0285944;A5:X:16483889-16486341:16483889-16486380:-,A5SS,chrX,-,16483889-16486341:16483889-16486380,No,-0.333,0.004388364873,0.07057953505,6d_male_vs_female,6d,A5SS,No,Higher inclusion in female,959,FBgn0285944,para,chrX,-,16486340,16486584,16486379,16486584,16483677,16483889,959,"0,9,2","23,0,0","4,8,16","0,0,0",158,119,0.004388364873,0.07057953505,"0.0,1.0,1.0","1.0,1.0,1.0",-0.333
AGE0000820,AGE_SEX,6d,Ray Lab Data - 6d_significant.csv,2a03afd30c5fe86748a7a798b1919c9c79f3b37d69243d9babf1cecb8b44ced2,358,FBgn0261260;A5SS:chrX:9473266-9499874:9473266-9499886:-,FBgn0261260;A5:X:9473266-9499874:9473266-9499886:-,A5SS,chrX,-,9473266-9499874:9473266-9499886,No,-0.143,0.004498013132,0.07115709299,6d_male_vs_female,6d,A5SS,No,Higher inclusion in female,2565,FBgn0261260,mgl,chrX,-,9499873,9500129,9499885,9500129,9471998,9473266,2565,"58,13,36","85,10,49","31,8,70","17,6,46",131,119,0.004498013132,0.07115709299,"0.383,0.541,0.4","0.624,0.548,0.58",-0.143
AGE0000821,AGE_SEX,6d,Ray Lab Data - 6d_significant.csv,2a03afd30c5fe86748a7a798b1919c9c79f3b37d69243d9babf1cecb8b44ced2,359,FBgn0026199;A5SS:chr4:694416-695214:694416-695697:-,FBgn0026199;A5:4:694416-695214:694416-695697:-,A5SS,chr4,-,694416-695214:694416-695697,No,-0.169,0.004779961353,0.07439778557,6d_male_vs_female,6d,A5SS,No,Higher inclusion in female,2078,FBgn0026199,myo,chr4,-,695213,696055,695696,696055,693380,694416,2078,"61,24,35","39,18,67","111,35,90","22,12,80",602,119,0.004779961353,0.07439778557,"0.236,0.209,0.094","0.499,0.366,0.182",-0.169
AGE0000822,AGE_SEX,6d,Ray Lab Data - 6d_significant.csv,2a03afd30c5fe86748a7a798b1919c9c79f3b37d69243d9babf1cecb8b44ced2,360,FBgn0052675;A5SS:chrX:10762434-10763151:10762434-10764170:-,FBgn0052675;A5:X:10762434-10763151:10762434-10764170:-,A5SS,chrX,-,10762434-10763151:10762434-10764170,No,0.017,0.005573315624,0.08536904091,6d_male_vs_female,6d,A5SS,No,Higher inclusion in male,1840,FBgn0052675,Tango5,chrX,-,10763150,10764237,10764169,10764237,10761914,10762434,1840,"1341,233,541","0,1,0","883,203,1108","1,0,10",1138,119,0.005573315624,0.08536904091,"1.0,0.961,1.0","0.989,1.0,0.921",0.017
AGE0000823,AGE_SEX,6d,Ray Lab Data - 6d_significant.csv,2a03afd30c5fe86748a7a798b1919c9c79f3b37d69243d9babf1cecb8b44ced2,361,FBgn0259923;A5SS:chrX:16694371-16694618:16694371-16694951:-,FBgn0259923;A5:X:16694371-16694618:16694371-16694951:-,A5SS,chrX,-,16694371-16694618:16694371-16694951,No,-0.071,0.005695152019,0.08587221404,6d_male_vs_female,6d,A5SS,No,Higher inclusion in female,921,FBgn0259923,Septin4,chrX,-,16694617,16695144,16694950,16695144,16694042,16694371,921,"83,37,87","0,0,7","138,72,343","0,0,2",452,119,0.005695152019,0.08587221404,"1.0,1.0,0.766","1.0,1.0,0.978",-0.071
AGE0000824,AGE_SEX,6d,Ray Lab Data - 6d_significant.csv,2a03afd30c5fe86748a7a798b1919c9c79f3b37d69243d9babf1cecb8b44ced2,362,FBgn0263289;A5SS:chr3R:26536601-26537371:26536397-26537371:+,FBgn0263289;A5:3R:26536601-26537371:26536397-26537371:+,A5SS,chr3R,+,26536601-26537371:26536397-26537371,No,0.106,0.005936756658,0.08680257841,6d_male_vs_female,6d,A5SS,No,Higher inclusion in male,403,FBgn0263289,scrib,chr3R,+,26536349,26536601,26536349,26536397,26537370,26537784,403,"10,2,18","0,0,1","12,1,20","0,0,6",323,119,0.005936756658,0.08680257841,"1.0,1.0,0.869","1.0,1.0,0.551",0.106
AGE0000825,AGE_SEX,6d,Ray Lab Data - 6d_significant.csv,2a03afd30c5fe86748a7a798b1919c9c79f3b37d69243d9babf1cecb8b44ced2,363,FBgn0259923;A5SS:chrX:16694371-16694614:16694371-16694951:-,FBgn0259923;A5:X:16694371-16694614:16694371-16694951:-,A5SS,chrX,-,16694371-16694614:16694371-16694951,No,-0.068,0.005868980406,0.08680257841,6d_male_vs_female,6d,A5SS,No,Higher inclusion in female,919,FBgn0259923,Septin4,chrX,-,16694613,16695144,16694950,16695144,16694042,16694371,919,"83,37,92","0,0,7","135,74,343","0,0,2",456,119,0.005868980406,0.08680257841,"1.0,1.0,0.774","1.0,1.0,0.978",-0.068
AGE0000826,AGE_SEX,6d,Ray Lab Data - 6d_significant.csv,2a03afd30c5fe86748a7a798b1919c9c79f3b37d69243d9babf1cecb8b44ced2,364,FBgn0261822;A5SS:chr2L:8083636-8089394:8083521-8089394:+,FBgn0261822;A5:2L:8083636-8089394:8083521-8089394:+,A5SS,chr2L,+,8083636-8089394:8083521-8089394,No,0.012,0.006291233041,0.09061253559,6d_male_vs_female,6d,A5SS,No,Higher inclusion in male,835,FBgn0261822,Bsg,chr2L,+,8083419,8083636,8083419,8083521,8089393,8089736,835,"108,38,232","1,0,3","124,26,570","1,0,19",234,119,0.006291233041,0.09061253559,"0.982,1.0,0.975","0.984,1.0,0.938",0.012
AGE0000827,AGE_SEX,6d,Ray Lab Data - 6d_significant.csv,2a03afd30c5fe86748a7a798b1919c9c79f3b37d69243d9babf1cecb8b44ced2,365,FBgn0263289;A5SS:chr3R:26536592-26537371:26536397-26537371:+,FBgn0263289;A5:3R:26536592-26537371:26536397-26537371:+,A5SS,chr3R,+,26536592-26537371:26536397-26537371,No,0.078,0.006592613372,0.09355693976,6d_male_vs_female,6d,A5SS,No,Higher inclusion in male,402,FBgn0263289,scrib,chr3R,+,26536349,26536592,26536349,26536397,26537370,26537784,402,"10,2,10","0,0,1","12,1,20","0,0,6",314,119,0.006592613372,0.09355693976,"1.0,1.0,0.791","1.0,1.0,0.558",0.078
AGE0000828,AGE_SEX,6d,Ray Lab Data - 6d_significant.csv,2a03afd30c5fe86748a7a798b1919c9c79f3b37d69243d9babf1cecb8b44ced2,366,FBgn0037135;A5SS:chr3L:21827035-21827094:21826752-21827094:+,FBgn0037135;A5:3L:21827035-21827094:21826752-21827094:+,A5SS,chr3L,+,21827035-21827094:21826752-21827094,No,0.464,0.006799630847,0.09509628648,6d_male_vs_female,6d,A5SS,No,Higher inclusion in male,2366,FBgn0037135,eIF2A,chr3L,+,21826474,21827035,21826474,21826752,21827093,21827856,2366,"26,14,18","2,0,2","39,2,0","0,4,5",402,119,0.006799630847,0.09509628648,"0.794,1.0,0.727","1.0,0.129,0.0",0.464
AGE0000829,AGE_SEX,6d,Ray Lab Data - 6d_significant.csv,2a03afd30c5fe86748a7a798b1919c9c79f3b37d69243d9babf1cecb8b44ced2,367,FBgn0013799;A5SS:chr3L:19820010-19828317:19820001-19828317:+,FBgn0013799;A5:3L:19820010-19828317:19820001-19828317:+,A5SS,chr3L,+,19820010-19828317:19820001-19828317,No,-0.494,0.007989603848,0.1101423959,6d_male_vs_female,6d,A5SS,No,Higher inclusion in female,2290,FBgn0013799,Deaf1,chr3L,+,19819101,19820010,19819101,19820001,19828316,19828945,2290,"30,0,6","23,2,2","18,4,21","0,0,6",128,119,0.007989603848,0.1101423959,"0.548,0.0,0.736","1.0,1.0,0.765",-0.494
AGE0000830,AGE_SEX,6d,Ray Lab Data - 6d_significant.csv,2a03afd30c5fe86748a7a798b1919c9c79f3b37d69243d9babf1cecb8b44ced2,368,FBgn0263846;A5SS:chr2L:3760553-3760693:3760517-3760693:+,FBgn0263846;A5:2L:3760553-3760693:3760517-3760693:+,A5SS,chr2L,+,3760553-3760693:3760517-3760693,No,-0.333,0.008150992363,0.1107846145,6d_male_vs_female,6d,A5SS,No,Higher inclusion in female,463,FBgn0263846,CG43707,chr2L,+,3760206,3760553,3760206,3760517,3760692,3761014,463,"0,0,0","2,2,7","23,0,0","0,1,3",155,119,0.008150992363,0.1107846145,"0.0,0.0,0.0","1.0,0.0,0.0",-0.333
AGE0000831,AGE_SEX,6d,Ray Lab Data - 6d_significant.csv,2a03afd30c5fe86748a7a798b1919c9c79f3b37d69243d9babf1cecb8b44ced2,369,FBgn0023213;A5SS:chr4:930131-930282:930131-930512:-,FBgn0023213;A5:4:930131-930282:930131-930512:-,A5SS,chr4,-,930131-930282:930131-930512,No,-0.113,0.00857849134,0.1149756131,6d_male_vs_female,6d,A5SS,No,Higher inclusion in female,957,FBgn0023213,eIF4G1,chr4,-,930281,930715,930511,930715,930079,930131,957,"4,2,1","13,5,21","39,0,17","16,7,44",349,119,0.00857849134,0.1149756131,"0.095,0.12,0.016","0.454,0.0,0.116",-0.113
AGE0000832,AGE_SEX,6d,Ray Lab Data - 6d_significant.csv,2a03afd30c5fe86748a7a798b1919c9c79f3b37d69243d9babf1cecb8b44ced2,370,FBgn0004656;A5SS:chrX:8060158-8061264:8060158-8061376:-,FBgn0004656;A5:X:8060158-8061264:8060158-8061376:-,A5SS,chrX,-,8060158-8061264:8060158-8061376,No,0.107,0.008841166825,0.1152935944,6d_male_vs_female,6d,A5SS,No,Higher inclusion in male,1781,FBgn0004656,fs(1)h,chrX,-,8061263,8061436,8061375,8061436,8059866,8060158,1781,"226,41,631","19,1,43","119,16,667","10,1,207",231,119,0.008841166825,0.1152935944,"0.86,0.955,0.883","0.86,0.892,0.624",0.107
AGE0000833,AGE_SEX,6d,Ray Lab Data - 6d_significant.csv,2a03afd30c5fe86748a7a798b1919c9c79f3b37d69243d9babf1cecb8b44ced2,371,FBgn0041605;A5SS:chr3R:4282003-4282674:4281915-4282674:+,FBgn0041605;A5:3R:4282003-4282674:4281915-4282674:+,A5SS,chr3R,+,4282003-4282674:4281915-4282674,No,-0.041,0.008841111076,0.1152935944,6d_male_vs_female,6d,A5SS,No,Higher inclusion in female,622,FBgn0041605,cpx,chr3R,+,4281837,4282003,4281837,4281915,4282673,4282834,622,"11,6,61","0,2,1","8,8,75","0,0,16",207,119,0.008841111076,0.1152935944,"1.0,0.633,0.972","1.0,1.0,0.729",-0.041
AGE0000834,AGE_SEX,6d,Ray Lab Data - 6d_significant.csv,2a03afd30c5fe86748a7a798b1919c9c79f3b37d69243d9babf1cecb8b44ced2,372,FBgn0051716;A5SS:chr2L:10399712-10399768:10399676-10399768:+,FBgn0051716;A5:2L:10399712-10399768:10399676-10399768:+,A5SS,chr2L,+,10399712-10399768:10399676-10399768,No,-0.383,0.009141092973,0.1176153963,6d_male_vs_female,6d,A5SS,No,Higher inclusion in female,905,FBgn0051716,Cnot4,chr2L,+,10399594,10399712,10399594,10399676,10399767,10400679,905,"18,12,8","31,2,47","56,11,75","36,0,10",155,119,0.009141092973,0.1176153963,"0.308,0.822,0.116","0.544,1.0,0.852",-0.383
AGE0000835,AGE_SEX,6d,Ray Lab Data - 6d_significant.csv,2a03afd30c5fe86748a7a798b1919c9c79f3b37d69243d9babf1cecb8b44ced2,373,FBgn0003435;A5SS:chr2R:19564512-19573988:19564512-19574003:-,FBgn0003435;A5:2R:19564512-19573988:19564512-19574003:-,A5SS,chr2R,-,19564512-19573988:19564512-19574003,No,-0.11,0.00969268842,0.1230716359,6d_male_vs_female,6d,A5SS,No,Higher inclusion in female,1964,FBgn0003435,sm,chr2R,-,19573987,19574066,19574002,19574066,19564461,19564512,1964,"62,16,96","37,5,57","107,18,148","18,6,57",134,119,0.00969268842,0.1230716359,"0.598,0.74,0.599","0.841,0.727,0.698",-0.11
AGE0000836,AGE_SEX,6d,Ray Lab Data - 6d_significant.csv,2a03afd30c5fe86748a7a798b1919c9c79f3b37d69243d9babf1cecb8b44ced2,374,FBgn0013334;A5SS:chr3R:15951850-15954158:15951841-15954158:+,FBgn0013334;A5:3R:15951850-15954158:15951841-15954158:+,A5SS,chr3R,+,15951850-15954158:15951841-15954158,No,-0.117,0.01221466517,0.1530798946,6d_male_vs_female,6d,A5SS,No,Higher inclusion in female,738,FBgn0013334,Sap47,chr3R,+,15951601,15951850,15951601,15951841,15954157,15954234,738,"148,39,126","54,8,16","106,34,300","7,0,56",128,119,0.01221466517,0.1530798946,"0.718,0.819,0.88","0.934,1.0,0.833",-0.117
AGE0000837,AGE_SEX,6d,Ray Lab Data - 6d_significant.csv,2a03afd30c5fe86748a7a798b1919c9c79f3b37d69243d9babf1cecb8b44ced2,375,FBgn0035719;A5SS:chr3L:6943101-6944432:6943006-6944432:+,FBgn0035719;A5:3L:6943101-6944432:6943006-6944432:+,A5SS,chr3L,+,6943101-6944432:6943006-6944432,No,0.07,0.0130012196,0.160848422,6d_male_vs_female,6d,A5SS,No,Higher inclusion in male,20,FBgn0035719,tow,chr3L,+,6942855,6943101,6942855,6943006,6944431,6944769,20,"809,83,1279","51,4,107","530,75,2751","59,11,264",214,119,0.0130012196,0.160848422,"0.898,0.92,0.869","0.833,0.791,0.853",0.07
AGE0000838,AGE_SEX,6d,Ray Lab Data - 6d_significant.csv,2a03afd30c5fe86748a7a798b1919c9c79f3b37d69243d9babf1cecb8b44ced2,376,FBgn0022382;A5SS:chr2R:10024359-10025829:10024359-10025850:-,FBgn0022382;A5:2R:10024359-10025829:10024359-10025850:-,A5SS,chr2R,-,10024359-10025829:10024359-10025850,No,0.069,0.01341245467,0.1638356805,6d_male_vs_female,6d,A5SS,No,Higher inclusion in male,1986,FBgn0022382,Pka-R2,chr2R,-,10025828,10026042,10025849,10026042,10024050,10024359,1986,"34,2,11","1,0,3","22,2,38","5,0,12",140,119,0.01341245467,0.1638356805,"0.967,1.0,0.757","0.789,1.0,0.729",0.069
AGE0000839,AGE_SEX,6d,Ray Lab Data - 6d_significant.csv,2a03afd30c5fe86748a7a798b1919c9c79f3b37d69243d9babf1cecb8b44ced2,377,FBgn0039282;A5SS:chr3R:25132062-25132341:25131809-25132341:+,FBgn0039282;A5:3R:25132062-25132341:25131809-25132341:+,A5SS,chr3R,+,25132062-25132341:25131809-25132341,No,-0.45,0.01486636617,0.171437901,6d_male_vs_female,6d,A5SS,No,Higher inclusion in female,540,FBgn0039282,Bili,chr3R,+,25131612,25132062,25131612,25131809,25132340,25132501,540,"0,2,15","29,2,8","1,4,51","12,0,1",372,119,0.01486636617,0.171437901,"0.0,0.242,0.375","0.026,1.0,0.942",-0.45
AGE0000840,AGE_SEX,6d,Ray Lab Data - 6d_significant.csv,2a03afd30c5fe86748a7a798b1919c9c79f3b37d69243d9babf1cecb8b44ced2,378,FBgn0285944;A5SS:chrX:16483859-16486341:16483859-16486380:-,FBgn0285944;A5:X:16483859-16486341:16483859-16486380:-,A5SS,chrX,-,16483859-16486341:16483859-16486380,No,-0.384,0.01484265011,0.171437901,6d_male_vs_female,6d,A5SS,No,Higher inclusion in female,958,FBgn0285944,para,chrX,-,16486340,16486584,16486379,16486584,16483677,16483859,958,"1,10,2","21,5,13","5,8,17","0,7,17",158,119,0.01484265011,0.171437901,"0.035,0.601,0.104","1.0,0.463,0.43",-0.384
AGE0000841,AGE_SEX,6d,Ray Lab Data - 6d_significant.csv,2a03afd30c5fe86748a7a798b1919c9c79f3b37d69243d9babf1cecb8b44ced2,379,FBgn0037525;A5SS:chr3R:7886168-7886536:7886168-7886596:-,FBgn0037525;A5:3R:7886168-7886536:7886168-7886596:-,A5SS,chr3R,-,7886168-7886536:7886168-7886596,No,0.208,0.01554163645,0.171437901,6d_male_vs_female,6d,A5SS,No,Higher inclusion in male,1534,FBgn0037525,CG17816,chr3R,-,7886535,7886733,7886595,7886733,7885853,7886168,1534,"31,2,35","5,0,3","38,3,61","11,1,17",179,119,0.01554163645,0.171437901,"0.805,1.0,0.886","0.697,0.666,0.705",0.208
AGE0000842,AGE_SEX,6d,Ray Lab Data - 6d_significant.csv,2a03afd30c5fe86748a7a798b1919c9c79f3b37d69243d9babf1cecb8b44ced2,380,FBgn0040297;A5SS:chr2L:21124614-21125347:21124521-21125347:+,FBgn0040297;A5:2L:21124614-21125347:21124521-21125347:+,A5SS,chr2L,+,21124614-21125347:21124521-21125347,No,0.184,0.01469566015,0.171437901,6d_male_vs_female,6d,A5SS,No,Higher inclusion in male,981,FBgn0040297,Nhe2,chr2L,+,21124439,21124614,21124439,21124521,21125346,21125439,981,"10,2,3","0,0,1","3,1,27","0,1,6",212,119,0.01469566015,0.171437901,"1.0,1.0,0.627","1.0,0.36,0.716",0.184
AGE0000843,AGE_SEX,6d,Ray Lab Data - 6d_significant.csv,2a03afd30c5fe86748a7a798b1919c9c79f3b37d69243d9babf1cecb8b44ced2,381,FBgn0030478;A5SS:chrX:13371526-13373863:13371060-13373863:+,FBgn0030478;A5:X:13371526-13373863:13371060-13373863:+,A5SS,chrX,+,13371526-13373863:13371060-13373863,No,0.094,0.01506936511,0.171437901,6d_male_vs_female,6d,A5SS,No,Higher inclusion in male,1354,FBgn0030478,Alat,chrX,+,13370994,13371526,13370994,13371060,13373862,13374103,1354,"42,11,16","0,0,0","5,5,63","0,0,5",585,119,0.01506936511,0.171437901,"1.0,1.0,1.0","1.0,1.0,0.719",0.094
AGE0000844,AGE_SEX,6d,Ray Lab Data - 6d_significant.csv,2a03afd30c5fe86748a7a798b1919c9c79f3b37d69243d9babf1cecb8b44ced2,382,FBgn0053170;A5SS:chr3L:22866034-22867400:22865960-22867400:+,FBgn0053170;A5:3L:22866034-22867400:22865960-22867400:+,A5SS,chr3L,+,22866034-22867400:22865960-22867400,No,-0.044,0.01563371532,0.171437901,6d_male_vs_female,6d,A5SS,No,Higher inclusion in female,1753,FBgn0053170,CG33170,chr3L,+,22865877,22866034,22865877,22865960,22867399,22867535,1753,"96,23,173","328,52,369","196,14,350","301,31,768",193,119,0.01563371532,0.171437901,"0.153,0.214,0.224","0.286,0.218,0.219",-0.044
AGE0000845,AGE_SEX,6d,Ray Lab Data - 6d_significant.csv,2a03afd30c5fe86748a7a798b1919c9c79f3b37d69243d9babf1cecb8b44ced2,383,FBgn0287597;A5SS:chr4:661980-662953:661980-663077:-,FBgn0287597;A5:4:661980-662953:661980-663077:-,A5SS,chr4,-,661980-662953:661980-663077,No,-0.043,0.01548225539,0.171437901,6d_male_vs_female,6d,A5SS,No,Higher inclusion in female,222,FBgn0287597,CG46466,chr4,-,662952,663124,663076,663124,661008,661980,222,"2,0,2","15,1,21","2,0,15","8,2,51",243,119,0.01548225539,0.171437901,"0.061,0.0,0.045","0.109,0.0,0.126",-0.043
AGE0000846,AGE_SEX,6d,Ray Lab Data - 6d_significant.csv,2a03afd30c5fe86748a7a798b1919c9c79f3b37d69243d9babf1cecb8b44ced2,384,FBgn0028577;A5SS:chr3L:1500388-1501170:1500388-1501346:-,FBgn0028577;A5:3L:1500388-1501170:1500388-1501346:-,A5SS,chr3L,-,1500388-1501170:1500388-1501346,No,0.031,0.01436942896,0.171437901,6d_male_vs_female,6d,A5SS,No,Higher inclusion in male,212,FBgn0028577,hfp,chr3L,-,1501169,1501406,1501345,1501406,1500244,1500388,212,"37,3,34","0,1,2","55,11,29","2,1,8",295,119,0.01436942896,0.171437901,"1.0,0.548,0.873","0.917,0.816,0.594",0.031
AGE0000847,AGE_SEX,6d,Ray Lab Data - 6d_significant.csv,2a03afd30c5fe86748a7a798b1919c9c79f3b37d69243d9babf1cecb8b44ced2,385,FBgn0004587;A5SS:chr3R:13661592-13661702:13661442-13661702:+,FBgn0004587;A5:3R:13661592-13661702:13661442-13661702:+,A5SS,chr3R,+,13661592-13661702:13661442-13661702,No,-0.007,0.01518176961,0.171437901,6d_male_vs_female,6d,A5SS,No,Higher inclusion in female,602,FBgn0004587,B52,chr3R,+,13661310,13661592,13661310,13661442,13661701,13661859,602,"1,2,2","1,0,1","2,1,3","3,0,1",269,119,0.01518176961,0.171437901,"0.307,1.0,0.469","0.228,1.0,0.57",-0.007
AGE0000848,AGE_SEX,6d,Ray Lab Data - 6d_significant.csv,2a03afd30c5fe86748a7a798b1919c9c79f3b37d69243d9babf1cecb8b44ced2,386,FBgn0032006;A5SS:chr2L:8230331-8239075:8230331-8239692:-,FBgn0032006;A5:2L:8230331-8239075:8230331-8239692:-,A5SS,chr2L,-,8230331-8239075:8230331-8239692,No,0.033,0.0158308781,0.1716494087,6d_male_vs_female,6d,A5SS,No,Higher inclusion in male,1398,FBgn0032006,Pvr,chr2L,-,8239074,8239878,8239691,8239878,8230124,8230331,1398,"803,77,28","1,0,0","411,46,318","8,0,0",736,119,0.0158308781,0.1716494087,"0.992,1.0,1.0","0.893,1.0,1.0",0.033
AGE0000849,AGE_SEX,6d,Ray Lab Data - 6d_significant.csv,2a03afd30c5fe86748a7a798b1919c9c79f3b37d69243d9babf1cecb8b44ced2,387,FBgn0014020;A5SS:chr2R:16102949-16103611:16102892-16103611:+,FBgn0014020;A5:2R:16102949-16103611:16102892-16103611:+,A5SS,chr2R,+,16102949-16103611:16102892-16103611,No,-0.154,0.01853688264,0.1987565749,6d_male_vs_female,6d,A5SS,No,Higher inclusion in female,817,FBgn0014020,Rho1,chr2R,+,16102686,16102949,16102686,16102892,16103610,16103774,817,"9,5,22","6,0,0","11,1,41","0,0,1",176,119,0.01853688264,0.1987565749,"0.504,1.0,1.0","1.0,1.0,0.965",-0.154
AGE0000850,AGE_SEX,6d,Ray Lab Data - 6d_significant.csv,2a03afd30c5fe86748a7a798b1919c9c79f3b37d69243d9babf1cecb8b44ced2,388,FBgn0037525;A5SS:chr3R:7886168-7886443:7886168-7886596:-,FBgn0037525;A5:3R:7886168-7886443:7886168-7886596:-,A5SS,chr3R,-,7886168-7886443:7886168-7886596,No,0.051,0.01982674237,0.2073038645,6d_male_vs_female,6d,A5SS,No,Higher inclusion in male,1533,FBgn0037525,CG17816,chr3R,-,7886442,7886733,7886595,7886733,7885853,7886168,1533,"170,29,297","5,0,3","240,24,639","11,1,17",272,119,0.01982674237,0.2073038645,"0.937,1.0,0.977","0.905,0.913,0.943",0.051
AGE0000851,AGE_SEX,6d,Ray Lab Data - 6d_significant.csv,2a03afd30c5fe86748a7a798b1919c9c79f3b37d69243d9babf1cecb8b44ced2,389,FBgn0086675;A5SS:chrX:12939249-12941720:12939242-12941720:+,FBgn0086675;A5:X:12939249-12941720:12939242-12941720:+,A5SS,chrX,+,12939249-12941720:12939242-12941720,No,-0.027,0.01974407369,0.2073038645,6d_male_vs_female,6d,A5SS,No,Higher inclusion in female,1633,FBgn0086675,fne,chrX,+,12939014,12939249,12939014,12939242,12941719,12942856,1633,"90,4,63","917,109,727","114,5,179","739,77,1693",126,119,0.01974407369,0.2073038645,"0.085,0.033,0.076","0.127,0.058,0.091",-0.027
AGE0000852,AGE_SEX,6d,Ray Lab Data - 6d_significant.csv,2a03afd30c5fe86748a7a798b1919c9c79f3b37d69243d9babf1cecb8b44ced2,390,FBgn0085478;A5SS:chrX:9355178-9355987:9355178-9356115:-,FBgn0085478;A5:X:9355178-9355987:9355178-9356115:-,A5SS,chrX,-,9355178-9355987:9355178-9356115,No,0.02,0.01997850715,0.2073038645,6d_male_vs_female,6d,A5SS,No,Higher inclusion in male,2436,FBgn0085478,Zdhhc8,chrX,-,9355986,9356227,9356114,9356227,9354461,9355178,2436,"317,41,197","6,0,2","347,30,452","10,0,15",247,119,0.01997850715,0.2073038645,"0.962,1.0,0.979","0.944,1.0,0.936",0.02
AGE0000853,AGE_SEX,6d,Ray Lab Data - 6d_significant.csv,2a03afd30c5fe86748a7a798b1919c9c79f3b37d69243d9babf1cecb8b44ced2,391,FBgn0036398;A5SS:chr3L:14002379-14003193:14002301-14003193:+,FBgn0036398;A5:3L:14002379-14003193:14002301-14003193:+,A5SS,chr3L,+,14002379-14003193:14002301-14003193,No,-0.142,0.02062449422,0.21173018,6d_male_vs_female,6d,A5SS,No,Higher inclusion in female,54,FBgn0036398,upSET,chr3L,+,14002126,14002379,14002126,14002301,14003192,14003415,54,"11,3,15","61,10,92","12,8,48","34,6,170",197,119,0.02062449422,0.21173018,"0.098,0.153,0.09","0.176,0.446,0.146",-0.142
AGE0000854,AGE_SEX,6d,Ray Lab Data - 6d_significant.csv,2a03afd30c5fe86748a7a798b1919c9c79f3b37d69243d9babf1cecb8b44ced2,392,FBgn0263346;A5SS:chr3R:4659893-4660239:4659825-4660239:+,FBgn0263346;A5:3R:4659893-4660239:4659825-4660239:+,A5SS,chr3R,+,4659893-4660239:4659825-4660239,No,-0.083,0.02186454729,0.2220977699,6d_male_vs_female,6d,A5SS,No,Higher inclusion in female,396,FBgn0263346,smash,chr3R,+,4659578,4659893,4659578,4659825,4660238,4660399,396,"2,2,2","32,1,20","9,2,27","32,9,10",187,119,0.02186454729,0.2220977699,"0.038,0.56,0.06","0.152,0.124,0.632",-0.083
AGE0000855,AGE_SEX,6d,Ray Lab Data - 6d_significant.csv,2a03afd30c5fe86748a7a798b1919c9c79f3b37d69243d9babf1cecb8b44ced2,393,FBgn0028496;A5SS:chr2R:18496868-18497756:18496868-18497842:-,FBgn0028496;A5:2R:18496868-18497756:18496868-18497842:-,A5SS,chr2R,-,18496868-18497756:18496868-18497842,No,0.129,0.02232552577,0.2244180455,6d_male_vs_female,6d,A5SS,No,Higher inclusion in male,1725,FBgn0028496,CG30116,chr2R,-,18497755,18498026,18497841,18498026,18496746,18496868,1725,"49,6,39","6,2,10","33,6,63","14,1,52",205,119,0.02232552577,0.2244180455,"0.826,0.635,0.694","0.578,0.777,0.413",0.129
AGE0000856,AGE_SEX,6d,Ray Lab Data - 6d_significant.csv,2a03afd30c5fe86748a7a798b1919c9c79f3b37d69243d9babf1cecb8b44ced2,394,FBgn0004370;A5SS:chrX:11622357-11623830:11622185-11623830:+,FBgn0004370;A5:X:11622357-11623830:11622185-11623830:+,A5SS,chrX,+,11622357-11623830:11622185-11623830,No,-0.04,0.02266241417,0.225455976,6d_male_vs_female,6d,A5SS,No,Higher inclusion in female,1937,FBgn0004370,Ptp10D,chrX,+,11622014,11622357,11622014,11622185,11623829,11624216,1937,"126,19,74","7,0,0","89,31,244","0,0,0",291,119,0.02266241417,0.225455976,"0.88,1.0,1.0","1.0,1.0,1.0",-0.04
AGE0000857,AGE_SEX,6d,Ray Lab Data - 6d_significant.csv,2a03afd30c5fe86748a7a798b1919c9c79f3b37d69243d9babf1cecb8b44ced2,395,FBgn0040297;A5SS:chr2L:21124614-21125317:21124521-21125317:+,FBgn0040297;A5:2L:21124614-21125317:21124521-21125317:+,A5SS,chr2L,+,21124614-21125317:21124521-21125317,No,0.083,0.02316777047,0.2281316174,6d_male_vs_female,6d,A5SS,No,Higher inclusion in male,980,FBgn0040297,Nhe2,chr2L,+,21124439,21124614,21124439,21124521,21125316,21125439,980,"10,1,3","0,0,0","3,1,27","0,0,5",212,119,0.02316777047,0.2281316174,"1.0,1.0,1.0","1.0,1.0,0.752",0.083
AGE0000858,AGE_SEX,6d,Ray Lab Data - 6d_significant.csv,2a03afd30c5fe86748a7a798b1919c9c79f3b37d69243d9babf1cecb8b44ced2,396,FBgn0025741;A5SS:chr4:1023680-1026770:1023680-1026963:-,FBgn0025741;A5:4:1023680-1026770:1023680-1026963:-,A5SS,chr4,-,1023680-1026770:1023680-1026963,No,-0.131,0.02408499989,0.2347679282,6d_male_vs_female,6d,A5SS,No,Higher inclusion in female,2337,FBgn0025741,PlexA,chr4,-,1026769,1027101,1026962,1027101,1022241,1023680,2337,"23,11,33","3,0,2","18,1,66","0,0,0",312,119,0.02408499989,0.2347679282,"0.745,1.0,0.863","1.0,1.0,1.0",-0.131
AGE0000859,AGE_SEX,6d,Ray Lab Data - 6d_significant.csv,2a03afd30c5fe86748a7a798b1919c9c79f3b37d69243d9babf1cecb8b44ced2,397,FBgn0039890;A5SS:chr4:190061-193545:190061-193673:-,FBgn0039890;A5:4:190061-193545:190061-193673:-,A5SS,chr4,-,190061-193545:190061-193673,No,0.327,0.02534910969,0.2382377755,6d_male_vs_female,6d,A5SS,No,Higher inclusion in male,2084,FBgn0039890,Abcd1,chr4,-,193544,193829,193672,193829,189997,190061,2084,"11,11,16","5,2,33","1,2,45","9,4,85",247,119,0.02534910969,0.2382377755,"0.515,0.726,0.189","0.051,0.194,0.203",0.327
AGE0000860,AGE_SEX,6d,Ray Lab Data - 6d_significant.csv,2a03afd30c5fe86748a7a798b1919c9c79f3b37d69243d9babf1cecb8b44ced2,398,FBgn0010548;A5SS:chr2R:7467316-7467474:7467316-7467483:-,FBgn0010548;A5:2R:7467316-7467474:7467316-7467483:-,A5SS,chr2R,-,7467316-7467474:7467316-7467483,No,0.134,0.02538728339,0.2382377755,6d_male_vs_female,6d,A5SS,No,Higher inclusion in male,1899,FBgn0010548,Aldh-III,chr2R,-,7467473,7467633,7467482,7467633,7466878,7467316,1899,"89,25,126","111,29,69","66,15,182","136,26,216",128,119,0.02538728339,0.2382377755,"0.427,0.445,0.629","0.311,0.349,0.439",0.134
AGE0000861,AGE_SEX,6d,Ray Lab Data - 6d_significant.csv,2a03afd30c5fe86748a7a798b1919c9c79f3b37d69243d9babf1cecb8b44ced2,399,FBgn0085478;A5SS:chrX:9355178-9356001:9355178-9356115:-,FBgn0085478;A5:X:9355178-9356001:9355178-9356115:-,A5SS,chrX,-,9355178-9356001:9355178-9356115,No,0.015,0.02522380774,0.2382377755,6d_male_vs_female,6d,A5SS,No,Higher inclusion in male,2437,FBgn0085478,Zdhhc8,chrX,-,9356000,9356227,9356114,9356227,9354461,9355178,2437,"364,76,329","6,0,2","367,44,783","10,0,15",233,119,0.02522380774,0.2382377755,"0.969,1.0,0.988","0.949,1.0,0.964",0.015
AGE0000862,AGE_SEX,6d,Ray Lab Data - 6d_significant.csv,2a03afd30c5fe86748a7a798b1919c9c79f3b37d69243d9babf1cecb8b44ced2,400,FBgn0285879;A5SS:chrX:16147209-16148742:16147209-16148918:-,FBgn0285879;A5:X:16147209-16148742:16147209-16148918:-,A5SS,chrX,-,16147209-16148742:16147209-16148918,No,0.003,0.02542848795,0.2382377755,6d_male_vs_female,6d,A5SS,No,Higher inclusion in male,233,FBgn0285879,disco-r,chrX,-,16148741,16148977,16148917,16148977,16146863,16147209,233,"123,22,223","1,0,3","125,14,678","0,0,18",295,119,0.02542848795,0.2382377755,"0.98,1.0,0.968","1.0,1.0,0.938",0.003
AGE0000863,AGE_SEX,6d,Ray Lab Data - 6d_significant.csv,2a03afd30c5fe86748a7a798b1919c9c79f3b37d69243d9babf1cecb8b44ced2,401,FBgn0086758;A5SS:chr2L:1651712-1652775:1651411-1652775:+,FBgn0086758;A5:2L:1651712-1652775:1651411-1652775:+,A5SS,chr2L,+,1651712-1652775:1651411-1652775,No,0.016,0.02619042545,0.2430169285,6d_male_vs_female,6d,A5SS,No,Higher inclusion in male,1373,FBgn0086758,chinmo,chr2L,+,1651257,1651712,1651257,1651411,1652774,1653835,1373,"1896,501,1345","14,3,14","1192,344,3126","20,3,40",420,119,0.02619042545,0.2430169285,"0.975,0.979,0.965","0.944,0.97,0.957",0.016
AGE0000864,AGE_SEX,6d,Ray Lab Data - 6d_significant.csv,2a03afd30c5fe86748a7a798b1919c9c79f3b37d69243d9babf1cecb8b44ced2,402,FBgn0263346;A5SS:chr3R:4659893-4660239:4659676-4660239:+,FBgn0263346;A5:3R:4659893-4660239:4659676-4660239:+,A5SS,chr3R,+,4659893-4660239:4659676-4660239,No,-0.357,0.02845843625,0.2598706118,6d_male_vs_female,6d,A5SS,No,Higher inclusion in female,395,FBgn0263346,smash,chr3R,+,4659578,4659893,4659578,4659676,4660238,4660399,395,"14,8,6","19,1,5","35,4,36","1,0,20",336,119,0.02845843625,0.2598706118,"0.207,0.739,0.298","0.925,1.0,0.389",-0.357
AGE0000865,AGE_SEX,6d,Ray Lab Data - 6d_significant.csv,2a03afd30c5fe86748a7a798b1919c9c79f3b37d69243d9babf1cecb8b44ced2,403,FBgn0039830;A5SS:chr3R:31219048-31219110:31219048-31219174:-,FBgn0039830;A5:3R:31219048-31219110:31219048-31219174:-,A5SS,chr3R,-,31219048-31219110:31219048-31219174,No,-0.046,0.02854537291,0.2598706118,6d_male_vs_female,6d,A5SS,No,Higher inclusion in female,2589,FBgn0039830,ATPsynC,chr3R,-,31219109,31219559,31219173,31219559,31218942,31219048,2589,"302,50,69","1,0,9","84,40,244","2,0,0",183,119,0.02854537291,0.2598706118,"0.995,1.0,0.833","0.965,1.0,1.0",-0.046
AGE0000866,AGE_SEX,6d,Ray Lab Data - 6d_significant.csv,2a03afd30c5fe86748a7a798b1919c9c79f3b37d69243d9babf1cecb8b44ced2,404,FBgn0036391;A5SS:chr3L:13986168-13992829:13986168-13992976:-,FBgn0036391;A5:3L:13986168-13992829:13986168-13992976:-,A5SS,chr3L,-,13986168-13992829:13986168-13992976,No,-0.124,0.02950852684,0.2636641518,6d_male_vs_female,6d,A5SS,No,Higher inclusion in female,1158,FBgn0036391,CG17364,chr3L,-,13992828,13993400,13992975,13993400,13985120,13986168,1158,"46,1,8","87,12,52","18,10,38","25,14,79",266,119,0.02950852684,0.2636641518,"0.191,0.036,0.064","0.244,0.242,0.177",-0.124
AGE0000867,AGE_SEX,6d,Ray Lab Data - 6d_significant.csv,2a03afd30c5fe86748a7a798b1919c9c79f3b37d69243d9babf1cecb8b44ced2,405,FBgn0283657;A5SS:chrX:3720513-3721376:3720322-3721376:+,FBgn0283657;A5:X:3720513-3721376:3720322-3721376:+,A5SS,chrX,+,3720513-3721376:3720322-3721376,No,-0.07,0.02924059141,0.2636641518,6d_male_vs_female,6d,A5SS,No,Higher inclusion in female,2041,FBgn0283657,Tlk,chrX,+,3720006,3720513,3720006,3720322,3721375,3721647,2041,"433,44,365","438,46,494","598,64,1134","384,44,1354",310,119,0.02924059141,0.2636641518,"0.275,0.269,0.221","0.374,0.358,0.243",-0.07
AGE0000868,AGE_SEX,6d,Ray Lab Data - 6d_significant.csv,2a03afd30c5fe86748a7a798b1919c9c79f3b37d69243d9babf1cecb8b44ced2,406,FBgn0001139;A5SS:chr3R:26042264-26042995:26042184-26042995:+,FBgn0001139;A5:3R:26042264-26042995:26042184-26042995:+,A5SS,chr3R,+,26042264-26042995:26042184-26042995,No,0.007,0.02994271444,0.2650891692,6d_male_vs_female,6d,A5SS,No,Higher inclusion in male,522,FBgn0001139,gro,chr3R,+,26042079,26042264,26042079,26042184,26042994,26043379,522,"191,28,218","0,0,3","117,23,473","0,0,13",199,119,0.02994271444,0.2650891692,"1.0,1.0,0.978","1.0,1.0,0.956",0.007
AGE0000869,AGE_SEX,6d,Ray Lab Data - 6d_significant.csv,2a03afd30c5fe86748a7a798b1919c9c79f3b37d69243d9babf1cecb8b44ced2,407,FBgn0017418;A5SS:chrX:18137050-18137365:18137050-18137576:-,FBgn0017418;A5:X:18137050-18137365:18137050-18137576:-,A5SS,chrX,-,18137050-18137365:18137050-18137576,No,-0.035,0.03099341225,0.2670414538,6d_male_vs_female,6d,A5SS,No,Higher inclusion in female,2104,FBgn0017418,ari-1,chrX,-,18137364,18137685,18137575,18137685,18136441,18137050,2104,"12,0,25","109,27,212","27,3,56","121,17,392",330,119,0.03099341225,0.2670414538,"0.038,0.0,0.041","0.074,0.06,0.049",-0.035
AGE0000870,AGE_SEX,6d,Ray Lab Data - 6d_significant.csv,2a03afd30c5fe86748a7a798b1919c9c79f3b37d69243d9babf1cecb8b44ced2,408,FBgn0261802;A5SS:chr2L:22157055-22158513:22156815-22158513:+,FBgn0261802;A5:2L:22157055-22158513:22156815-22158513:+,A5SS,chr2L,+,22157055-22158513:22156815-22158513,No,0.009,0.03044291228,0.2670414538,6d_male_vs_female,6d,A5SS,No,Higher inclusion in male,2595,FBgn0261802,CG42748,chr2L,+,22156620,22157055,22156620,22156815,22158512,22159611,2595,"1,0,0","3,4,10","0,0,8","4,2,34",359,119,0.03044291228,0.2670414538,"0.099,0.0,0.0","0.0,0.0,0.072",0.009
AGE0000871,AGE_SEX,6d,Ray Lab Data - 6d_significant.csv,2a03afd30c5fe86748a7a798b1919c9c79f3b37d69243d9babf1cecb8b44ced2,409,FBgn0035538;A5SS:chr3L:4379596-4379931:4379596-4380309:-,FBgn0035538;A5:3L:4379596-4379931:4379596-4380309:-,A5SS,chr3L,-,4379596-4379931:4379596-4380309,No,0.006,0.03092595062,0.2670414538,6d_male_vs_female,6d,A5SS,No,Higher inclusion in male,180,FBgn0035538,DopEcR,chr3L,-,4379930,4380387,4380308,4380387,4379420,4379596,180,"1365,310,1181","4,1,23","955,209,2234","7,0,52",497,119,0.03092595062,0.2670414538,"0.988,0.987,0.925","0.97,1.0,0.911",0.006
AGE0000872,AGE_SEX,6d,Ray Lab Data - 6d_significant.csv,2a03afd30c5fe86748a7a798b1919c9c79f3b37d69243d9babf1cecb8b44ced2,410,FBgn0267390;A5SS:chr3L:15566799-15568206:15566153-15568206:+,FBgn0267390;A5:3L:15566799-15568206:15566153-15568206:+,A5SS,chr3L,+,15566799-15568206:15566153-15568206,No,-0.055,0.03713251522,0.3158452349,6d_male_vs_female,6d,A5SS,No,Higher inclusion in female,249,FBgn0267390,dop,chr3L,+,15566012,15566799,15566012,15566153,15568205,15568970,249,"368,141,218","5,2,0","293,68,509","0,0,0",765,119,0.03713251522,0.3158452349,"0.92,0.916,1.0","1.0,1.0,1.0",-0.055
AGE0000873,AGE_SEX,6d,Ray Lab Data - 6d_significant.csv,2a03afd30c5fe86748a7a798b1919c9c79f3b37d69243d9babf1cecb8b44ced2,411,FBgn0026083;A5SS:chrX:4117281-4117964:4117236-4117964:+,FBgn0026083;A5:X:4117281-4117964:4117236-4117964:+,A5SS,chrX,+,4117281-4117964:4117236-4117964,No,0.053,0.03731228682,0.3158452349,6d_male_vs_female,6d,A5SS,No,Higher inclusion in male,2426,FBgn0026083,tyf,chrX,+,4117019,4117281,4117019,4117236,4117963,4118279,2426,"29,5,11","2,2,0","13,4,19","4,0,6",164,119,0.03731228682,0.3158452349,"0.913,0.645,1.0","0.702,1.0,0.697",0.053
AGE0000874,AGE_SEX,6d,Ray Lab Data - 6d_significant.csv,2a03afd30c5fe86748a7a798b1919c9c79f3b37d69243d9babf1cecb8b44ced2,412,FBgn0032938;A5SS:chr2L:21263179-21263648:21263123-21263648:+,FBgn0032938;A5:2L:21263179-21263648:21263123-21263648:+,A5SS,chr2L,+,21263179-21263648:21263123-21263648,No,0.036,0.03806921234,0.319450347,6d_male_vs_female,6d,A5SS,No,Higher inclusion in male,818,FBgn0032938,CG8671,chr2L,+,21262955,21263179,21262955,21263123,21263647,21263786,818,"85,20,105","720,132,728","39,4,244","628,120,1781",175,119,0.03806921234,0.319450347,"0.074,0.093,0.089","0.041,0.022,0.085",0.036
AGE0000875,AGE_SEX,6d,Ray Lab Data - 6d_significant.csv,2a03afd30c5fe86748a7a798b1919c9c79f3b37d69243d9babf1cecb8b44ced2,413,FBgn0052057;A5SS:chr3L:10182515-10186023:10182515-10186085:-,FBgn0052057;A5:3L:10182515-10186023:10182515-10186085:-,A5SS,chr3L,-,10182515-10186023:10182515-10186085,No,0.016,0.0389031937,0.3236343269,6d_male_vs_female,6d,A5SS,No,Higher inclusion in male,770,FBgn0052057,dpr10,chr3L,-,10186022,10186108,10186084,10186108,10182242,10182515,770,"302,46,83","3,0,1","221,24,194","2,0,9",181,119,0.0389031937,0.3236343269,"0.985,1.0,0.982","0.986,1.0,0.934",0.016
AGE0000876,AGE_SEX,6d,Ray Lab Data - 6d_significant.csv,2a03afd30c5fe86748a7a798b1919c9c79f3b37d69243d9babf1cecb8b44ced2,414,FBgn0013995;A5SS:chr3R:21010150-21011267:21008736-21011267:+,FBgn0013995;A5:3R:21010150-21011267:21008736-21011267:+,A5SS,chr3R,+,21010150-21011267:21008736-21011267,No,-0.333,0.04006635057,0.3304617803,6d_male_vs_female,6d,A5SS,No,Higher inclusion in female,865,FBgn0013995,Calx,chr3R,+,21008721,21010150,21008721,21008736,21011266,21011415,865,"13,4,0","0,0,2","1,9,4","0,0,0",1533,119,0.04006635057,0.3304617803,"1.0,1.0,0.0","1.0,1.0,1.0",-0.333
AGE0000877,AGE_SEX,6d,Ray Lab Data - 6d_significant.csv,2a03afd30c5fe86748a7a798b1919c9c79f3b37d69243d9babf1cecb8b44ced2,415,FBgn0026418;A5SS:chr3L:14037412-14037478:14037136-14037478:+,FBgn0026418;A5:3L:14037412-14037478:14037136-14037478:+,A5SS,chr3L,+,14037412-14037478:14037136-14037478,No,0.001,0.04132338661,0.3379412549,6d_male_vs_female,6d,A5SS,No,Higher inclusion in male,52,FBgn0026418,Hsp110,chr3L,+,14037018,14037412,14037018,14037136,14037477,14037750,52,"2592,213,1424","0,0,13","1858,209,3547","0,0,35",395,119,0.04132338661,0.3379412549,"1.0,1.0,0.971","1.0,1.0,0.968",0.001
AGE0000878,AGE_SEX,6d,Ray Lab Data - 6d_significant.csv,2a03afd30c5fe86748a7a798b1919c9c79f3b37d69243d9babf1cecb8b44ced2,416,FBgn0265959;A5SS:chr3L:20248325-20255898:20248150-20255898:+,FBgn0265959;A5:3L:20248325-20255898:20248150-20255898:+,A5SS,chr3L,+,20248325-20255898:20248150-20255898,No,0.036,0.04388500782,0.355874223,6d_male_vs_female,6d,A5SS,No,Higher inclusion in male,842,FBgn0265959,rdgC,chr3L,+,20248079,20248325,20248079,20248150,20255897,20256638,842,"11,4,13","0,0,2","6,3,20","0,0,5",294,119,0.04388500782,0.355874223,"1.0,1.0,0.725","1.0,1.0,0.618",0.036
AGE0000879,AGE_SEX,6d,Ray Lab Data - 6d_significant.csv,2a03afd30c5fe86748a7a798b1919c9c79f3b37d69243d9babf1cecb8b44ced2,417,FBgn0261550;A5SS:chr3R:20309666-20309904:20309630-20309904:+,FBgn0261550;A5:3R:20309666-20309904:20309630-20309904:+,A5SS,chr3R,+,20309666-20309904:20309630-20309904,No,-0.175,0.04594090574,0.3694414503,6d_male_vs_female,6d,A5SS,No,Higher inclusion in female,1731,FBgn0261550,Orp8,chr3R,+,20309343,20309666,20309343,20309630,20309903,20310638,1731,"20,2,61","65,5,90","40,4,129","38,3,191",155,119,0.04594090574,0.3694414503,"0.191,0.235,0.342","0.447,0.506,0.341",-0.175
AGE0000880,AGE_SEX,6d,Ray Lab Data - 6d_significant.csv,2a03afd30c5fe86748a7a798b1919c9c79f3b37d69243d9babf1cecb8b44ced2,418,FBgn0026083;A5SS:chrX:4117395-4117964:4117236-4117964:+,FBgn0026083;A5:X:4117395-4117964:4117236-4117964:+,A5SS,chrX,+,4117395-4117964:4117236-4117964,No,-0.039,0.04648633479,0.3707381246,6d_male_vs_female,6d,A5SS,No,Higher inclusion in female,2427,FBgn0026083,tyf,chrX,+,4117019,4117395,4117019,4117236,4117963,4118279,2427,"191,14,76","2,2,0","102,12,176","4,0,6",278,119,0.04648633479,0.3707381246,"0.976,0.75,1.0","0.916,1.0,0.926",-0.039
AGE0000881,AGE_SEX,6d,Ray Lab Data - 6d_significant.csv,2a03afd30c5fe86748a7a798b1919c9c79f3b37d69243d9babf1cecb8b44ced2,419,FBgn0052057;A5SS:chr3L:10182515-10185925:10182515-10186023:-,FBgn0052057;A5:3L:10182515-10185925:10182515-10186023:-,A5SS,chr3L,-,10182515-10185925:10182515-10186023,No,0.061,0.04900547636,0.3844738592,6d_male_vs_female,6d,A5SS,No,Higher inclusion in male,768,FBgn0052057,dpr10,chr3L,-,10185924,10186108,10186022,10186108,10182242,10182515,768,"66,4,417","0,0,8","44,11,987","5,0,25",217,119,0.04900547636,0.3844738592,"1.0,1.0,0.966","0.828,1.0,0.956",0.061
AGE0000882,AGE_SEX,6d,Ray Lab Data - 6d_significant.csv,2a03afd30c5fe86748a7a798b1919c9c79f3b37d69243d9babf1cecb8b44ced2,420,FBgn0267791;A5SS:chr2R:20605876-20606444:20605851-20606444:+,FBgn0267791;A5:2R:20605876-20606444:20605851-20606444:+,A5SS,chr2R,+,20605876-20606444:20605851-20606444,No,0.029,0.04891193259,0.3844738592,6d_male_vs_female,6d,A5SS,No,Higher inclusion in male,243,FBgn0267791,HnRNP-K,chr2R,+,20605681,20605876,20605681,20605851,20606443,20606854,243,"47,4,16","237,44,147","23,1,20","120,50,289",144,119,0.04891193259,0.3844738592,"0.141,0.07,0.083","0.137,0.016,0.054",0.029
AGE0000883,AGE_SEX,6d,Ray Lab Data - 6d_significant.csv,2a03afd30c5fe86748a7a798b1919c9c79f3b37d69243d9babf1cecb8b44ced2,421,FBgn0011708;RI:chr2L:16307346:16307389-16307483:16308329:+,FBgn0011708;RI:2L:16307346:16307389-16307483:16308329:+,RI,chr2L,+,16307346:16307389-16307483:16308329,Yes,0.341,0.000002112447189,0.0003950276244,6d_male_vs_female,6d,RI,Yes,Higher inclusion in male,1055,FBgn0011708,Syx5,chr2L,+,16307345,16308329,16307345,16307389,16307482,16308329,1055,"31,6,13","0,0,0","14,3,12","3,1,4",212,119,0.000002112447189,0.0003950276244,"1.0,1.0,1.0","0.724,0.627,0.627",0.341
AGE0000884,AGE_SEX,6d,Ray Lab Data - 6d_significant.csv,2a03afd30c5fe86748a7a798b1919c9c79f3b37d69243d9babf1cecb8b44ced2,422,FBgn0259789;RI:chrX:19775987:19782508-19782854:19783548:-,FBgn0259789;RI:X:19775987:19782508-19782854:19783548:-,RI,chrX,-,19775987:19782508-19782854:19783548,Yes,-0.217,0.000001763194372,0.0003950276244,6d_male_vs_female,6d,RI,Yes,Higher inclusion in female,1576,FBgn0259789,zld,chrX,-,19775986,19783548,19775986,19782508,19782853,19783548,1576,"237,53,178","77,19,85","509,47,689","75,6,142",464,119,0.000001763194372,0.0003950276244,"0.441,0.417,0.349","0.635,0.668,0.554",-0.217
AGE0000885,AGE_SEX,6d,Ray Lab Data - 6d_significant.csv,2a03afd30c5fe86748a7a798b1919c9c79f3b37d69243d9babf1cecb8b44ced2,423,FBgn0040395;RI:chrX:2080610:2080634-2080745:2081659:+,FBgn0040395;RI:X:2080610:2080634-2080745:2081659:+,RI,chrX,+,2080610:2080634-2080745:2081659,Yes,-0.287,0.00004650539815,0.003537047139,6d_male_vs_female,6d,RI,Yes,Higher inclusion in female,785,FBgn0040395,Unc-76,chrX,+,2080609,2081659,2080609,2080634,2080744,2081659,785,"75,9,52","13,4,8","34,12,181","0,0,8",229,119,0.00004650539815,0.003537047139,"0.75,0.539,0.772","1.0,1.0,0.922",-0.287
AGE0000886,AGE_SEX,6d,Ray Lab Data - 6d_significant.csv,2a03afd30c5fe86748a7a798b1919c9c79f3b37d69243d9babf1cecb8b44ced2,424,FBgn0038268;RI:chr3R:14879457:14879760-14879832:14880043:+,FBgn0038268;RI:3R:14879457:14879760-14879832:14880043:+,RI,chr3R,+,14879457:14879760-14879832:14880043,Yes,0.179,0.000155574679,0.007934308631,6d_male_vs_female,6d,RI,Yes,Higher inclusion in male,1403,FBgn0038268,CG3631,chr3R,+,14879456,14880043,14879456,14879760,14879831,14880043,1403,"6,6,22","10,8,20","4,3,17","30,5,82",190,119,0.000155574679,0.007934308631,"0.273,0.32,0.408","0.077,0.273,0.115",0.179
AGE0000887,AGE_SEX,6d,Ray Lab Data - 6d_significant.csv,2a03afd30c5fe86748a7a798b1919c9c79f3b37d69243d9babf1cecb8b44ced2,425,FBgn0038890;RI:chr3R:21525829:21526902-21527263:21527401:+,FBgn0038890;RI:3R:21525829:21526902-21527263:21527401:+,RI,chr3R,+,21525829:21526902-21527263:21527401,Yes,0.203,0.0002426949922,0.01121393058,6d_male_vs_female,6d,RI,Yes,Higher inclusion in male,408,FBgn0038890,sp3,chr3R,+,21525828,21527401,21525828,21526902,21527262,21527401,408,"95,20,62","1,0,1","91,8,80","1,1,10",479,119,0.0002426949922,0.01121393058,"0.959,1.0,0.939","0.958,0.665,0.665",0.203
AGE0000888,AGE_SEX,6d,Ray Lab Data - 6d_significant.csv,2a03afd30c5fe86748a7a798b1919c9c79f3b37d69243d9babf1cecb8b44ced2,426,FBgn0003638;RI:chrX:1040987:1042432-1043213:1043421:+,FBgn0003638;RI:X:1040987:1042432-1043213:1043421:+,RI,chrX,+,1040987:1042432-1043213:1043421,Yes,0.102,0.0002598593539,0.01121393058,6d_male_vs_female,6d,RI,Yes,Higher inclusion in male,899,FBgn0003638,su(w[a]),chrX,+,1040986,1043421,1040986,1042432,1043212,1043421,899,"292,63,110","0,0,2","144,62,247","10,0,3",899,119,0.0002598593539,0.01121393058,"1.0,1.0,0.879","0.656,1.0,0.916",0.102
AGE0000889,AGE_SEX,6d,Ray Lab Data - 6d_significant.csv,2a03afd30c5fe86748a7a798b1919c9c79f3b37d69243d9babf1cecb8b44ced2,427,FBgn0036890;RI:chr3L:19602042:19602060-19602656:19604120:+,FBgn0036890;RI:3L:19602042:19602060-19602656:19604120:+,RI,chr3L,+,19602042:19602060-19602656:19604120,Yes,-0.1,0.0003220841849,0.01290637341,6d_male_vs_female,6d,RI,Yes,Higher inclusion in female,66,FBgn0036890,CG9368,chr3L,+,19602041,19604120,19602041,19602060,19602655,19604120,66,"38,3,8","83,7,10","42,5,63","28,3,65",714,119,0.0003220841849,0.01290637341,"0.071,0.067,0.118","0.2,0.217,0.139",-0.1
AGE0000890,AGE_SEX,6d,Ray Lab Data - 6d_significant.csv,2a03afd30c5fe86748a7a798b1919c9c79f3b37d69243d9babf1cecb8b44ced2,428,FBgn0288229;RI:chr2L:122624:122994-123081:123629:-,FBgn0288229;RI:2L:122624:122994-123081:123629:-,RI,chr2L,-,122624:122994-123081:123629,Yes,0.143,0.0004575433472,0.01711212118,6d_male_vs_female,6d,RI,Yes,Higher inclusion in male,150,FBgn0288229,CG3164,chr2L,-,122623,123629,122623,122994,123080,123629,150,"94,11,10","0,0,3","40,15,83","9,5,7",205,119,0.0004575433472,0.01711212118,"1.0,1.0,0.659","0.721,0.635,0.873",0.143
AGE0000891,AGE_SEX,6d,Ray Lab Data - 6d_significant.csv,2a03afd30c5fe86748a7a798b1919c9c79f3b37d69243d9babf1cecb8b44ced2,429,FBgn0021764;RI:chrX:686834:687074-687573:687858:+,FBgn0021764;RI:X:686834:687074-687573:687858:+,RI,chrX,+,686834:687074-687573:687858,Yes,-0.276,0.0005265962815,0.01846378212,6d_male_vs_female,6d,RI,Yes,Higher inclusion in female,1172,FBgn0021764,sdk,chrX,+,686833,687858,686833,687074,687572,687858,1172,"58,3,21","9,0,6","63,16,57","0,0,3",617,119,0.0005265962815,0.01846378212,"0.554,1.0,0.403","1.0,1.0,0.786",-0.276
AGE0000892,AGE_SEX,6d,Ray Lab Data - 6d_significant.csv,2a03afd30c5fe86748a7a798b1919c9c79f3b37d69243d9babf1cecb8b44ced2,430,FBgn0051092;RI:chr3R:25699224:25699607-25699848:25700026:-,FBgn0051092;RI:3R:25699224:25699607-25699848:25700026:-,RI,chr3R,-,25699224:25699607-25699848:25700026,Yes,0.267,0.0009705267125,0.0286560782,6d_male_vs_female,6d,RI,Yes,Higher inclusion in male,929,FBgn0051092,LpR2,chr3R,-,25699223,25700026,25699223,25699607,25699847,25700026,929,"72,9,37","1,0,0","27,5,73","2,2,3",359,119,0.0009705267125,0.0286560782,"0.96,1.0,1.0","0.817,0.453,0.89",0.267
AGE0000893,AGE_SEX,6d,Ray Lab Data - 6d_significant.csv,2a03afd30c5fe86748a7a798b1919c9c79f3b37d69243d9babf1cecb8b44ced2,431,FBgn0026086;RI:chrX:1779090:1779258-1780062:1780244:+,FBgn0026086;RI:X:1779090:1779258-1780062:1780244:+,RI,chrX,+,1779090:1779258-1780062:1780244,Yes,-0.198,0.001478081463,0.04146018503,6d_male_vs_female,6d,RI,Yes,Higher inclusion in female,1106,FBgn0026086,Adar,chrX,+,1779089,1780244,1779089,1779258,1780061,1780244,1106,"63,18,60","35,9,14","44,11,86","7,2,12",922,119,0.001478081463,0.04146018503,"0.189,0.205,0.356","0.448,0.415,0.481",-0.198
AGE0000894,AGE_SEX,6d,Ray Lab Data - 6d_significant.csv,2a03afd30c5fe86748a7a798b1919c9c79f3b37d69243d9babf1cecb8b44ced2,432,FBgn0029720;RI:chrX:4658158:4658536-4659735:4660187:-,FBgn0029720;RI:X:4658158:4658536-4659735:4660187:-,RI,chrX,-,4658158:4658536-4659735:4660187,No,0.029,0.0000005763241137,0.0003233178278,6d_male_vs_female,6d,RI,No,Higher inclusion in male,1371,FBgn0029720,CG3009,chrX,-,4658157,4660187,4658157,4658536,4659734,4660187,1371,"92,15,63","84,25,214","6,10,142","79,17,549",1317,119,0.0000005763241137,0.0003233178278,"0.09,0.051,0.026","0.007,0.05,0.023",0.029
AGE0000895,AGE_SEX,6d,Ray Lab Data - 6d_significant.csv,2a03afd30c5fe86748a7a798b1919c9c79f3b37d69243d9babf1cecb8b44ced2,433,FBgn0040532;RI:chr3R:8822008:8822125-8822469:8822666:+,FBgn0040532;RI:3R:8822008:8822125-8822469:8822666:+,RI,chr3R,+,8822008:8822125-8822469:8822666,No,0.025,0.000003608708615,0.0005061213833,6d_male_vs_female,6d,RI,No,Higher inclusion in male,931,FBgn0040532,CG8369,chr3R,+,8822007,8822666,8822007,8822125,8822468,8822666,931,"238,50,49","784,204,156","105,46,24","339,240,561",462,119,0.000003608708615,0.0005061213833,"0.073,0.059,0.075","0.074,0.047,0.011",0.025
AGE0000896,AGE_SEX,6d,Ray Lab Data - 6d_significant.csv,2a03afd30c5fe86748a7a798b1919c9c79f3b37d69243d9babf1cecb8b44ced2,434,FBgn0023526;RI:chrX:2292325:2293293-2293353:2293411:-,FBgn0023526;RI:X:2292325:2293293-2293353:2293411:-,RI,chrX,-,2292325:2293293-2293353:2293411,No,-0.024,0.000005858996348,0.0006573793903,6d_male_vs_female,6d,RI,No,Higher inclusion in female,711,FBgn0023526,CG2865,chrX,-,2292324,2293411,2292324,2293293,2293352,2293411,711,"238,26,576","5,0,33","232,28,1434","3,0,17",178,119,0.000005858996348,0.0006573793903,"0.97,1.0,0.921","0.981,1.0,0.983",-0.024
AGE0000897,AGE_SEX,6d,Ray Lab Data - 6d_significant.csv,2a03afd30c5fe86748a7a798b1919c9c79f3b37d69243d9babf1cecb8b44ced2,435,FBgn0035639;RI:chr3L:5811386:5811918-5812065:5812228:+,FBgn0035639;RI:3L:5811386:5811918-5812065:5812228:+,RI,chr3L,+,5811386:5811918-5812065:5812228,No,-0.035,0.00001043999163,0.0009761392178,6d_male_vs_female,6d,RI,No,Higher inclusion in female,693,FBgn0035639,kri,chr3L,+,5811385,5812228,5811385,5811918,5812064,5812228,693,"1078,281,704","31,8,5","1224,167,1948","7,0,15",265,119,0.00001043999163,0.0009761392178,"0.94,0.94,0.984","0.987,1.0,0.983",-0.035
AGE0000898,AGE_SEX,6d,Ray Lab Data - 6d_significant.csv,2a03afd30c5fe86748a7a798b1919c9c79f3b37d69243d9babf1cecb8b44ced2,436,FBgn0023130;RI:chrX:1693615:1693958-1694122:1695474:-,FBgn0023130;RI:X:1693615:1693958-1694122:1695474:-,RI,chrX,-,1693615:1693958-1694122:1695474,No,0.098,0.00005043917489,0.003537047139,6d_male_vs_female,6d,RI,No,Higher inclusion in male,788,FBgn0023130,a6,chrX,-,1693614,1695474,1693614,1693958,1694121,1695474,788,"17,7,34","0,0,0","45,5,76","2,0,8",282,119,0.00005043917489,0.003537047139,"1.0,1.0,1.0","0.905,1.0,0.8",0.098
AGE0000899,AGE_SEX,6d,Ray Lab Data - 6d_significant.csv,2a03afd30c5fe86748a7a798b1919c9c79f3b37d69243d9babf1cecb8b44ced2,437,FBgn0052772;RI:chrX:4909102:4909319-4909452:4909797:+,FBgn0052772;RI:X:4909102:4909319-4909452:4909797:+,RI,chrX,+,4909102:4909319-4909452:4909797,No,0.039,0.00005956238433,0.003712721956,6d_male_vs_female,6d,RI,No,Higher inclusion in male,1167,FBgn0052772,CG32772,chrX,+,4909101,4909797,4909101,4909319,4909451,4909797,1167,"707,127,1039","8,0,12","358,79,1880","23,0,42",251,119,0.00005956238433,0.003712721956,"0.977,1.0,0.976","0.881,1.0,0.955",0.039
AGE0000900,AGE_SEX,6d,Ray Lab Data - 6d_significant.csv,2a03afd30c5fe86748a7a798b1919c9c79f3b37d69243d9babf1cecb8b44ced2,438,FBgn0028577;RI:chr3L:1499043:1499337-1501799:1501892:-,FBgn0028577;RI:3L:1499043:1499337-1501799:1501892:-,RI,chr3L,-,1499043:1499337-1501799:1501892,No,0.029,0.00008163670711,0.004579819269,6d_male_vs_female,6d,RI,No,Higher inclusion in male,147,FBgn0028577,hfp,chr3L,-,1499042,1501892,1499042,1499337,1501798,1501892,147,"7186,1478,4318","0,0,0","6073,1185,10773","27,0,0",2580,119,0.00008163670711,0.004579819269,"1.0,1.0,1.0","0.912,1.0,1.0",0.029
AGE0000901,AGE_SEX,6d,Ray Lab Data - 6d_significant.csv,2a03afd30c5fe86748a7a798b1919c9c79f3b37d69243d9babf1cecb8b44ced2,439,FBgn0260798;RI:chr2R:4470770:4470953-4471039:4471060:-,FBgn0260798;RI:2R:4470770:4470953-4471039:4471060:-,RI,chr2R,-,4470770:4470953-4471039:4471060,No,0.06,0.0006296759559,0.02077930655,6d_male_vs_female,6d,RI,No,Higher inclusion in male,1601,FBgn0260798,Gprk1,chr2R,-,4470769,4471060,4470769,4470953,4471038,4471060,1601,"126,19,133","0,0,0","52,15,384","5,0,9",204,119,0.0006296759559,0.02077930655,"1.0,1.0,1.0","0.858,1.0,0.961",0.06
AGE0000902,AGE_SEX,6d,Ray Lab Data - 6d_significant.csv,2a03afd30c5fe86748a7a798b1919c9c79f3b37d69243d9babf1cecb8b44ced2,440,FBgn0039229;RI:chr3R:24818803:24818849-24819729:24820767:+,FBgn0039229;RI:3R:24818803:24818849-24819729:24820767:+,RI,chr3R,+,24818803:24818849-24819729:24820767,No,0.091,0.0007879932776,0.02455912382,6d_male_vs_female,6d,RI,No,Higher inclusion in male,1314,FBgn0039229,Saf-B,chr3R,+,24818802,24820767,24818802,24818849,24819728,24820767,1314,"102,43,28","1,0,0","113,29,140","0,0,9",998,119,0.0007879932776,0.02455912382,"0.924,1.0,1.0","1.0,1.0,0.65",0.091
AGE0000903,AGE_SEX,6d,Ray Lab Data - 6d_significant.csv,2a03afd30c5fe86748a7a798b1919c9c79f3b37d69243d9babf1cecb8b44ced2,441,FBgn0002413;RI:chr3R:31060375:31060464-31061077:31061210:-,FBgn0002413;RI:3R:31060375:31060464-31061077:31061210:-,RI,chr3R,-,31060375:31060464-31061077:31061210,No,0.03,0.002183416854,0.05832842168,6d_male_vs_female,6d,RI,No,Higher inclusion in male,587,FBgn0002413,dco,chr3R,-,31060374,31061210,31060374,31060464,31061076,31061210,587,"1422,291,662","4,0,0","1131,240,1116","4,1,12",731,119,0.002183416854,0.05832842168,"0.983,1.0,1.0","0.979,0.975,0.938",0.03
AGE0000904,AGE_SEX,6d,Ray Lab Data - 6d_significant.csv,2a03afd30c5fe86748a7a798b1919c9c79f3b37d69243d9babf1cecb8b44ced2,442,FBgn0025936;RI:chr4:611285:611438-611513:611655:+,FBgn0025936;RI:4:611285:611438-611513:611655:+,RI,chr4,+,611285:611438-611513:611655,No,0.026,0.002506252209,0.06113076041,6d_male_vs_female,6d,RI,No,Higher inclusion in male,659,FBgn0025936,Eph,chr4,+,611284,611655,611284,611438,611512,611655,659,"103,6,40","0,0,1","42,7,110","0,0,9",193,119,0.002506252209,0.06113076041,"1.0,1.0,0.961","1.0,1.0,0.883",0.026
AGE0000905,AGE_SEX,6d,Ray Lab Data - 6d_significant.csv,2a03afd30c5fe86748a7a798b1919c9c79f3b37d69243d9babf1cecb8b44ced2,443,FBgn0085432;RI:chr4:72321:72335-72404:72594:+,FBgn0085432;RI:4:72321:72335-72404:72594:+,RI,chr4,+,72321:72335-72404:72594,No,0.012,0.002440438124,0.06113076041,6d_male_vs_female,6d,RI,No,Higher inclusion in male,893,FBgn0085432,pan,chr4,+,72320,72594,72320,72335,72403,72594,893,"84,14,88","0,0,3","6,11,232","0,0,14",187,119,0.002440438124,0.06113076041,"1.0,1.0,0.949","1.0,1.0,0.913",0.012
AGE0000906,AGE_SEX,6d,Ray Lab Data - 6d_significant.csv,2a03afd30c5fe86748a7a798b1919c9c79f3b37d69243d9babf1cecb8b44ced2,444,FBgn0039637;RI:chr3R:29123416:29123499-29123801:29124104:+,FBgn0039637;RI:3R:29123416:29123499-29123801:29124104:+,RI,chr3R,+,29123416:29123499-29123801:29124104,No,0.24,0.003143362851,0.07053706238,6d_male_vs_female,6d,RI,No,Higher inclusion in male,574,FBgn0039637,Ctl2,chr3R,+,29123415,29124104,29123415,29123499,29123800,29124104,574,"167,16,14","0,0,0","91,25,37","0,0,27",420,119,0.003143362851,0.07053706238,"1.0,1.0,1.0","1.0,1.0,0.28",0.24
AGE0000907,AGE_SEX,6d,Ray Lab Data - 6d_significant.csv,2a03afd30c5fe86748a7a798b1919c9c79f3b37d69243d9babf1cecb8b44ced2,445,FBgn0034181;RI:chr2R:17018063:17018266-17018384:17018925:-,FBgn0034181;RI:2R:17018063:17018266-17018384:17018925:-,RI,chr2R,-,17018063:17018266-17018384:17018925,No,0.225,0.003019288378,0.07053706238,6d_male_vs_female,6d,RI,No,Higher inclusion in male,1157,FBgn0034181,Paip1,chr2R,-,17018062,17018925,17018062,17018266,17018383,17018925,1157,"44,7,44","2,0,1","24,7,26","0,1,18",236,119,0.003019288378,0.07053706238,"0.917,1.0,0.957","1.0,0.779,0.421",0.225
AGE0000908,AGE_SEX,6d,Ray Lab Data - 6d_significant.csv,2a03afd30c5fe86748a7a798b1919c9c79f3b37d69243d9babf1cecb8b44ced2,446,FBgn0024232;RI:chr2R:16645882:16647105-16650813:16651125:+,FBgn0024232;RI:2R:16645882:16647105-16650813:16651125:+,RI,chr2R,+,16645882:16647105-16650813:16651125,No,0.209,0.00363991085,0.07562925876,6d_male_vs_female,6d,RI,No,Higher inclusion in male,1235,FBgn0024232,gprs,chr2R,+,16645881,16651125,16645881,16647105,16650812,16651125,1235,"294,48,85","5,3,7","58,35,102","4,4,28",3826,119,0.00363991085,0.07562925876,"0.647,0.332,0.274","0.311,0.214,0.102",0.209
AGE0000909,AGE_SEX,6d,Ray Lab Data - 6d_significant.csv,2a03afd30c5fe86748a7a798b1919c9c79f3b37d69243d9babf1cecb8b44ced2,447,FBgn0033021;RI:chr2R:5362830:5362885-5363063:5363104:-,FBgn0033021;RI:2R:5362830:5362885-5363063:5363104:-,RI,chr2R,-,5362830:5362885-5363063:5363104,No,0.045,0.003635235045,0.07562925876,6d_male_vs_female,6d,RI,No,Higher inclusion in male,1385,FBgn0033021,CG10417,chr2R,-,5362829,5363104,5362829,5362885,5363062,5363104,1385,"21,5,14","1,0,0","2,1,47","0,0,6",296,119,0.003635235045,0.07562925876,"0.894,1.0,1.0","1.0,1.0,0.759",0.045
AGE0000910,AGE_SEX,6d,Ray Lab Data - 6d_significant.csv,2a03afd30c5fe86748a7a798b1919c9c79f3b37d69243d9babf1cecb8b44ced2,448,FBgn0266848;RI:chrX:22454662:22455204-22455274:22455422:-,FBgn0266848;RI:X:22454662:22455204-22455274:22455422:-,RI,chrX,-,22454662:22455204-22455274:22455422,No,0.031,0.003971400297,0.07956984166,6d_male_vs_female,6d,RI,No,Higher inclusion in male,533,FBgn0266848,wap,chrX,-,22454661,22455422,22454661,22455204,22455273,22455422,533,"32,8,16","0,0,2","45,3,52","5,0,4",188,119,0.003971400297,0.07956984166,"1.0,1.0,0.835","0.851,1.0,0.892",0.031
AGE0000911,AGE_SEX,6d,Ray Lab Data - 6d_significant.csv,2a03afd30c5fe86748a7a798b1919c9c79f3b37d69243d9babf1cecb8b44ced2,449,FBgn0031069;RI:chrX:19750770:19751137-19751348:19751546:+,FBgn0031069;RI:X:19750770:19751137-19751348:19751546:+,RI,chrX,+,19750770:19751137-19751348:19751546,No,0.286,0.004570684369,0.08271464294,6d_male_vs_female,6d,RI,No,Higher inclusion in male,1005,FBgn0031069,Abcd3,chrX,+,19750769,19751546,19750769,19751137,19751347,19751546,1005,"11,3,13","0,0,0","3,2,10","0,0,22",329,119,0.004570684369,0.08271464294,"1.0,1.0,1.0","1.0,1.0,0.141",0.286
AGE0000912,AGE_SEX,6d,Ray Lab Data - 6d_significant.csv,2a03afd30c5fe86748a7a798b1919c9c79f3b37d69243d9babf1cecb8b44ced2,450,FBgn0015546;RI:chr2L:14364682:14365237-14365629:14366840:+,FBgn0015546;RI:2L:14364682:14365237-14365629:14366840:+,RI,chr2L,+,14364682:14365237-14365629:14366840,No,-0.165,0.004461194161,0.08271464294,6d_male_vs_female,6d,RI,No,Higher inclusion in female,1423,FBgn0015546,spel1,chr2L,+,14364681,14366840,14364681,14365237,14365628,14366840,1423,"47,29,70","2,2,4","142,31,188","0,0,4",510,119,0.004461194161,0.08271464294,"0.846,0.772,0.803","1.0,1.0,0.916",-0.165
AGE0000913,AGE_SEX,6d,Ray Lab Data - 6d_significant.csv,2a03afd30c5fe86748a7a798b1919c9c79f3b37d69243d9babf1cecb8b44ced2,451,FBgn0034963;RI:chr2R:24036720:24036914-24036975:24037140:-,FBgn0034963;RI:2R:24036720:24036914-24036975:24037140:-,RI,chr2R,-,24036720:24036914-24036975:24037140,No,0.003,0.004521546472,0.08271464294,6d_male_vs_female,6d,RI,No,Higher inclusion in male,989,FBgn0034963,Not11,chr2R,-,24036719,24037140,24036719,24036914,24036974,24037140,989,"22,3,3","571,64,638","7,0,74","473,84,1258",179,119,0.004521546472,0.08271464294,"0.025,0.03,0.003","0.01,0.0,0.038",0.003
AGE0000914,AGE_SEX,6d,Ray Lab Data - 6d_significant.csv,2a03afd30c5fe86748a7a798b1919c9c79f3b37d69243d9babf1cecb8b44ced2,452,FBgn0039240;RI:chr3R:24874993:24875999-24876247:24876654:-,FBgn0039240;RI:3R:24874993:24875999-24876247:24876654:-,RI,chr3R,-,24874993:24875999-24876247:24876654,No,0.333,0.005186703672,0.08558061058,6d_male_vs_female,6d,RI,No,Higher inclusion in male,879,FBgn0039240,CG3744,chr3R,-,24874992,24876654,24874992,24875999,24876246,24876654,879,"102,3,28","0,0,0","0,1,70","10,0,0",366,119,0.005186703672,0.08558061058,"1.0,1.0,1.0","0.0,1.0,1.0",0.333
AGE0000915,AGE_SEX,6d,Ray Lab Data - 6d_significant.csv,2a03afd30c5fe86748a7a798b1919c9c79f3b37d69243d9babf1cecb8b44ced2,453,FBgn0037261;RI:chr3R:4638010:4638409-4638544:4638839:-,FBgn0037261;RI:3R:4638010:4638409-4638544:4638839:-,RI,chr3R,-,4638010:4638409-4638544:4638839,No,0.134,0.005049493935,0.08558061058,6d_male_vs_female,6d,RI,No,Higher inclusion in male,631,FBgn0037261,CG9775,chr3R,-,4638009,4638839,4638009,4638409,4638543,4638839,631,"39,12,46","28,17,40","4,10,101","45,11,140",253,119,0.005049493935,0.08558061058,"0.396,0.249,0.351","0.04,0.3,0.253",0.134
AGE0000916,AGE_SEX,6d,Ray Lab Data - 6d_significant.csv,2a03afd30c5fe86748a7a798b1919c9c79f3b37d69243d9babf1cecb8b44ced2,454,FBgn0050392;RI:chr2R:21290914:21290970-21291032:21291581:-,FBgn0050392;RI:2R:21290914:21290970-21291032:21291581:-,RI,chr2R,-,21290914:21290970-21291032:21291581,No,0.014,0.004933244992,0.08558061058,6d_male_vs_female,6d,RI,No,Higher inclusion in male,585,FBgn0050392,CG30392,chr2R,-,21290913,21291581,21290913,21290970,21291031,21291581,585,"806,107,515","0,4,11","478,109,1148","17,4,19",180,119,0.004933244992,0.08558061058,"1.0,0.946,0.969","0.949,0.947,0.976",0.014
AGE0000917,AGE_SEX,6d,Ray Lab Data - 6d_significant.csv,2a03afd30c5fe86748a7a798b1919c9c79f3b37d69243d9babf1cecb8b44ced2,455,FBgn0037719;RI:chr3R:9589468:9589782-9589883:9591002:-,FBgn0037719;RI:3R:9589468:9589782-9589883:9591002:-,RI,chr3R,-,9589468:9589782-9589883:9591002,No,0.561,0.00595980902,0.08572956053,6d_male_vs_female,6d,RI,No,Higher inclusion in male,1260,FBgn0037719,bocks,chr3R,-,9589467,9591002,9589467,9589782,9589882,9591002,1260,"4,4,24","0,0,4","0,3,30","2,1,19",219,119,0.00595980902,0.08572956053,"1.0,1.0,0.765","0.0,0.62,0.462",0.561
AGE0000918,AGE_SEX,6d,Ray Lab Data - 6d_significant.csv,2a03afd30c5fe86748a7a798b1919c9c79f3b37d69243d9babf1cecb8b44ced2,456,FBgn0037466;RI:chr3R:7069006:7069188-7069285:7069938:+,FBgn0037466;RI:3R:7069006:7069188-7069285:7069938:+,RI,chr3R,+,7069006:7069188-7069285:7069938,No,0.447,0.005817191583,0.08572956053,6d_male_vs_female,6d,RI,No,Higher inclusion in male,1151,FBgn0037466,CG1965,chr3R,+,7069005,7069938,7069005,7069188,7069284,7069938,1151,"1,3,6","3,0,0","0,0,24","4,1,3",215,119,0.005817191583,0.08572956053,"0.156,1.0,1.0","0.0,0.0,0.816",0.447
AGE0000919,AGE_SEX,6d,Ray Lab Data - 6d_significant.csv,2a03afd30c5fe86748a7a798b1919c9c79f3b37d69243d9babf1cecb8b44ced2,457,FBgn0262972;RI:chr3R:11247631:11250933-11254558:11255339:-,FBgn0262972;RI:3R:11247631:11250933-11254558:11255339:-,RI,chr3R,-,11247631:11250933-11254558:11255339,No,0.283,0.005827251785,0.08572956053,6d_male_vs_female,6d,RI,No,Higher inclusion in male,309,FBgn0262972,lncRNA:cherub,chr3R,-,11247630,11255339,11247630,11250933,11254557,11255339,309,"141,39,123","0,0,0","24,19,39","0,0,7",3743,119,0.005827251785,0.08572956053,"1.0,1.0,1.0","1.0,1.0,0.15",0.283
AGE0000920,AGE_SEX,6d,Ray Lab Data - 6d_significant.csv,2a03afd30c5fe86748a7a798b1919c9c79f3b37d69243d9babf1cecb8b44ced2,458,FBgn0040319;RI:chrX:8115417:8115580-8115992:8116147:-,FBgn0040319;RI:X:8115417:8115580-8115992:8116147:-,RI,chrX,-,8115417:8115580-8115992:8116147,No,-0.044,0.005924268583,0.08572956053,6d_male_vs_female,6d,RI,No,Higher inclusion in female,1178,FBgn0040319,Gclc,chrX,-,8115416,8116147,8115416,8115580,8115991,8116147,1178,"536,58,95","7,1,3","568,55,306","0,1,3",530,119,0.005924268583,0.08572956053,"0.945,0.929,0.877","1.0,0.925,0.958",-0.044
AGE0000921,AGE_SEX,6d,Ray Lab Data - 6d_significant.csv,2a03afd30c5fe86748a7a798b1919c9c79f3b37d69243d9babf1cecb8b44ced2,459,FBgn0053054;RI:chr3L:21197411:21197490-21197549:21197637:-,FBgn0053054;RI:3L:21197411:21197490-21197549:21197637:-,RI,chr3L,-,21197411:21197490-21197549:21197637,No,0.005,0.005701887743,0.08572956053,6d_male_vs_female,6d,RI,No,Higher inclusion in male,672,FBgn0053054,Targ1,chr3L,-,21197410,21197637,21197410,21197490,21197548,21197637,672,"472,98,274","7,5,3","374,61,590","4,1,36",177,119,0.005701887743,0.08572956053,"0.978,0.929,0.984","0.984,0.976,0.917",0.005
AGE0000922,AGE_SEX,6d,Ray Lab Data - 6d_significant.csv,2a03afd30c5fe86748a7a798b1919c9c79f3b37d69243d9babf1cecb8b44ced2,460,FBgn0034002;RI:chr2R:15221899:15221980-15222044:15222425:+,FBgn0034002;RI:2R:15221899:15221980-15222044:15222425:+,RI,chr2R,+,15221899:15221980-15222044:15222425,No,-0.124,0.007086417727,0.09696293524,6d_male_vs_female,6d,RI,No,Higher inclusion in female,1242,FBgn0034002,CG8079,chr2R,+,15221898,15222425,15221898,15221980,15222043,15222425,1242,"266,49,138","150,20,111","321,37,405","82,12,188",182,119,0.007086417727,0.09696293524,"0.537,0.616,0.448","0.719,0.668,0.585",-0.124
AGE0000923,AGE_SEX,6d,Ray Lab Data - 6d_significant.csv,2a03afd30c5fe86748a7a798b1919c9c79f3b37d69243d9babf1cecb8b44ced2,461,FBgn0033088;RI:chr2R:6674261:6674727-6674781:6675061:+,FBgn0033088;RI:2R:6674261:6674727-6674781:6675061:+,RI,chr2R,+,6674261:6674727-6674781:6675061,No,-0.016,0.006971352466,0.09696293524,6d_male_vs_female,6d,RI,No,Higher inclusion in female,1263,FBgn0033088,PGAP3,chr2R,+,6674260,6675061,6674260,6674727,6674780,6675061,1263,"3,1,2","285,69,311","9,2,16","218,69,528",172,119,0.006971352466,0.09696293524,"0.007,0.01,0.004","0.028,0.02,0.021",-0.016
AGE0000924,AGE_SEX,6d,Ray Lab Data - 6d_significant.csv,2a03afd30c5fe86748a7a798b1919c9c79f3b37d69243d9babf1cecb8b44ced2,462,FBgn0261556;RI:chr3L:20197482:20197802-20197912:20198317:-,FBgn0261556;RI:3L:20197482:20197802-20197912:20198317:-,RI,chr3L,-,20197482:20197802-20197912:20198317,No,-0.372,0.007659647565,0.1023110068,6d_male_vs_female,6d,RI,No,Higher inclusion in female,1558,FBgn0261556,CG42674,chr3L,-,20197481,20198317,20197481,20197802,20197911,20198317,1558,"31,3,2","3,1,4","20,5,9","3,0,0",228,119,0.007659647565,0.1023110068,"0.844,0.61,0.207","0.777,1.0,1.0",-0.372
AGE0000925,AGE_SEX,6d,Ray Lab Data - 6d_significant.csv,2a03afd30c5fe86748a7a798b1919c9c79f3b37d69243d9babf1cecb8b44ced2,463,FBgn0031257;RI:chr2L:456797:456897-456973:457338:+,FBgn0031257;RI:2L:456797:456897-456973:457338:+,RI,chr2L,+,456797:456897-456973:457338,No,-0.265,0.008482119732,0.1094135015,6d_male_vs_female,6d,RI,No,Higher inclusion in female,874,FBgn0031257,CG4133,chr2L,+,456796,457338,456796,456897,456972,457338,874,"11,0,0","9,7,12","18,7,15","27,4,13",194,119,0.008482119732,0.1094135015,"0.428,0.0,0.0","0.29,0.518,0.414",-0.265
AGE0000926,AGE_SEX,6d,Ray Lab Data - 6d_significant.csv,2a03afd30c5fe86748a7a798b1919c9c79f3b37d69243d9babf1cecb8b44ced2,464,FBgn0038246;RI:chr3R:14609642:14609867-14609968:14610107:+,FBgn0038246;RI:3R:14609642:14609867-14609968:14610107:+,RI,chr3R,+,14609642:14609867-14609968:14610107,No,-0.215,0.0085814511,0.1094135015,6d_male_vs_female,6d,RI,No,Higher inclusion in female,1255,FBgn0038246,CG14853,chr3R,+,14609641,14610107,14609641,14609867,14609967,14610107,1255,"76,5,24","0,1,10","27,7,118","0,0,4",219,119,0.0085814511,0.1094135015,"1.0,0.731,0.566","1.0,1.0,0.941",-0.215
AGE0000927,AGE_SEX,6d,Ray Lab Data - 6d_significant.csv,2a03afd30c5fe86748a7a798b1919c9c79f3b37d69243d9babf1cecb8b44ced2,465,FBgn0024807;RI:chrX:21628361:21628709-21629974:21630148:-,FBgn0024807;RI:X:21628361:21628709-21629974:21630148:-,RI,chrX,-,21628361:21628709-21629974:21630148,No,-0.102,0.01338405737,0.1668545819,6d_male_vs_female,6d,RI,No,Higher inclusion in female,1374,FBgn0024807,DIP1,chrX,-,21628360,21630148,21628360,21628709,21629973,21630148,1374,"143,10,88","0,1,0","59,15,232","0,0,6",1383,119,0.01338405737,0.1668545819,"1.0,0.462,1.0","1.0,1.0,0.769",-0.102
AGE0000928,AGE_SEX,6d,Ray Lab Data - 6d_significant.csv,2a03afd30c5fe86748a7a798b1919c9c79f3b37d69243d9babf1cecb8b44ced2,466,FBgn0259936;RI:chr2L:20648189:20648248-20648420:20648479:+,FBgn0259936;RI:2L:20648189:20648248-20648420:20648479:+,RI,chr2L,+,20648189:20648248-20648420:20648479,No,-0.014,0.01419262007,0.1730882578,6d_male_vs_female,6d,RI,No,Higher inclusion in female,447,FBgn0259936,Uhg3,chr2L,+,20648188,20648479,20648188,20648248,20648419,20648479,447,"17,7,42","617,103,498","1,16,159","587,100,1224",290,119,0.01419262007,0.1730882578,"0.011,0.027,0.033","0.001,0.062,0.051",-0.014
AGE0000929,AGE_SEX,6d,Ray Lab Data - 6d_significant.csv,2a03afd30c5fe86748a7a798b1919c9c79f3b37d69243d9babf1cecb8b44ced2,467,FBgn0019660;RI:chrX:11579349:11579399-11579453:11579528:+,FBgn0019660;RI:X:11579349:11579399-11579453:11579528:+,RI,chrX,+,11579349:11579399-11579453:11579528,No,-0.015,0.01899586327,0.2267378574,6d_male_vs_female,6d,RI,No,Higher inclusion in female,114,FBgn0019660,lncRNA:roX2,chrX,+,11579348,11579528,11579348,11579399,11579452,11579528,114,"5362,797,4222","32,11,195","54,6,70","1,0,1",172,119,0.01899586327,0.2267378574,"0.991,0.98,0.937","0.974,1.0,0.98",-0.015
AGE0000930,AGE_SEX,6d,Ray Lab Data - 6d_significant.csv,2a03afd30c5fe86748a7a798b1919c9c79f3b37d69243d9babf1cecb8b44ced2,468,FBgn0037238;RI:chr3R:4364566:4365541-4365702:4365890:+,FBgn0037238;RI:3R:4364566:4365541-4365702:4365890:+,RI,chr3R,+,4364566:4365541-4365702:4365890,No,0.024,0.01993765798,0.2330213776,6d_male_vs_female,6d,RI,No,Higher inclusion in male,1112,FBgn0037238,CG1090,chr3R,+,4364565,4365890,4364565,4365541,4365701,4365890,1112,"9,9,17","82,42,100","6,3,9","48,25,157",279,119,0.01993765798,0.2330213776,"0.045,0.084,0.068","0.051,0.049,0.024",0.024
AGE0000931,AGE_SEX,6d,Ray Lab Data - 6d_significant.csv,2a03afd30c5fe86748a7a798b1919c9c79f3b37d69243d9babf1cecb8b44ced2,469,FBgn0262519;RI:chr3L:19882051:19882297-19882365:19882588:-,FBgn0262519;RI:3L:19882051:19882297-19882365:19882588:-,RI,chr3L,-,19882051:19882297-19882365:19882588,No,0.026,0.0211472119,0.2421139975,6d_male_vs_female,6d,RI,No,Higher inclusion in male,703,FBgn0262519,Mi-2,chr3L,-,19882050,19882588,19882050,19882297,19882364,19882588,703,"127,57,95","1,0,1","99,48,221","5,0,5",186,119,0.0211472119,0.2421139975,"0.988,1.0,0.984","0.927,1.0,0.966",0.026
AGE0000932,AGE_SEX,6d,Ray Lab Data - 6d_significant.csv,2a03afd30c5fe86748a7a798b1919c9c79f3b37d69243d9babf1cecb8b44ced2,470,FBgn0001169;RI:chr3R:20621938:20622498-20622584:20623298:+,FBgn0001169;RI:3R:20621938:20622498-20622584:20623298:+,RI,chr3R,+,20621938:20622498-20622584:20623298,No,0.259,0.02185932874,0.2427455005,6d_male_vs_female,6d,RI,No,Higher inclusion in male,975,FBgn0001169,H,chr3R,+,20621937,20623298,20621937,20622498,20622583,20623298,975,"48,10,8","1,4,5","67,7,4","14,5,27",204,119,0.02185932874,0.2427455005,"0.966,0.593,0.483","0.736,0.45,0.08",0.259
AGE0000933,AGE_SEX,6d,Ray Lab Data - 6d_significant.csv,2a03afd30c5fe86748a7a798b1919c9c79f3b37d69243d9babf1cecb8b44ced2,471,FBgn0004118;RI:chr3R:24511484:24511659-24513695:24513822:-,FBgn0004118;RI:3R:24511484:24511659-24513695:24513822:-,RI,chr3R,-,24511484:24511659-24513695:24513822,No,0.002,0.02206777278,0.2427455005,6d_male_vs_female,6d,RI,No,Higher inclusion in male,378,FBgn0004118,nAChRbeta2,chr3R,-,24511483,24513822,24511483,24511659,24513694,24513822,378,"39,39,51","0,2,0","124,15,133","0,0,7",2154,119,0.02206777278,0.2427455005,"1.0,0.519,1.0","1.0,1.0,0.512",0.002
AGE0000934,AGE_SEX,6d,Ray Lab Data - 6d_significant.csv,2a03afd30c5fe86748a7a798b1919c9c79f3b37d69243d9babf1cecb8b44ced2,472,FBgn0037525;RI:chr3R:7885854:7886168-7886596:7886733:-,FBgn0037525;RI:3R:7885854:7886168-7886596:7886733:-,RI,chr3R,-,7885854:7886168-7886596:7886733,No,0.044,0.02420116916,0.2610933826,6d_male_vs_female,6d,RI,No,Higher inclusion in male,1022,FBgn0037525,CG17816,chr3R,-,7885853,7886733,7885853,7886168,7886595,7886733,1022,"361,53,725","5,0,3","524,56,1555","11,1,17",546,119,0.02420116916,0.2610933826,"0.94,1.0,0.981","0.912,0.924,0.952",0.044
AGE0000935,AGE_SEX,6d,Ray Lab Data - 6d_significant.csv,2a03afd30c5fe86748a7a798b1919c9c79f3b37d69243d9babf1cecb8b44ced2,473,FBgn0037313;RI:chr3R:5356003:5356128-5356425:5356748:+,FBgn0037313;RI:3R:5356003:5356128-5356425:5356748:+,RI,chr3R,+,5356003:5356128-5356425:5356748,No,-0.024,0.02502741843,0.264912863,6d_male_vs_female,6d,RI,No,Higher inclusion in female,1413,FBgn0037313,CG1161,chr3R,+,5356002,5356748,5356002,5356128,5356424,5356748,1413,"96,8,27","229,84,509","30,25,222","125,63,1096",415,119,0.02502741843,0.264912863,"0.107,0.027,0.015","0.064,0.102,0.055",-0.024
AGE0000936,AGE_SEX,6d,Ray Lab Data - 6d_significant.csv,2a03afd30c5fe86748a7a798b1919c9c79f3b37d69243d9babf1cecb8b44ced2,474,FBgn0035464;RI:chr3L:3813117:3813360-3813451:3813958:+,FBgn0035464;RI:3L:3813117:3813360-3813451:3813958:+,RI,chr3L,+,3813117:3813360-3813451:3813958,No,0.214,0.02643736708,0.2746548691,6d_male_vs_female,6d,RI,No,Higher inclusion in male,178,FBgn0035464,PIG-B,chr3L,+,3813116,3813958,3813116,3813360,3813450,3813958,178,"17,0,27","10,8,5","0,3,20","32,2,68",209,119,0.02643736708,0.2746548691,"0.492,0.0,0.755","0.0,0.461,0.143",0.214
AGE0000937,AGE_SEX,6d,Ray Lab Data - 6d_significant.csv,2a03afd30c5fe86748a7a798b1919c9c79f3b37d69243d9babf1cecb8b44ced2,475,FBgn0029688;RI:chrX:3964701:3964951-3965272:3965327:-,FBgn0029688;RI:X:3964701:3964951-3965272:3965327:-,RI,chrX,-,3964701:3964951-3965272:3965327,No,0.113,0.02693486003,0.2747355723,6d_male_vs_female,6d,RI,No,Higher inclusion in male,731,FBgn0029688,lva,chrX,-,3964700,3965327,3964700,3964951,3965271,3965327,731,"51,4,3","1,0,0","54,4,27","0,0,5",439,119,0.02693486003,0.2747355723,"0.933,1.0,1.0","1.0,1.0,0.594",0.113
AGE0000938,AGE_SEX,6d,Ray Lab Data - 6d_significant.csv,2a03afd30c5fe86748a7a798b1919c9c79f3b37d69243d9babf1cecb8b44ced2,476,FBgn0261244;RI:chrX:13808370:13808494-13808794:13811493:+,FBgn0261244;RI:X:13808370:13808494-13808794:13811493:+,RI,chrX,+,13808370:13808494-13808794:13811493,No,-0.126,0.02832354203,0.2837411979,6d_male_vs_female,6d,RI,No,Higher inclusion in female,1598,FBgn0261244,inaE,chrX,+,13808369,13811493,13808369,13808494,13808793,13811493,1598,"211,57,108","8,8,8","139,53,251","1,2,11",418,119,0.02832354203,0.2837411979,"0.882,0.67,0.794","0.975,0.883,0.867",-0.126
AGE0000939,AGE_SEX,6d,Ray Lab Data - 6d_significant.csv,2a03afd30c5fe86748a7a798b1919c9c79f3b37d69243d9babf1cecb8b44ced2,477,FBgn0259722;RI:chrX:254876:254921-254984:255524:+,FBgn0259722;RI:X:254876:254921-254984:255524:+,RI,chrX,+,254876:254921-254984:255524,No,-0.557,0.03050747473,0.2950809193,6d_male_vs_female,6d,RI,No,Higher inclusion in female,926,FBgn0259722,CG42376,chrX,+,254875,255524,254875,254921,254983,255524,926,"0,0,4","2,2,7","3,1,13","1,0,22",181,119,0.03050747473,0.2950809193,"0.0,0.0,0.273","0.664,1.0,0.28",-0.557
AGE0000940,AGE_SEX,6d,Ray Lab Data - 6d_significant.csv,2a03afd30c5fe86748a7a798b1919c9c79f3b37d69243d9babf1cecb8b44ced2,478,FBgn0285879;RI:chrX:16146864:16147209-16148918:16148977:-,FBgn0285879;RI:X:16146864:16147209-16148918:16148977:-,RI,chrX,-,16146864:16147209-16148918:16148977,No,0.018,0.03048265413,0.2950809193,6d_male_vs_female,6d,RI,No,Higher inclusion in male,163,FBgn0285879,disco-r,chrX,-,16146863,16148977,16146863,16147209,16148917,16148977,163,"367,77,356","1,0,3","242,42,1044","0,0,18",1827,119,0.03048265413,0.2950809193,"0.96,1.0,0.885","1.0,1.0,0.791",0.018
AGE0000941,AGE_SEX,6d,Ray Lab Data - 6d_significant.csv,2a03afd30c5fe86748a7a798b1919c9c79f3b37d69243d9babf1cecb8b44ced2,479,FBgn0039581;RI:chr3R:28341372:28341459-28342185:28342214:+,FBgn0039581;RI:3R:28341372:28341459-28342185:28342214:+,RI,chr3R,+,28341372:28341459-28342185:28342214,No,-0.043,0.03263482199,0.3103073752,6d_male_vs_female,6d,RI,No,Higher inclusion in female,347,FBgn0039581,Moca-cyp,chr3R,+,28341371,28342214,28341371,28341459,28342184,28342214,347,"193,62,84","108,24,110","185,41,260","107,21,94",844,119,0.03263482199,0.3103073752,"0.201,0.267,0.097","0.196,0.216,0.281",-0.043
AGE0000942,AGE_SEX,6d,Ray Lab Data - 6d_significant.csv,2a03afd30c5fe86748a7a798b1919c9c79f3b37d69243d9babf1cecb8b44ced2,480,FBgn0000578;RI:chr2R:19141632:19141770-19142207:19142354:+,FBgn0000578;RI:2R:19141632:19141770-19142207:19142354:+,RI,chr2R,+,19141632:19141770-19142207:19142354,No,0.025,0.03599348621,0.336539096,6d_male_vs_female,6d,RI,No,Higher inclusion in male,1430,FBgn0000578,ena,chr2R,+,19141631,19142354,19141631,19141770,19142206,19142354,1430,"512,119,200","1,1,2","307,81,429","5,1,4",555,119,0.03599348621,0.336539096,"0.991,0.962,0.955","0.929,0.946,0.958",0.025
AGE0000943,AGE_SEX,6d,Ray Lab Data - 6d_significant.csv,2a03afd30c5fe86748a7a798b1919c9c79f3b37d69243d9babf1cecb8b44ced2,481,FBgn0000382;RI:chrX:2111205:2111623-2111704:2115701:+,FBgn0000382;RI:X:2111205:2111623-2111704:2115701:+,RI,chrX,+,2111205:2111623-2111704:2115701,No,0.419,0.03836047834,0.3440632999,6d_male_vs_female,6d,RI,No,Higher inclusion in male,1037,FBgn0000382,csw,chrX,+,2111204,2115701,2111204,2111623,2111703,2115701,1037,"5,4,6","13,1,3","0,0,12","2,1,33",199,119,0.03836047834,0.3440632999,"0.187,0.705,0.545","0.0,0.0,0.179",0.419
AGE0000944,AGE_SEX,6d,Ray Lab Data - 6d_significant.csv,2a03afd30c5fe86748a7a798b1919c9c79f3b37d69243d9babf1cecb8b44ced2,482,FBgn0031896;RI:chr2L:7196313:7196695-7196751:7196857:-,FBgn0031896;RI:2L:7196313:7196695-7196751:7196857:-,RI,chr2L,-,7196313:7196695-7196751:7196857,No,0.148,0.03863812458,0.3440632999,6d_male_vs_female,6d,RI,No,Higher inclusion in male,523,FBgn0031896,CG4502,chr2L,-,7196312,7196857,7196312,7196695,7196750,7196857,523,"62,94,428","1,2,15","10,91,923","5,3,53",174,119,0.03863812458,0.3440632999,"0.977,0.97,0.951","0.578,0.954,0.923",0.148
AGE0000945,AGE_SEX,6d,Ray Lab Data - 6d_significant.csv,2a03afd30c5fe86748a7a798b1919c9c79f3b37d69243d9babf1cecb8b44ced2,483,FBgn0030719;RI:chrX:15988617:15989109-15989438:15989476:-,FBgn0030719;RI:X:15988617:15989109-15989438:15989476:-,RI,chrX,-,15988617:15989109-15989438:15989476,No,-0.021,0.03821776909,0.3440632999,6d_male_vs_female,6d,RI,No,Higher inclusion in female,1400,FBgn0030719,eIF5,chrX,-,15988616,15989476,15988616,15989109,15989437,15989476,1400,"1006,209,749","8,1,5","728,152,1664","0,0,3",447,119,0.03821776909,0.3440632999,"0.971,0.982,0.976","1.0,1.0,0.993",-0.021
AGE0000946,AGE_SEX,6d,Ray Lab Data - 6d_significant.csv,2a03afd30c5fe86748a7a798b1919c9c79f3b37d69243d9babf1cecb8b44ced2,484,FBgn0026576;RI:chr3R:24051681:24051755-24051838:24053592:+,FBgn0026576;RI:3R:24051681:24051755-24051838:24053592:+,RI,chr3R,+,24051681:24051755-24051838:24053592,No,-0.05,0.03968056783,0.3478249774,6d_male_vs_female,6d,RI,No,Higher inclusion in female,388,FBgn0026576,Pisd,chr3R,+,24051680,24053592,24051680,24051755,24051837,24053592,388,"76,11,41","3,0,3","19,20,145","0,0,2",201,119,0.03968056783,0.3478249774,"0.937,1.0,0.89","1.0,1.0,0.977",-0.05
AGE0000947,AGE_SEX,6d,Ray Lab Data - 6d_significant.csv,2a03afd30c5fe86748a7a798b1919c9c79f3b37d69243d9babf1cecb8b44ced2,485,FBgn0262124;RI:chr2R:3942934:3943141-3943196:3943335:-,FBgn0262124;RI:2R:3942934:3943141-3943196:3943335:-,RI,chr2R,-,3942934:3943141-3943196:3943335,No,0.076,0.04180719246,0.3553611359,6d_male_vs_female,6d,RI,No,Higher inclusion in male,1039,FBgn0262124,uex,chr2R,-,3942933,3943335,3942933,3943141,3943195,3943335,1039,"35,10,76","0,4,6","17,13,174","5,2,33",173,119,0.04180719246,0.3553611359,"1.0,0.632,0.897","0.7,0.817,0.784",0.076
AGE0000948,AGE_SEX,6d,Ray Lab Data - 6d_significant.csv,2a03afd30c5fe86748a7a798b1919c9c79f3b37d69243d9babf1cecb8b44ced2,486,FBgn0086778;RI:chrX:19328554:19329720-19329790:19329933:-,FBgn0086778;RI:X:19328554:19329720-19329790:19329933:-,RI,chrX,-,19328554:19329720-19329790:19329933,No,-0.005,0.04142931843,0.3553611359,6d_male_vs_female,6d,RI,No,Higher inclusion in female,1559,FBgn0086778,nAChRalpha7,chrX,-,19328553,19329933,19328553,19329720,19329789,19329933,1559,"4,2,1","68,46,137","7,0,15","81,32,285",188,119,0.04142931843,0.3553611359,"0.036,0.027,0.005","0.052,0.0,0.032",-0.005
AGE0000949,AGE_SEX,6d,Ray Lab Data - 6d_significant.csv,2a03afd30c5fe86748a7a798b1919c9c79f3b37d69243d9babf1cecb8b44ced2,487,FBgn0026086;RI:chrX:1778370:1778560-1778612:1778699:+,FBgn0026086;RI:X:1778370:1778560-1778612:1778699:+,RI,chrX,+,1778370:1778560-1778612:1778699,No,0.069,0.04513738169,0.3779413601,6d_male_vs_female,6d,RI,No,Higher inclusion in male,1105,FBgn0026086,Adar,chrX,+,1778369,1778699,1778369,1778560,1778611,1778699,1105,"75,10,12","0,0,8","33,8,27","10,1,6",170,119,0.04513738169,0.3779413601,"1.0,1.0,0.512","0.698,0.848,0.759",0.069
AGE0000950,AGE_SEX,6d,Ray Lab Data - 6d_significant.csv,2a03afd30c5fe86748a7a798b1919c9c79f3b37d69243d9babf1cecb8b44ced2,488,FBgn0045064;RI:chr2L:20072354:20072646-20073378:20073719:+,FBgn0045064;RI:2L:20072354:20072646-20073378:20073719:+,RI,chr2L,+,20072354:20072646-20073378:20073719,No,0.095,0.04591891183,0.3788310226,6d_male_vs_female,6d,RI,No,Higher inclusion in male,566,FBgn0045064,bwa,chr2L,+,20072353,20073719,20072353,20072646,20073377,20073719,566,"89,4,44","1,0,2","18,8,56","0,0,12",850,119,0.04591891183,0.3788310226,"0.926,1.0,0.755","1.0,1.0,0.395",0.095
AGE0000951,AGE_SEX,6d,Ray Lab Data - 6d_significant.csv,2a03afd30c5fe86748a7a798b1919c9c79f3b37d69243d9babf1cecb8b44ced2,489,FBgn0038268;RI:chr3R:14879457:14879765-14879832:14880043:+,FBgn0038268;RI:3R:14879457:14879765-14879832:14880043:+,RI,chr3R,+,14879457:14879765-14879832:14880043,No,-0.14,0.04708133323,0.3827917093,6d_male_vs_female,6d,RI,No,Higher inclusion in female,1404,FBgn0038268,CG3631,chr3R,+,14879456,14880043,14879456,14879765,14879831,14880043,1404,"6,6,22","4,0,1","4,3,17","0,0,2",185,119,0.04708133323,0.3827917093,"0.491,1.0,0.934","1.0,1.0,0.845",-0.14
AGE0000952,AGE_SEX,6d,Ray Lab Data - 6d_significant.csv,2a03afd30c5fe86748a7a798b1919c9c79f3b37d69243d9babf1cecb8b44ced2,490,FBgn0266178;RI:chr3R:21358005:21359069-21359363:21359768:-,FBgn0266178;RI:3R:21358005:21359069-21359363:21359768:-,RI,chr3R,-,21358005:21359069-21359363:21359768,No,-0.275,0.04839369836,0.3878409254,6d_male_vs_female,6d,RI,No,Higher inclusion in female,188,FBgn0266178,pre-mod(mdg4)-B,chr3R,-,21358004,21359768,21358004,21359069,21359362,21359768,188,"38,2,148","2,1,3","34,9,222","0,0,2",412,119,0.04839369836,0.3878409254,"0.846,0.366,0.934","1.0,1.0,0.97",-0.275
AGE0000953,AGE_SEX,6d,Ray Lab Data - 6d_significant.csv,2a03afd30c5fe86748a7a798b1919c9c79f3b37d69243d9babf1cecb8b44ced2,491,FBgn0001234;RI:chr3R:21296621:21297097-21297810:21298508:+,FBgn0001234;RI:3R:21296621:21297097-21297810:21298508:+,RI,chr3R,+,21296621:21297097-21297810:21298508,No,0.029,0.04919224314,0.3886880056,6d_male_vs_female,6d,RI,No,Higher inclusion in male,934,FBgn0001234,lncRNA:Hsromega,chr3R,+,21296620,21298508,21296620,21297097,21297809,21298508,934,"2414,483,1409","12,1,20","1793,460,3391","7,7,55",831,119,0.04919224314,0.3886880056,"0.966,0.986,0.91","0.973,0.904,0.898",0.029
AGE0000954,AGE_SEX,9d,Ray Lab Data - 9d_significant.csv,de062c71aa5996076f81567e08b590e48e73f510db466598124e5cf57aa18375,2,FBgn0000116;SE:chr3L:9050359-9061907:9062467-9064464:-,FBgn0000116;SE:3L:9050359-9061907:9062467-9064464:-,SE,chr3L,-,9050359-9061907:9062467-9064464,Yes,0.667,0.0000000004275348964,0.0000005844402033,9d_male_vs_female,9d,SE,Yes,Higher inclusion in male,949,FBgn0000116,Argk1,chr3L,-,9061906,9062467,9048811,9050359,9064463,9064517,949,"5,2,12","0,0,0","0,4,0","4,0,3",680,119,0.0000000004275348964,0.0000005844402033,"1.0,1.0,1.0","0.0,1.0,0.0",0.667
AGE0000955,AGE_SEX,9d,Ray Lab Data - 9d_significant.csv,de062c71aa5996076f81567e08b590e48e73f510db466598124e5cf57aa18375,3,FBgn0015286;SE:chrX:3710248-3716472:3716667-3719363:-,FBgn0015286;SE:X:3710248-3716472:3716667-3719363:-,SE,chrX,-,3710248-3716472:3716667-3719363,Yes,0.392,0.00000003556512251,0.00001620584083,9d_male_vs_female,9d,SE,Yes,Higher inclusion in male,886,FBgn0015286,Rala,chrX,-,3716471,3716667,3710068,3710248,3719362,3719635,886,"6,41,24","0,0,0","4,27,9","1,7,2",315,119,0.00000003556512251,0.00001620584083,"1.0,1.0,1.0","0.602,0.593,0.63",0.392
AGE0000956,AGE_SEX,9d,Ray Lab Data - 9d_significant.csv,de062c71aa5996076f81567e08b590e48e73f510db466598124e5cf57aa18375,4,FBgn0266347;SE:chr3L:23227547-23238837:23239017-23262708:+,FBgn0266347;SE:3L:23227547-23238837:23239017-23262708:+,SE,chr3L,+,23227547-23238837:23239017-23262708,Yes,0.17,0.00000004767508954,0.00001629296185,9d_male_vs_female,9d,SE,Yes,Higher inclusion in male,395,FBgn0266347,nAChRalpha4,chr3L,+,23238836,23239017,23227437,23227547,23262707,23262823,395,"55,61,89","0,0,0","123,72,55","12,13,0",300,119,0.00000004767508954,0.00001629296185,"1.0,1.0,1.0","0.803,0.687,1.0",0.17
AGE0000957,AGE_SEX,9d,Ray Lab Data - 9d_significant.csv,de062c71aa5996076f81567e08b590e48e73f510db466598124e5cf57aa18375,5,FBgn0023000;SE:chr3L:343652-343955:344039-344107:-,FBgn0023000;SE:3L:343652-343955:344039-344107:-,SE,chr3L,-,343652-343955:344039-344107,Yes,0.637,0.0000001285327912,0.00003215085023,9d_male_vs_female,9d,SE,Yes,Higher inclusion in male,526,FBgn0023000,mth,chr3L,-,343954,344039,343377,343652,344106,344301,526,"1,1,1","0,0,0","5,1,0","0,6,5",204,119,0.0000001285327912,0.00003215085023,"1.0,1.0,1.0","1.0,0.089,0.0",0.637
AGE0000958,AGE_SEX,9d,Ray Lab Data - 9d_significant.csv,de062c71aa5996076f81567e08b590e48e73f510db466598124e5cf57aa18375,6,FBgn0264386;SE:chrX:6115572-6118118:6118283-6120235:-,FBgn0264386;SE:X:6115572-6118118:6118283-6120235:-,SE,chrX,-,6115572-6118118:6118283-6120235,Yes,0.568,0.0000001646349317,0.00003215085023,9d_male_vs_female,9d,SE,Yes,Higher inclusion in male,476,FBgn0264386,Ca-alpha1T,chrX,-,6118117,6118283,6115416,6115572,6120234,6120349,476,"11,4,13","0,0,0","16,2,0","0,2,17",285,119,0.0000001646349317,0.00003215085023,"1.0,1.0,1.0","1.0,0.295,0.0",0.568
AGE0000959,AGE_SEX,9d,Ray Lab Data - 9d_significant.csv,de062c71aa5996076f81567e08b590e48e73f510db466598124e5cf57aa18375,7,FBgn0259111;SE:chr2L:7237790-7244974:7245083-7248829:-,FBgn0259111;SE:2L:7237790-7244974:7245083-7248829:-,SE,chr2L,-,7237790-7244974:7245083-7248829,Yes,0.454,0.000001052984134,0.000179928664,9d_male_vs_female,9d,SE,Yes,Higher inclusion in male,948,FBgn0259111,Ndae1,chr2L,-,7244973,7245083,7237686,7237790,7248828,7249343,948,"11,16,0","1,8,10","0,0,0","26,39,5",229,119,0.000001052984134,0.000179928664,"0.851,0.51,0.0","0.0,0.0,0.0",0.454
AGE0000960,AGE_SEX,9d,Ray Lab Data - 9d_significant.csv,de062c71aa5996076f81567e08b590e48e73f510db466598124e5cf57aa18375,8,FBgn0261649;SE:chr3R:17811804-17813531:17813617-17821894:+,FBgn0261649;SE:3R:17811804-17813531:17813617-17821894:+,SE,chr3R,+,17811804-17813531:17813617-17821894,Yes,0.302,0.000001769982291,0.0002573770655,9d_male_vs_female,9d,SE,Yes,Higher inclusion in male,2895,FBgn0261649,tinc,chr3R,+,17813530,17813617,17811540,17811804,17821893,17821938,2895,"10,29,13","0,0,0","26,31,8","5,1,7",206,119,0.000001769982291,0.0002573770655,"1.0,1.0,1.0","0.75,0.947,0.398",0.302
AGE0000961,AGE_SEX,9d,Ray Lab Data - 9d_significant.csv,de062c71aa5996076f81567e08b590e48e73f510db466598124e5cf57aa18375,9,FBgn0261788;SE:chr3L:7656203-7656375:7661506-7661981:-,FBgn0261788;SE:3L:7656203-7656375:7661506-7661981:-,SE,chr3L,-,7656203-7656375:7661506-7661981,Yes,-0.23,0.000001882787604,0.0002573770655,9d_male_vs_female,9d,SE,Yes,Higher inclusion in female,3251,FBgn0261788,Ank2,chr3L,-,7656374,7661506,7655388,7656203,7661980,7662253,3251,"570,430,372","2,3,4","841,457,336","0,0,0",5251,119,0.000001882787604,0.0002573770655,"0.866,0.765,0.678","1.0,1.0,1.0",-0.23
AGE0000962,AGE_SEX,9d,Ray Lab Data - 9d_significant.csv,de062c71aa5996076f81567e08b590e48e73f510db466598124e5cf57aa18375,10,FBgn0039844;SE:chr3R:31390198-31390298:31390359-31390589:+,FBgn0039844;SE:3R:31390198-31390298:31390359-31390589:+,SE,chr3R,+,31390198-31390298:31390359-31390589,Yes,-0.509,0.000002320640378,0.0002838255223,9d_male_vs_female,9d,SE,Yes,Higher inclusion in female,772,FBgn0039844,CG1607,chr3R,+,31390297,31390359,31389945,31390198,31390588,31391893,772,"15,1,7","0,8,7","8,2,6","0,0,0",181,119,0.000002320640378,0.0002838255223,"1.0,0.076,0.397","1.0,1.0,1.0",-0.509
AGE0000963,AGE_SEX,9d,Ray Lab Data - 9d_significant.csv,de062c71aa5996076f81567e08b590e48e73f510db466598124e5cf57aa18375,11,FBgn0261788;SE:chr3L:7656203-7661981:7662298-7662471:-,FBgn0261788;SE:3L:7656203-7661981:7662298-7662471:-,SE,chr3L,-,7656203-7661981:7662298-7662471,Yes,0.177,0.00000249151885,0.0002838255223,9d_male_vs_female,9d,SE,Yes,Higher inclusion in male,3256,FBgn0261788,Ank2,chr3L,-,7661980,7662298,7655388,7656203,7662470,7662890,3256,"10,3,4","8,8,4","0,1,0","11,9,2",437,119,0.00000249151885,0.0002838255223,"0.254,0.093,0.214","0.0,0.029,0.0",0.177
AGE0000964,AGE_SEX,9d,Ray Lab Data - 9d_significant.csv,de062c71aa5996076f81567e08b590e48e73f510db466598124e5cf57aa18375,12,FBgn0035092;SE:chr2R:25037530-25037702:25037970-25039051:+,FBgn0035092;SE:2R:25037530-25037702:25037970-25039051:+,SE,chr2R,+,25037530-25037702:25037970-25039051,Yes,0.543,0.000005394520691,0.0005267364132,9d_male_vs_female,9d,SE,Yes,Higher inclusion in male,531,FBgn0035092,Nplp1,chr2R,+,25037701,25037970,25036848,25037530,25039050,25039989,531,"5,10,3","0,9,1","1,1,0","9,4,7",388,119,0.000005394520691,0.0005267364132,"1.0,0.254,0.479","0.033,0.071,0.0",0.543
AGE0000965,AGE_SEX,9d,Ray Lab Data - 9d_significant.csv,de062c71aa5996076f81567e08b590e48e73f510db466598124e5cf57aa18375,13,FBgn0052000;SE:chr4:136371-136691:136777-136879:+,FBgn0052000;SE:4:136371-136691:136777-136879:+,SE,chr4,+,136371-136691:136777-136879,Yes,-0.667,0.000005927869977,0.0005402265505,9d_male_vs_female,9d,SE,Yes,Higher inclusion in female,2567,FBgn0052000,anne,chr4,+,136690,136777,136271,136371,136878,137167,2567,"3,0,0","0,6,1","8,5,7","0,0,0",206,119,0.000005927869977,0.0005402265505,"1.0,0.0,0.0","1.0,1.0,1.0",-0.667
AGE0000966,AGE_SEX,9d,Ray Lab Data - 9d_significant.csv,de062c71aa5996076f81567e08b590e48e73f510db466598124e5cf57aa18375,14,FBgn0034002;SE:chr2R:15221823-15221899:15221980-15222044:+,FBgn0034002;SE:2R:15221823-15221899:15221980-15222044:+,SE,chr2R,+,15221823-15221899:15221980-15222044,Yes,0.287,0.00001423890114,0.001216536116,9d_male_vs_female,9d,SE,Yes,Higher inclusion in male,2322,FBgn0034002,CG8079,chr2R,+,15221898,15221980,15221727,15221823,15222043,15222425,2322,"93,136,184","12,20,51","47,81,27","17,59,27",201,119,0.00001423890114,0.001216536116,"0.821,0.801,0.681","0.621,0.448,0.372",0.287
AGE0000967,AGE_SEX,9d,Ray Lab Data - 9d_significant.csv,de062c71aa5996076f81567e08b590e48e73f510db466598124e5cf57aa18375,15,FBgn0263980;SE:chr2R:15453008-15453741:15453797-15456435:+,FBgn0263980;SE:2R:15453008-15453741:15453797-15456435:+,SE,chr2R,+,15453008-15453741:15453797-15456435,Yes,-0.105,0.00001566224541,0.001259428792,9d_male_vs_female,9d,SE,Yes,Higher inclusion in female,498,FBgn0263980,Stacl,chr2R,+,15453740,15453797,15452856,15453008,15456434,15456559,498,"1,0,0","17,46,28","19,0,1","28,23,17",176,119,0.00001566224541,0.001259428792,"0.038,0.0,0.0","0.315,0.0,0.038",-0.105
AGE0000968,AGE_SEX,9d,Ray Lab Data - 9d_significant.csv,de062c71aa5996076f81567e08b590e48e73f510db466598124e5cf57aa18375,16,FBgn0035715;SE:chr3L:6754493-6755073:6755123-6755420:-,FBgn0035715;SE:3L:6754493-6755073:6755123-6755420:-,SE,chr3L,-,6754493-6755073:6755123-6755420,Yes,-0.318,0.0000201910523,0.00153339825,9d_male_vs_female,9d,SE,Yes,Higher inclusion in female,327,FBgn0035715,Ist1,chr3L,-,6755072,6755123,6754016,6754493,6755419,6756158,327,"14,6,9","1,5,5","2,13,10","0,0,1",170,119,0.0000201910523,0.00153339825,"0.907,0.457,0.558","1.0,1.0,0.875",-0.318
AGE0000969,AGE_SEX,9d,Ray Lab Data - 9d_significant.csv,de062c71aa5996076f81567e08b590e48e73f510db466598124e5cf57aa18375,17,FBgn0039647;SE:chr3R:29173994-29174934:29175428-29176555:-,FBgn0039647;SE:3R:29173994-29174934:29175428-29176555:-,SE,chr3R,-,29173994-29174934:29175428-29176555,Yes,-0.612,0.0000230978385,0.001661828696,9d_male_vs_female,9d,SE,Yes,Higher inclusion in female,729,FBgn0039647,jus,chr3R,-,29174933,29175428,29171190,29173994,29176554,29176742,729,"7,0,12","8,4,4","15,16,9","2,1,0",614,119,0.0000230978385,0.001661828696,"0.145,0.0,0.368","0.592,0.756,1.0",-0.612
AGE0000970,AGE_SEX,9d,Ray Lab Data - 9d_significant.csv,de062c71aa5996076f81567e08b590e48e73f510db466598124e5cf57aa18375,18,FBgn0261794;SE:chr2R:23923029-23924002:23924094-23924416:+,FBgn0261794;SE:2R:23923029-23924002:23924094-23924416:+,SE,chr2R,+,23923029-23924002:23924094-23924416,Yes,0.235,0.00003420091352,0.001948027032,9d_male_vs_female,9d,SE,Yes,Higher inclusion in male,3267,FBgn0261794,kcc,chr2R,+,23924001,23924094,23922921,23923029,23924415,23924549,3267,"15,12,22","22,21,18","6,2,0","31,8,8",212,119,0.00003420091352,0.001948027032,"0.277,0.243,0.407","0.098,0.123,0.0",0.235
AGE0000971,AGE_SEX,9d,Ray Lab Data - 9d_significant.csv,de062c71aa5996076f81567e08b590e48e73f510db466598124e5cf57aa18375,19,FBgn0026238;SE:chr2R:5121652-5121737:5121840-5121983:-,FBgn0026238;SE:2R:5121652-5121737:5121840-5121983:-,SE,chr2R,-,5121652-5121737:5121840-5121983,Yes,0.259,0.00003565376196,0.001949547704,9d_male_vs_female,9d,SE,Yes,Higher inclusion in male,2711,FBgn0026238,gus,chr2R,-,5121736,5121840,5120762,5121652,5121982,5122247,2711,"0,10,2","11,5,3","0,0,0","3,4,14",223,119,0.00003565376196,0.001949547704,"0.0,0.516,0.262","0.0,0.0,0.0",0.259
AGE0000972,AGE_SEX,9d,Ray Lab Data - 9d_significant.csv,de062c71aa5996076f81567e08b590e48e73f510db466598124e5cf57aa18375,20,FBgn0033739;SE:chr2R:12449782-12450069:12450236-12451669:+,FBgn0033739;SE:2R:12449782-12450069:12450236-12451669:+,SE,chr2R,+,12449782-12450069:12450236-12451669,Yes,-0.427,0.00003726497192,0.001959277562,9d_male_vs_female,9d,SE,Yes,Higher inclusion in female,2027,FBgn0033739,Dyb,chr2R,+,12450068,12450236,12449199,12449782,12451668,12451712,2027,"1,1,1","4,5,0","1,1,2","0,0,1",287,119,0.00003726497192,0.001959277562,"0.094,0.077,1.0","1.0,1.0,0.453",-0.427
AGE0000973,AGE_SEX,9d,Ray Lab Data - 9d_significant.csv,de062c71aa5996076f81567e08b590e48e73f510db466598124e5cf57aa18375,21,FBgn0263220;SE:chrX:10254307-10254720:10255172-10255493:-,FBgn0263220;SE:X:10254307-10254720:10255172-10255493:-,SE,chrX,-,10254307-10254720:10255172-10255493,Yes,-0.114,0.00004943738862,0.002502996675,9d_male_vs_female,9d,SE,Yes,Higher inclusion in female,1103,FBgn0263220,Hk,chrX,-,10254719,10255172,10254002,10254307,10255492,10255590,1103,"1,6,2","7,15,21","11,19,12","17,16,14",572,119,0.00004943738862,0.002502996675,"0.029,0.077,0.019","0.119,0.198,0.151",-0.114
AGE0000974,AGE_SEX,9d,Ray Lab Data - 9d_significant.csv,de062c71aa5996076f81567e08b590e48e73f510db466598124e5cf57aa18375,22,FBgn0262483;SE:chr3R:15393498-15396310:15396377-15399113:+,FBgn0262483;SE:3R:15393498-15396310:15396377-15399113:+,SE,chr3R,+,15393498-15396310:15396377-15399113,Yes,-0.405,0.00005889761846,0.002868906624,9d_male_vs_female,9d,SE,Yes,Higher inclusion in female,677,FBgn0262483,Rbp,chr3R,+,15396309,15396377,15393209,15393498,15399112,15400011,677,"0,1,0","1,0,4","11,12,4","0,4,2",187,119,0.00005889761846,0.002868906624,"0.0,1.0,0.0","1.0,0.656,0.56",-0.405
AGE0000975,AGE_SEX,9d,Ray Lab Data - 9d_significant.csv,de062c71aa5996076f81567e08b590e48e73f510db466598124e5cf57aa18375,23,FBgn0032388;SE:chr2L:11987387-11987472:11987494-11987696:-,FBgn0032388;SE:2L:11987387-11987472:11987494-11987696:-,SE,chr2L,-,11987387-11987472:11987494-11987696,Yes,0.333,0.00006505933089,0.002868906624,9d_male_vs_female,9d,SE,Yes,Higher inclusion in male,1323,FBgn0032388,CG6686,chr2L,-,11987471,11987494,11986437,11987387,11987695,11988039,1323,"11,4,10","4,2,4","0,1,0","3,0,14",142,119,0.00006505933089,0.002868906624,"0.697,0.626,0.677","0.0,1.0,0.0",0.333
AGE0000976,AGE_SEX,9d,Ray Lab Data - 9d_significant.csv,de062c71aa5996076f81567e08b590e48e73f510db466598124e5cf57aa18375,24,FBgn0259246;SE:chr2R:9505468-9507863:9508253-9508927:+,FBgn0259246;SE:2R:9505468-9507863:9508253-9508927:+,SE,chr2R,+,9505468-9507863:9508253-9508927,Yes,-0.175,0.00006356114549,0.002868906624,9d_male_vs_female,9d,SE,Yes,Higher inclusion in female,3083,FBgn0259246,brp,chr2R,+,9507862,9508253,9505003,9505468,9508926,9509170,3083,"48,74,130","6,5,0","82,63,59","1,0,0",510,119,0.00006356114549,0.002868906624,"0.651,0.775,1.0","0.95,1.0,1.0",-0.175
AGE0000977,AGE_SEX,9d,Ray Lab Data - 9d_significant.csv,de062c71aa5996076f81567e08b590e48e73f510db466598124e5cf57aa18375,25,FBgn0003742;SE:chr2R:14603501-14603734:14603925-14603984:-,FBgn0003742;SE:2R:14603501-14603734:14603925-14603984:-,SE,chr2R,-,14603501-14603734:14603925-14603984,Yes,0.667,0.00008471248222,0.0035091504,9d_male_vs_female,9d,SE,Yes,Higher inclusion in male,1853,FBgn0003742,tra2,chr2R,-,14603733,14603925,14603347,14603501,14603983,14604123,1853,"2,15,2","0,0,0","4,0,0","0,2,1",311,119,0.00008471248222,0.0035091504,"1.0,1.0,1.0","1.0,0.0,0.0",0.667
AGE0000978,AGE_SEX,9d,Ray Lab Data - 9d_significant.csv,de062c71aa5996076f81567e08b590e48e73f510db466598124e5cf57aa18375,26,FBgn0259221;SE:chr2R:13415615-13415875:13415957-13418987:-,FBgn0259221;SE:2R:13415615-13415875:13415957-13418987:-,SE,chr2R,-,13415615-13415875:13415957-13418987,Yes,0.11,0.00008248565605,0.0035091504,9d_male_vs_female,9d,SE,Yes,Higher inclusion in male,1409,FBgn0259221,ATP8A,chr2R,-,13415874,13415957,13414977,13415615,13418986,13419085,1409,"12,3,19","0,0,0","45,21,9","13,0,0",202,119,0.00008248565605,0.0035091504,"1.0,1.0,1.0","0.671,1.0,1.0",0.11
AGE0000979,AGE_SEX,9d,Ray Lab Data - 9d_significant.csv,de062c71aa5996076f81567e08b590e48e73f510db466598124e5cf57aa18375,27,FBgn0039890;SE:chr4:189248-191309:191386-193673:-,FBgn0039890;SE:4:189248-191309:191386-193673:-,SE,chr4,-,189248-191309:191386-193673,Yes,0.185,0.00008972909655,0.003607637499,9d_male_vs_female,9d,SE,Yes,Higher inclusion in male,2539,FBgn0039890,Abcd1,chr4,-,191308,191386,188577,189248,193672,193829,2539,"7,31,28","0,2,0","26,24,27","3,9,2",197,119,0.00008972909655,0.003607637499,"1.0,0.904,1.0","0.84,0.617,0.891",0.185
AGE0000980,AGE_SEX,9d,Ray Lab Data - 9d_significant.csv,de062c71aa5996076f81567e08b590e48e73f510db466598124e5cf57aa18375,28,FBgn0028577;SE:chr3L:1499337-1499772:1499879-1501351:-,FBgn0028577;SE:3L:1499337-1499772:1499879-1501351:-,SE,chr3L,-,1499337-1499772:1499879-1501351,Yes,-0.24,0.0001365286081,0.005184294647,9d_male_vs_female,9d,SE,Yes,Higher inclusion in female,234,FBgn0028577,hfp,chr3L,-,1499771,1499879,1499042,1499337,1501350,1501406,234,"4,8,18","0,5,2","10,23,6","0,0,0",227,119,0.0001365286081,0.005184294647,"1.0,0.456,0.825","1.0,1.0,1.0",-0.24
AGE0000981,AGE_SEX,9d,Ray Lab Data - 9d_significant.csv,de062c71aa5996076f81567e08b590e48e73f510db466598124e5cf57aa18375,29,FBgn0264607;SE:chr4:1038434-1043468:1043521-1045156:-,FBgn0264607;SE:4:1038434-1043468:1043521-1045156:-,SE,chr4,-,1038434-1043468:1043521-1045156,Yes,0.185,0.0001550104849,0.005727008997,9d_male_vs_female,9d,SE,Yes,Higher inclusion in male,2831,FBgn0264607,CaMKII,chr4,-,1043467,1043521,1038358,1038434,1045155,1045248,2831,"4,11,10","0,0,0","2,14,7","0,6,1",173,119,0.0001550104849,0.005727008997,"1.0,1.0,1.0","1.0,0.616,0.828",0.185
AGE0000982,AGE_SEX,9d,Ray Lab Data - 9d_significant.csv,de062c71aa5996076f81567e08b590e48e73f510db466598124e5cf57aa18375,30,FBgn0024804;SE:chr3L:27323574-27331994:27332108-27350220:+,FBgn0024804;SE:3L:27323574-27331994:27332108-27350220:+,SE,chr3L,+,27323574-27331994:27332108-27350220,Yes,0.213,0.0001640837625,0.005895220177,9d_male_vs_female,9d,SE,Yes,Higher inclusion in male,1730,FBgn0024804,Dbp80,chr3L,+,27331993,27332108,27323293,27323574,27350219,27350321,1730,"14,35,24","0,0,0","13,15,14","5,2,0",234,119,0.0001640837625,0.005895220177,"1.0,1.0,1.0","0.569,0.792,1.0",0.213
AGE0000983,AGE_SEX,9d,Ray Lab Data - 9d_significant.csv,de062c71aa5996076f81567e08b590e48e73f510db466598124e5cf57aa18375,31,FBgn0016977;SE:chr2L:163001-175361:175447-183761:+,FBgn0016977;SE:2L:163001-175361:175447-183761:+,SE,chr2L,+,163001-175361:175447-183761,Yes,-0.243,0.0001806342034,0.006173173903,9d_male_vs_female,9d,SE,Yes,Higher inclusion in female,2922,FBgn0016977,spen,chr2L,+,175360,175447,162591,163001,183760,185082,2922,"17,8,13","1,5,1","4,24,2","0,0,0",206,119,0.0001806342034,0.006173173903,"0.908,0.48,0.882","1.0,1.0,1.0",-0.243
AGE0000984,AGE_SEX,9d,Ray Lab Data - 9d_significant.csv,de062c71aa5996076f81567e08b590e48e73f510db466598124e5cf57aa18375,32,FBgn0261788;SE:chr3L:7663324-7663693:7665982-7666166:-,FBgn0261788;SE:3L:7663324-7663693:7665982-7666166:-,SE,chr3L,-,7663324-7663693:7665982-7666166,Yes,-0.52,0.0002590529835,0.00843155782,9d_male_vs_female,9d,SE,Yes,Higher inclusion in female,3262,FBgn0261788,Ank2,chr3L,-,7663692,7665982,7663258,7663324,7666165,7693855,3262,"32,13,10","8,1,3","11,7,7","0,1,0",2409,119,0.0002590529835,0.00843155782,"0.165,0.391,0.141","1.0,0.257,1.0",-0.52
AGE0000985,AGE_SEX,9d,Ray Lab Data - 9d_significant.csv,de062c71aa5996076f81567e08b590e48e73f510db466598124e5cf57aa18375,33,FBgn0024804;SE:chr3L:27381088-27390944:27391053-27420679:+,FBgn0024804;SE:3L:27381088-27390944:27391053-27420679:+,SE,chr3L,+,27381088-27390944:27391053-27420679,Yes,-0.117,0.000293681038,0.008921377311,9d_male_vs_female,9d,SE,Yes,Higher inclusion in female,1733,FBgn0024804,Dbp80,chr3L,+,27390943,27391053,27380952,27381088,27420678,27420841,1733,"2,0,1","17,17,14","7,10,0","22,12,12",229,119,0.000293681038,0.008921377311,"0.058,0.0,0.036","0.142,0.302,0.0",-0.117
AGE0000986,AGE_SEX,9d,Ray Lab Data - 9d_significant.csv,de062c71aa5996076f81567e08b590e48e73f510db466598124e5cf57aa18375,34,FBgn0002643;SE:chr2R:14011181-14038033:14038423-14038710:+,FBgn0002643;SE:2R:14011181-14038033:14038423-14038710:+,SE,chr2R,+,14011181-14038033:14038423-14038710,Yes,-0.28,0.0003338957259,0.009711392709,9d_male_vs_female,9d,SE,Yes,Higher inclusion in female,2366,FBgn0002643,mam,chr2R,+,14038032,14038423,14010162,14011181,14038709,14039968,2366,"31,59,13","12,0,2","35,56,39","0,0,2",510,119,0.0003338957259,0.009711392709,"0.376,1.0,0.603","1.0,1.0,0.82",-0.28
AGE0000987,AGE_SEX,9d,Ray Lab Data - 9d_significant.csv,de062c71aa5996076f81567e08b590e48e73f510db466598124e5cf57aa18375,35,FBgn0027492;SE:chr3R:27568591-27580157:27580325-27582002:-,FBgn0027492;SE:3R:27568591-27580157:27580325-27582002:-,SE,chr3R,-,27568591-27580157:27580325-27582002,Yes,0.147,0.0004133399932,0.01107913276,9d_male_vs_female,9d,SE,Yes,Higher inclusion in male,2006,FBgn0027492,wdb,chr3R,-,27580156,27580325,27568278,27568591,27582001,27582241,2006,"185,268,256","28,33,13","270,200,149","55,62,25",288,119,0.0004133399932,0.01107913276,"0.732,0.77,0.891","0.67,0.571,0.711",0.147
AGE0000988,AGE_SEX,9d,Ray Lab Data - 9d_significant.csv,de062c71aa5996076f81567e08b590e48e73f510db466598124e5cf57aa18375,36,FBgn0045073;SE:chrX:15936434-15936799:15937031-15937591:-,FBgn0045073;SE:X:15936434-15936799:15937031-15937591:-,SE,chrX,-,15936434-15936799:15937031-15937591,Yes,0.427,0.000516839504,0.01358691542,9d_male_vs_female,9d,SE,Yes,Higher inclusion in male,1195,FBgn0045073,Stim,chrX,-,15936798,15937031,15936318,15936434,15937590,15937754,1195,"30,29,38","1,3,3","43,8,4","7,7,4",352,119,0.000516839504,0.01358691542,"0.91,0.766,0.811","0.675,0.279,0.253",0.427
AGE0000989,AGE_SEX,9d,Ray Lab Data - 9d_significant.csv,de062c71aa5996076f81567e08b590e48e73f510db466598124e5cf57aa18375,37,FBgn0003371;SE:chrX:2634178-2641125:2641361-2641590:+,FBgn0003371;SE:X:2634178-2641125:2641361-2641590:+,SE,chrX,+,2634178-2641125:2641361-2641590,Yes,-0.1,0.0006606549407,0.016127059,9d_male_vs_female,9d,SE,Yes,Higher inclusion in female,1421,FBgn0003371,sgg,chrX,+,2641124,2641361,2633951,2634178,2641589,2642093,1421,"75,275,195","7,10,6","149,152,121","2,2,1",356,119,0.0006606549407,0.016127059,"0.782,0.902,0.916","0.961,0.962,0.976",-0.1
AGE0000990,AGE_SEX,9d,Ray Lab Data - 9d_significant.csv,de062c71aa5996076f81567e08b590e48e73f510db466598124e5cf57aa18375,38,FBgn0024807;SE:chrX:21628754-21628848:21629792-21629974:-,FBgn0024807;SE:X:21628754-21628848:21629792-21629974:-,SE,chrX,-,21628754-21628848:21629792-21629974,Yes,0.237,0.0006847451992,0.01642187171,9d_male_vs_female,9d,SE,Yes,Higher inclusion in male,2667,FBgn0024807,DIP1,chrX,-,21628847,21629792,21628360,21628754,21629973,21630148,2667,"11,137,156","0,0,0","55,41,85","2,4,0",1064,119,0.0006847451992,0.01642187171,"1.0,1.0,1.0","0.755,0.534,1.0",0.237
AGE0000991,AGE_SEX,9d,Ray Lab Data - 9d_significant.csv,de062c71aa5996076f81567e08b590e48e73f510db466598124e5cf57aa18375,39,FBgn0024807;SE:chrX:21628754-21628920:21629792-21629974:-,FBgn0024807;SE:X:21628754-21628920:21629792-21629974:-,SE,chrX,-,21628754-21628920:21629792-21629974,Yes,0.233,0.0007289625309,0.01688969118,9d_male_vs_female,9d,SE,Yes,Higher inclusion in male,2668,FBgn0024807,DIP1,chrX,-,21628919,21629792,21628360,21628754,21629973,21630148,2668,"7,103,155","0,0,0","52,40,78","2,4,0",992,119,0.0007289625309,0.01688969118,"1.0,1.0,1.0","0.757,0.545,1.0",0.233
AGE0000992,AGE_SEX,9d,Ray Lab Data - 9d_significant.csv,de062c71aa5996076f81567e08b590e48e73f510db466598124e5cf57aa18375,40,FBgn0024807;SE:chrX:21628754-21628844:21629792-21629974:-,FBgn0024807;SE:X:21628754-21628844:21629792-21629974:-,SE,chrX,-,21628754-21628844:21629792-21629974,Yes,0.232,0.0007204510405,0.01688969118,9d_male_vs_female,9d,SE,Yes,Higher inclusion in male,2666,FBgn0024807,DIP1,chrX,-,21628843,21629792,21628360,21628754,21629973,21630148,2666,"8,131,159","0,0,0","52,46,85","2,4,0",1068,119,0.0007204510405,0.01688969118,"1.0,1.0,1.0","0.743,0.562,1.0",0.232
AGE0000993,AGE_SEX,9d,Ray Lab Data - 9d_significant.csv,de062c71aa5996076f81567e08b590e48e73f510db466598124e5cf57aa18375,41,FBgn0027592;SE:chr2L:475178-475233:475851-475916:+,FBgn0027592;SE:2L:475178-475233:475851-475916:+,SE,chr2L,+,475178-475233:475851-475916,Yes,-0.163,0.0008066748054,0.01807745015,9d_male_vs_female,9d,SE,Yes,Higher inclusion in female,814,FBgn0027592,MED15,chr2L,+,475232,475851,475035,475178,475915,476015,814,"71,101,94","11,0,0","76,70,143","0,0,0",738,119,0.0008066748054,0.01807745015,"0.51,1.0,1.0","1.0,1.0,1.0",-0.163
AGE0000994,AGE_SEX,9d,Ray Lab Data - 9d_significant.csv,de062c71aa5996076f81567e08b590e48e73f510db466598124e5cf57aa18375,42,FBgn0261549;SE:chrX:8916702-9013311:9014556-9014829:+,FBgn0261549;SE:X:8916702-9013311:9014556-9014829:+,SE,chrX,+,8916702-9013311:9014556-9014829,Yes,0.182,0.0009090886674,0.02004393884,9d_male_vs_female,9d,SE,Yes,Higher inclusion in male,2185,FBgn0261549,rdgA,chrX,+,9013310,9014556,8916696,8916702,9014828,9014967,2185,"56,36,55","0,0,0","76,36,24","8,0,0",1365,119,0.0009090886674,0.02004393884,"1.0,1.0,1.0","0.453,1.0,1.0",0.182
AGE0000995,AGE_SEX,9d,Ray Lab Data - 9d_significant.csv,de062c71aa5996076f81567e08b590e48e73f510db466598124e5cf57aa18375,43,FBgn0039890;SE:chr4:189248-191309:191386-193545:-,FBgn0039890;SE:4:189248-191309:191386-193545:-,SE,chr4,-,189248-191309:191386-193545,Yes,0.158,0.0009623679051,0.02088185597,9d_male_vs_female,9d,SE,Yes,Higher inclusion in male,2538,FBgn0039890,Abcd1,chr4,-,191308,191386,188577,189248,193544,193829,2538,"5,23,18","0,0,0","20,17,30","4,3,0",197,119,0.0009623679051,0.02088185597,"1.0,1.0,1.0","0.751,0.774,1.0",0.158
AGE0000996,AGE_SEX,9d,Ray Lab Data - 9d_significant.csv,de062c71aa5996076f81567e08b590e48e73f510db466598124e5cf57aa18375,44,FBgn0035715;SE:chr3L:6754493-6754745:6754807-6755420:-,FBgn0035715;SE:3L:6754493-6754745:6754807-6755420:-,SE,chr3L,-,6754493-6754745:6754807-6755420,Yes,-0.234,0.001038012465,0.02209322965,9d_male_vs_female,9d,SE,Yes,Higher inclusion in female,326,FBgn0035715,Ist1,chr3L,-,6754744,6754807,6754016,6754493,6755419,6756158,326,"14,5,0","1,5,5","2,3,0","0,0,1",182,119,0.001038012465,0.02209322965,"0.902,0.395,0.0","1.0,1.0,0.0",-0.234
AGE0000997,AGE_SEX,9d,Ray Lab Data - 9d_significant.csv,de062c71aa5996076f81567e08b590e48e73f510db466598124e5cf57aa18375,45,FBgn0259221;SE:chr2R:13415615-13416575:13416947-13418987:-,FBgn0259221;SE:2R:13415615-13416575:13416947-13418987:-,SE,chr2R,-,13415615-13416575:13416947-13418987,Yes,0.193,0.001066681168,0.02209322965,9d_male_vs_female,9d,SE,Yes,Higher inclusion in male,1411,FBgn0259221,ATP8A,chr2R,-,13416574,13416947,13414977,13415615,13418986,13419085,1411,"7,56,50","0,0,0","39,28,43","13,0,0",492,119,0.001066681168,0.02209322965,"1.0,1.0,1.0","0.42,1.0,1.0",0.193
AGE0000998,AGE_SEX,9d,Ray Lab Data - 9d_significant.csv,de062c71aa5996076f81567e08b590e48e73f510db466598124e5cf57aa18375,46,FBgn0030648;SE:chrX:15483420-15484530:15484892-15485122:+,FBgn0030648;SE:X:15483420-15484530:15484892-15485122:+,SE,chrX,+,15483420-15484530:15484892-15485122,Yes,-0.175,0.001116631163,0.02278260895,9d_male_vs_female,9d,SE,Yes,Higher inclusion in female,142,FBgn0030648,CG6340,chrX,+,15484529,15484892,15483198,15483420,15485121,15485268,142,"3,1,1","1,10,8","6,3,11","3,3,3",482,119,0.001116631163,0.02278260895,"0.426,0.024,0.03","0.331,0.198,0.475",-0.175
AGE0000999,AGE_SEX,9d,Ray Lab Data - 9d_significant.csv,de062c71aa5996076f81567e08b590e48e73f510db466598124e5cf57aa18375,47,FBgn0050424;SE:chr2R:24966041-24966106:24966153-24967051:-,FBgn0050424;SE:2R:24966041-24966106:24966153-24967051:-,SE,chr2R,-,24966041-24966106:24966153-24967051,Yes,0.168,0.001142856219,0.02297477134,9d_male_vs_female,9d,SE,Yes,Higher inclusion in male,533,FBgn0050424,cGlr2,chr2R,-,24966105,24966153,24965845,24966041,24967050,24967086,533,"23,93,100","0,0,0","22,53,49","16,0,0",167,119,0.001142856219,0.02297477134,"1.0,1.0,1.0","0.495,1.0,1.0",0.168
AGE0001000,AGE_SEX,9d,Ray Lab Data - 9d_significant.csv,de062c71aa5996076f81567e08b590e48e73f510db466598124e5cf57aa18375,48,FBgn0038143;SE:chr3R:13377661-13377890:13378318-13378402:-,FBgn0038143;SE:3R:13377661-13377890:13378318-13378402:-,SE,chr3R,-,13377661-13377890:13378318-13378402,Yes,-0.305,0.001199126246,0.02341722256,9d_male_vs_female,9d,SE,Yes,Higher inclusion in female,1415,FBgn0038143,CG9813,chr3R,-,13377889,13378318,13377532,13377661,13378401,13378784,1415,"3,81,110","5,2,1","67,85,93","1,0,1",548,119,0.001199126246,0.02341722256,"0.115,0.898,0.96","0.936,1.0,0.953",-0.305
AGE0001001,AGE_SEX,9d,Ray Lab Data - 9d_significant.csv,de062c71aa5996076f81567e08b590e48e73f510db466598124e5cf57aa18375,49,FBgn0038143;SE:chr3R:13377661-13377890:13378285-13378402:-,FBgn0038143;SE:3R:13377661-13377890:13378285-13378402:-,SE,chr3R,-,13377661-13377890:13378285-13378402,Yes,-0.318,0.001276990776,0.02424508876,9d_male_vs_female,9d,SE,Yes,Higher inclusion in female,1414,FBgn0038143,CG9813,chr3R,-,13377889,13378285,13377532,13377661,13378401,13378784,1414,"2,88,116","5,2,1","99,73,94","1,0,1",515,119,0.001276990776,0.02424508876,"0.085,0.91,0.964","0.958,1.0,0.956",-0.318
AGE0001002,AGE_SEX,9d,Ray Lab Data - 9d_significant.csv,de062c71aa5996076f81567e08b590e48e73f510db466598124e5cf57aa18375,50,FBgn0265598;SE:chrX:18521039-18535240:18535424-18566696:+,FBgn0265598;SE:X:18521039-18535240:18535424-18566696:+,SE,chrX,+,18521039-18535240:18535424-18566696,Yes,-0.146,0.001582728575,0.02923770218,9d_male_vs_female,9d,SE,Yes,Higher inclusion in female,1879,FBgn0265598,Bx,chrX,+,18535239,18535424,18520717,18521039,18566695,18567138,1879,"13,23,12","0,7,0","11,19,18","0,0,0",304,119,0.001582728575,0.02923770218,"1.0,0.563,1.0","1.0,1.0,1.0",-0.146
AGE0001003,AGE_SEX,9d,Ray Lab Data - 9d_significant.csv,de062c71aa5996076f81567e08b590e48e73f510db466598124e5cf57aa18375,51,FBgn0034789;SE:chr2R:22880042-22880133:22880218-22880478:+,FBgn0034789;SE:2R:22880042-22880133:22880218-22880478:+,SE,chr2R,+,22880042-22880133:22880218-22880478,Yes,-0.149,0.001762743549,0.03170618988,9d_male_vs_female,9d,SE,Yes,Higher inclusion in female,560,FBgn0034789,PIP5K59B,chr2R,+,22880132,22880218,22879869,22880042,22880477,22881436,560,"15,8,5","7,0,0","28,13,12","0,0,0",205,119,0.001762743549,0.03170618988,"0.554,1.0,1.0","1.0,1.0,1.0",-0.149
AGE0001004,AGE_SEX,9d,Ray Lab Data - 9d_significant.csv,de062c71aa5996076f81567e08b590e48e73f510db466598124e5cf57aa18375,52,FBgn0069969;SE:chr2R:927570-929051:929292-949871:-,FBgn0069969;SE:2R:927570-929051:929292-949871:-,SE,chr2R,-,927570-929051:929292-949871,Yes,-0.343,0.002030291099,0.03336702735,9d_male_vs_female,9d,SE,Yes,Higher inclusion in female,1354,FBgn0069969,CG40498,chr2R,-,929050,929292,927355,927570,949870,949946,1354,"3,158,212","20,6,11","123,160,171","0,3,7",361,119,0.002030291099,0.03336702735,"0.047,0.897,0.864","1.0,0.946,0.89",-0.343
AGE0001005,AGE_SEX,9d,Ray Lab Data - 9d_significant.csv,de062c71aa5996076f81567e08b590e48e73f510db466598124e5cf57aa18375,53,FBgn0259176;SE:chr2L:12492023-12498525:12498903-12504079:-,FBgn0259176;SE:2L:12492023-12498525:12498903-12504079:-,SE,chr2L,-,12492023-12498525:12498903-12504079,Yes,-0.223,0.002042391348,0.03336702735,9d_male_vs_female,9d,SE,Yes,Higher inclusion in female,3072,FBgn0259176,bun,chr2L,-,12498524,12498903,12491688,12492023,12504078,12504832,3072,"5,10,10","0,1,4","33,25,3","0,2,0",498,119,0.002042391348,0.03336702735,"1.0,0.705,0.374","1.0,0.749,1.0",-0.223
AGE0001006,AGE_SEX,9d,Ray Lab Data - 9d_significant.csv,de062c71aa5996076f81567e08b590e48e73f510db466598124e5cf57aa18375,54,FBgn0261552;SE:chr3R:9432839-9440681:9441665-9444011:+,FBgn0261552;SE:3R:9432839-9440681:9441665-9444011:+,SE,chr3R,+,9432839-9440681:9441665-9444011,Yes,-0.124,0.001974079487,0.03336702735,9d_male_vs_female,9d,SE,Yes,Higher inclusion in female,3217,FBgn0261552,ps,chr3R,+,9440680,9441665,9432601,9432839,9444010,9444076,3217,"52,161,110","0,0,7","140,76,50","0,0,0",1104,119,0.001974079487,0.03336702735,"1.0,1.0,0.629","1.0,1.0,1.0",-0.124
AGE0001007,AGE_SEX,9d,Ray Lab Data - 9d_significant.csv,de062c71aa5996076f81567e08b590e48e73f510db466598124e5cf57aa18375,55,FBgn0043070;SE:chr2R:21502479-21507295:21507722-21510867:+,FBgn0043070;SE:2R:21502479-21507295:21507722-21510867:+,SE,chr2R,+,21502479-21507295:21507722-21510867,Yes,-0.314,0.00223869816,0.03517586649,9d_male_vs_female,9d,SE,Yes,Higher inclusion in female,2606,FBgn0043070,MESK2,chr2R,+,21507294,21507722,21502096,21502479,21510866,21511060,2606,"8,24,16","15,17,8","30,17,32","13,3,3",547,119,0.00223869816,0.03517586649,"0.104,0.235,0.303","0.334,0.552,0.699",-0.314
AGE0001008,AGE_SEX,9d,Ray Lab Data - 9d_significant.csv,de062c71aa5996076f81567e08b590e48e73f510db466598124e5cf57aa18375,56,FBgn0010303;SE:chrX:13083098-13084245:13084570-13085596:-,FBgn0010303;SE:X:13083098-13084245:13084570-13085596:-,SE,chrX,-,13083098-13084245:13084570-13085596,Yes,-0.135,0.002640320777,0.04010353891,9d_male_vs_female,9d,SE,Yes,Higher inclusion in female,160,FBgn0010303,hep,chrX,-,13084244,13084570,13082807,13083098,13085595,13085751,160,"86,319,364","14,4,9","170,227,192","0,7,0",445,119,0.002640320777,0.04010353891,"0.622,0.955,0.915","1.0,0.897,1.0",-0.135
AGE0001009,AGE_SEX,9d,Ray Lab Data - 9d_significant.csv,de062c71aa5996076f81567e08b590e48e73f510db466598124e5cf57aa18375,57,FBgn0040056;SE:chr3L:23746544-23747873:23748060-23748424:+,FBgn0040056;SE:3L:23746544-23747873:23748060-23748424:+,SE,chr3L,+,23746544-23747873:23748060-23748424,Yes,0.131,0.003208790646,0.04666400864,9d_male_vs_female,9d,SE,Yes,Higher inclusion in male,1598,FBgn0040056,CG17698,chr3L,+,23747872,23748060,23746189,23746544,23748423,23748716,1598,"55,56,73","0,4,0","44,33,46","0,4,8",307,119,0.003208790646,0.04666400864,"1.0,0.844,1.0","1.0,0.762,0.69",0.131
AGE0001010,AGE_SEX,9d,Ray Lab Data - 9d_significant.csv,de062c71aa5996076f81567e08b590e48e73f510db466598124e5cf57aa18375,58,FBgn0082582;SE:chr3R:30573072-30575432:30575948-30577179:+,FBgn0082582;SE:3R:30573072-30575432:30575948-30577179:+,SE,chr3R,+,30573072-30575432:30575948-30577179,Yes,-0.126,0.003194702125,0.04666400864,9d_male_vs_female,9d,SE,Yes,Higher inclusion in female,709,FBgn0082582,tmod,chr3R,+,30575431,30575948,30572924,30573072,30577178,30577558,709,"16,1,1","14,26,10","14,10,19","26,5,13",636,119,0.003194702125,0.04666400864,"0.176,0.007,0.018","0.092,0.272,0.215",-0.126
AGE0001011,AGE_SEX,9d,Ray Lab Data - 9d_significant.csv,de062c71aa5996076f81567e08b590e48e73f510db466598124e5cf57aa18375,59,FBgn0261552;SE:chr3R:9432839-9441416:9441665-9444011:+,FBgn0261552;SE:3R:9432839-9441416:9441665-9444011:+,SE,chr3R,+,9432839-9441416:9441665-9444011,Yes,-0.173,0.003391288074,0.04829052914,9d_male_vs_female,9d,SE,Yes,Higher inclusion in female,3222,FBgn0261552,ps,chr3R,+,9441415,9441665,9432601,9432839,9444010,9444076,3222,"20,27,20","0,0,7","59,27,23","0,0,0",369,119,0.003391288074,0.04829052914,"1.0,1.0,0.48","1.0,1.0,1.0",-0.173
AGE0001012,AGE_SEX,9d,Ray Lab Data - 9d_significant.csv,de062c71aa5996076f81567e08b590e48e73f510db466598124e5cf57aa18375,60,FBgn0263111;SE:chrX:11974339-11975746:11975861-11976403:-,FBgn0263111;SE:X:11974339-11975746:11975861-11976403:-,SE,chrX,-,11974339-11975746:11975861-11976403,No,-0.088,0.000000001218332213,0.0000008327300675,9d_male_vs_female,9d,SE,No,Higher inclusion in female,644,FBgn0263111,cac,chrX,-,11975745,11975861,11974223,11974339,11976402,11976506,644,"17,30,31","86,257,246","69,43,62","151,151,170",235,119,0.000000001218332213,0.0000008327300675,"0.091,0.056,0.06","0.188,0.126,0.156",-0.088
AGE0001013,AGE_SEX,9d,Ray Lab Data - 9d_significant.csv,de062c71aa5996076f81567e08b590e48e73f510db466598124e5cf57aa18375,61,FBgn0262737;SE:chr3L:21875325-21888634:21888692-21907346:+,FBgn0262737;SE:3L:21875325-21888634:21888692-21907346:+,SE,chr3L,+,21875325-21888634:21888692-21907346,No,-0.085,0.0000001591035965,0.00003215085023,9d_male_vs_female,9d,SE,No,Higher inclusion in female,654,FBgn0262737,mub,chr3L,+,21888633,21888692,21875296,21875325,21907345,21907920,654,"5,5,7","38,112,189","27,12,19","101,111,62",178,119,0.0000001591035965,0.00003215085023,"0.081,0.029,0.024","0.152,0.067,0.17",-0.085
AGE0001014,AGE_SEX,9d,Ray Lab Data - 9d_significant.csv,de062c71aa5996076f81567e08b590e48e73f510db466598124e5cf57aa18375,62,FBgn0264607;SE:chr4:1038437-1043468:1043524-1045156:-,FBgn0264607;SE:4:1038437-1043468:1043524-1045156:-,SE,chr4,-,1038437-1043468:1043524-1045156,No,-0.075,0.000003527200578,0.000370898707,9d_male_vs_female,9d,SE,No,Higher inclusion in female,2834,FBgn0264607,CaMKII,chr4,-,1043467,1043524,1038358,1038437,1045155,1045248,2834,"53,92,121","0,11,10","82,92,79","0,1,1",176,119,0.000003527200578,0.000370898707,"1.0,0.85,0.891","1.0,0.984,0.982",-0.075
AGE0001015,AGE_SEX,9d,Ray Lab Data - 9d_significant.csv,de062c71aa5996076f81567e08b590e48e73f510db466598124e5cf57aa18375,63,FBgn0266557;SE:chr2L:228281-229173:229382-229930:-,FBgn0266557;SE:2L:228281-229173:229382-229930:-,SE,chr2L,-,228281-229173:229382-229930,No,0.075,0.00002689097802,0.001837998348,9d_male_vs_female,9d,SE,No,Higher inclusion in male,630,FBgn0266557,kis,chr2L,-,229172,229382,227371,228281,229929,229977,630,"44,36,27","0,0,0","123,26,18","13,0,0",329,119,0.00002689097802,0.001837998348,"1.0,1.0,1.0","0.774,1.0,1.0",0.075
AGE0001016,AGE_SEX,9d,Ray Lab Data - 9d_significant.csv,de062c71aa5996076f81567e08b590e48e73f510db466598124e5cf57aa18375,64,FBgn0004907;SE:chr2R:10105067-10105702:10105825-10107467:+,FBgn0004907;SE:2R:10105067-10105702:10105825-10107467:+,SE,chr2R,+,10105067-10105702:10105825-10107467,No,-0.093,0.00003147892389,0.001907864547,9d_male_vs_female,9d,SE,No,Higher inclusion in female,1519,FBgn0004907,14-3-3zeta,chr2R,+,10105701,10105825,10104940,10105067,10107466,10107695,1519,"101,102,64","19,0,0","108,67,36","0,0,0",243,119,0.00003147892389,0.001907864547,"0.722,1.0,1.0","1.0,1.0,1.0",-0.093
AGE0001017,AGE_SEX,9d,Ray Lab Data - 9d_significant.csv,de062c71aa5996076f81567e08b590e48e73f510db466598124e5cf57aa18375,65,FBgn0004509;SE:chr3R:25431981-25461365:25461420-25472482:-,FBgn0004509;SE:3R:25431981-25461365:25461420-25472482:-,SE,chr3R,-,25431981-25461365:25461420-25472482,No,-0.046,0.00003210013502,0.001907864547,9d_male_vs_female,9d,SE,No,Higher inclusion in female,2645,FBgn0004509,Fur1,chr3R,-,25461364,25461420,25431916,25431981,25472481,25473058,2645,"0,0,0","21,77,95","14,3,0","78,69,41",175,119,0.00003210013502,0.001907864547,"0.0,0.0,0.0","0.109,0.029,0.0",-0.046
AGE0001018,AGE_SEX,9d,Ray Lab Data - 9d_significant.csv,de062c71aa5996076f81567e08b590e48e73f510db466598124e5cf57aa18375,66,FBgn0261804;SE:chr2L:18211298-18215765:18215846-18246025:-,FBgn0261804;SE:2L:18211298-18215765:18215846-18246025:-,SE,chr2L,-,18211298-18215765:18215846-18246025,No,-0.034,0.00003077531094,0.001907864547,9d_male_vs_female,9d,SE,No,Higher inclusion in female,2581,FBgn0261804,CG42750,chr2L,-,18215764,18215846,18210556,18211298,18246024,18246107,2581,"256,477,520","0,32,23","528,438,525","8,2,12",201,119,0.00003077531094,0.001907864547,"1.0,0.898,0.93","0.975,0.992,0.963",-0.034
AGE0001019,AGE_SEX,9d,Ray Lab Data - 9d_significant.csv,de062c71aa5996076f81567e08b590e48e73f510db466598124e5cf57aa18375,67,FBgn0262738;SE:chrX:4323155-4325348:4325616-4332796:+,FBgn0262738;SE:X:4323155-4325348:4325616-4332796:+,SE,chrX,+,4323155-4325348:4325616-4332796,No,0.023,0.00006328119846,0.002868906624,9d_male_vs_female,9d,SE,No,Higher inclusion in male,651,FBgn0262738,norpA,chrX,+,4325347,4325616,4322625,4323155,4332795,4332840,651,"42,111,53","189,571,712","48,30,22","405,411,446",388,119,0.00006328119846,0.002868906624,"0.064,0.056,0.022","0.035,0.022,0.015",0.023
AGE0001020,AGE_SEX,9d,Ray Lab Data - 9d_significant.csv,de062c71aa5996076f81567e08b590e48e73f510db466598124e5cf57aa18375,68,FBgn0287186;SE:chr3L:24726292-24728297:24728508-24734036:+,FBgn0287186;SE:3L:24726292-24728297:24728508-24734036:+,SE,chr3L,+,24726292-24728297:24728508-24734036,No,-0.029,0.0001194000332,0.004663424153,9d_male_vs_female,9d,SE,No,Higher inclusion in female,2156,FBgn0287186,scro,chr3L,+,24728296,24728508,24725823,24726292,24734035,24734187,2156,"358,481,547","8,11,6","1450,331,377","3,7,0",331,119,0.0001194000332,0.004663424153,"0.941,0.94,0.97","0.994,0.944,1.0",-0.029
AGE0001021,AGE_SEX,9d,Ray Lab Data - 9d_significant.csv,de062c71aa5996076f81567e08b590e48e73f510db466598124e5cf57aa18375,69,FBgn0039710;SE:chr3R:29855043-29855130:29855648-29855953:-,FBgn0039710;SE:3R:29855043-29855130:29855648-29855953:-,SE,chr3R,-,29855043-29855130:29855648-29855953,No,0.058,0.0001681884323,0.005895220177,9d_male_vs_female,9d,SE,No,Higher inclusion in male,717,FBgn0039710,dgt1,chr3R,-,29855129,29855648,29854694,29855043,29855952,29856353,717,"0,0,18","18,22,16","0,0,0","55,21,21",638,119,0.0001681884323,0.005895220177,"0.0,0.0,0.173","0.0,0.0,0.0",0.058
AGE0001022,AGE_SEX,9d,Ray Lab Data - 9d_significant.csv,de062c71aa5996076f81567e08b590e48e73f510db466598124e5cf57aa18375,70,FBgn0038826;SE:chr3R:20792555-20795139:20795274-20797144:+,FBgn0038826;SE:3R:20792555-20795139:20795274-20797144:+,SE,chr3R,+,20792555-20795139:20795274-20797144,No,0.074,0.0001970866449,0.006571157162,9d_male_vs_female,9d,SE,No,Higher inclusion in male,818,FBgn0038826,Syp,chr3R,+,20795138,20795274,20792313,20792555,20797143,20797277,818,"145,168,136","0,1,4","135,134,82","14,1,4",255,119,0.0001970866449,0.006571157162,"1.0,0.987,0.941","0.818,0.984,0.905",0.074
AGE0001023,AGE_SEX,9d,Ray Lab Data - 9d_significant.csv,de062c71aa5996076f81567e08b590e48e73f510db466598124e5cf57aa18375,71,FBgn0034282;SE:chr2R:17867559-17867783:17868088-17868287:-,FBgn0034282;SE:2R:17867559-17867783:17868088-17868287:-,SE,chr2R,-,17867559-17867783:17868088-17868287,No,-0.031,0.0002697223548,0.008574661837,9d_male_vs_female,9d,SE,No,Higher inclusion in female,1860,FBgn0034282,Mapmodulin,chr2R,-,17867782,17868088,17867325,17867559,17868286,17868369,1860,"1,1,7","48,26,49","25,0,7","70,19,32",425,119,0.0002697223548,0.008574661837,"0.006,0.011,0.038","0.091,0.0,0.058",-0.031
AGE0001024,AGE_SEX,9d,Ray Lab Data - 9d_significant.csv,de062c71aa5996076f81567e08b590e48e73f510db466598124e5cf57aa18375,72,FBgn0026086;SE:chrX:1774222-1775650:1775738-1778612:+,FBgn0026086;SE:X:1774222-1775650:1775738-1778612:+,SE,chrX,+,1774222-1775650:1775738-1778612,No,0.037,0.0002884770135,0.008921377311,9d_male_vs_female,9d,SE,No,Higher inclusion in male,2039,FBgn0026086,Adar,chrX,+,1775649,1775738,1773724,1774222,1778611,1778699,2039,"7,6,13","66,74,85","1,3,2","114,44,40",208,119,0.0002884770135,0.008921377311,"0.057,0.044,0.08","0.005,0.038,0.028",0.037
AGE0001025,AGE_SEX,9d,Ray Lab Data - 9d_significant.csv,de062c71aa5996076f81567e08b590e48e73f510db466598124e5cf57aa18375,73,FBgn0267431;SE:chr3R:1342317-1454572:1455091-1467146:+,FBgn0267431;SE:3R:1342317-1454572:1455091-1467146:+,SE,chr3R,+,1342317-1454572:1455091-1467146,No,0.093,0.0003263763892,0.009699054872,9d_male_vs_female,9d,SE,No,Higher inclusion in male,342,FBgn0267431,Myo81F,chr3R,+,1454571,1455091,1342195,1342317,1467145,1467258,342,"75,85,58","0,0,0","124,118,58","9,0,0",639,119,0.0003263763892,0.009699054872,"1.0,1.0,1.0","0.72,1.0,1.0",0.093
AGE0001026,AGE_SEX,9d,Ray Lab Data - 9d_significant.csv,de062c71aa5996076f81567e08b590e48e73f510db466598124e5cf57aa18375,74,FBgn0003380;SE:chrX:18040383-18059735:18060548-18062827:-,FBgn0003380;SE:X:18040383-18059735:18060548-18062827:-,SE,chrX,-,18040383-18059735:18060548-18062827,No,0.035,0.0003470141535,0.009882673914,9d_male_vs_female,9d,SE,No,Higher inclusion in male,2122,FBgn0003380,Sh,chrX,-,18059734,18060548,18039084,18040383,18062826,18062943,2122,"583,803,770","0,2,1","1113,486,446","13,0,3",933,119,0.0003470141535,0.009882673914,"1.0,0.981,0.99","0.916,1.0,0.95",0.035
AGE0001027,AGE_SEX,9d,Ray Lab Data - 9d_significant.csv,de062c71aa5996076f81567e08b590e48e73f510db466598124e5cf57aa18375,75,FBgn0011224;SE:chr3R:31959127-31969756:31969785-31975448:-,FBgn0011224;SE:3R:31959127-31969756:31969785-31975448:-,SE,chr3R,-,31959127-31969756:31969785-31975448,No,0.028,0.0003816825041,0.01064816292,9d_male_vs_female,9d,SE,No,Higher inclusion in male,1934,FBgn0011224,heph,chr3R,-,31969755,31969785,31959034,31959127,31975447,31975965,1934,"0,11,4","2,34,23","2,0,0","5,25,13",149,119,0.0003816825041,0.01064816292,"0.0,0.205,0.122","0.242,0.0,0.0",0.028
AGE0001028,AGE_SEX,9d,Ray Lab Data - 9d_significant.csv,de062c71aa5996076f81567e08b590e48e73f510db466598124e5cf57aa18375,76,FBgn0003261;SE:chr3R:6001736-6001833:6002753-6003673:-,FBgn0003261;SE:3R:6001736-6001833:6002753-6003673:-,SE,chr3R,-,6001736-6001833:6002753-6003673,No,0.05,0.0003912145529,0.01069580588,9d_male_vs_female,9d,SE,No,Higher inclusion in male,1230,FBgn0003261,Rm62,chr3R,-,6001832,6002753,6001557,6001736,6003672,6003911,1230,"728,931,1040","0,8,0","1140,544,749","16,3,6",1040,119,0.0003912145529,0.01069580588,"1.0,0.93,1.0","0.891,0.954,0.935",0.05
AGE0001029,AGE_SEX,9d,Ray Lab Data - 9d_significant.csv,de062c71aa5996076f81567e08b590e48e73f510db466598124e5cf57aa18375,77,FBgn0003261;SE:chr3R:6001736-6002063:6003098-6003673:-,FBgn0003261;SE:3R:6001736-6002063:6003098-6003673:-,SE,chr3R,-,6001736-6002063:6003098-6003673,No,0.061,0.0005373559011,0.01385972673,9d_male_vs_female,9d,SE,No,Higher inclusion in male,1232,FBgn0003261,Rm62,chr3R,-,6002062,6003098,6001557,6001736,6003672,6003911,1232,"714,720,837","0,8,0","1075,440,566","16,3,6",1155,119,0.0005373559011,0.01385972673,"1.0,0.903,1.0","0.874,0.938,0.907",0.061
AGE0001030,AGE_SEX,9d,Ray Lab Data - 9d_significant.csv,de062c71aa5996076f81567e08b590e48e73f510db466598124e5cf57aa18375,78,FBgn0003261;SE:chr3R:6001736-6002063:6002721-6003673:-,FBgn0003261;SE:3R:6001736-6002063:6002721-6003673:-,SE,chr3R,-,6001736-6002063:6002721-6003673,No,0.049,0.0006081869348,0.01539613963,9d_male_vs_female,9d,SE,No,Higher inclusion in male,1231,FBgn0003261,Rm62,chr3R,-,6002062,6002721,6001557,6001736,6003672,6003911,1231,"580,622,703","0,8,0","904,388,503","16,3,6",778,119,0.0006081869348,0.01539613963,"1.0,0.922,1.0","0.896,0.952,0.928",0.049
AGE0001031,AGE_SEX,9d,Ray Lab Data - 9d_significant.csv,de062c71aa5996076f81567e08b590e48e73f510db466598124e5cf57aa18375,79,FBgn0285926;SE:chrX:10814093-10821319:10821488-10822392:-,FBgn0285926;SE:X:10814093-10821319:10821488-10822392:-,SE,chrX,-,10814093-10821319:10821488-10822392,No,-0.015,0.0006449541234,0.01603004158,9d_male_vs_female,9d,SE,No,Higher inclusion in female,300,FBgn0285926,Imp,chrX,-,10821318,10821488,10813248,10814093,10822391,10822786,300,"0,6,1","64,369,355","0,22,15","87,280,287",289,119,0.0006449541234,0.01603004158,"0.0,0.007,0.001","0.0,0.031,0.021",-0.015
AGE0001032,AGE_SEX,9d,Ray Lab Data - 9d_significant.csv,de062c71aa5996076f81567e08b590e48e73f510db466598124e5cf57aa18375,80,FBgn0000479;SE:chrX:3176685-3189534:3190576-3244735:+,FBgn0000479;SE:X:3176685-3189534:3190576-3244735:+,SE,chrX,+,3176685-3189534:3190576-3244735,No,0.055,0.0007473508788,0.01702714419,9d_male_vs_female,9d,SE,No,Higher inclusion in male,1533,FBgn0000479,Pde4,chrX,+,3189533,3190576,3176439,3176685,3244734,3244854,1533,"315,609,582","0,0,0","541,478,508","11,0,0",1162,119,0.0007473508788,0.01702714419,"1.0,1.0,1.0","0.834,1.0,1.0",0.055
AGE0001033,AGE_SEX,9d,Ray Lab Data - 9d_significant.csv,de062c71aa5996076f81567e08b590e48e73f510db466598124e5cf57aa18375,81,FBgn0004509;SE:chr3R:25417964-25431917:25431981-25472482:-,FBgn0004509;SE:3R:25417964-25431917:25431981-25472482:-,SE,chr3R,-,25417964-25431917:25431981-25472482,No,-0.036,0.001058869999,0.02209322965,9d_male_vs_female,9d,SE,No,Higher inclusion in female,2643,FBgn0004509,Fur1,chr3R,-,25431916,25431981,25417937,25417964,25472481,25473058,2643,"23,91,131","0,10,6","111,90,47","1,0,3",184,119,0.001058869999,0.02209322965,"1.0,0.855,0.934","0.986,1.0,0.91",-0.036
AGE0001034,AGE_SEX,9d,Ray Lab Data - 9d_significant.csv,de062c71aa5996076f81567e08b590e48e73f510db466598124e5cf57aa18375,82,FBgn0263346;SE:chr3R:4660399-4670797:4670850-4680229:+,FBgn0263346;SE:3R:4660399-4670797:4670850-4680229:+,SE,chr3R,+,4660399-4670797:4670850-4680229,No,-0.072,0.001194478735,0.02341722256,9d_male_vs_female,9d,SE,No,Higher inclusion in female,571,FBgn0263346,smash,chr3R,+,4670796,4670850,4659578,4660399,4680228,4680579,571,"78,187,151","13,15,3","155,113,129","2,5,3",173,119,0.001194478735,0.02341722256,"0.805,0.896,0.972","0.982,0.94,0.967",-0.072
AGE0001035,AGE_SEX,9d,Ray Lab Data - 9d_significant.csv,de062c71aa5996076f81567e08b590e48e73f510db466598124e5cf57aa18375,83,FBgn0028577;SE:chr3L:1500388-1501346:1501406-1501799:-,FBgn0028577;SE:3L:1500388-1501346:1501406-1501799:-,SE,chr3L,-,1500388-1501346:1501406-1501799,No,-0.083,0.001251593551,0.02409758289,9d_male_vs_female,9d,SE,No,Higher inclusion in female,244,FBgn0028577,hfp,chr3L,-,1501345,1501406,1500244,1500388,1501798,1501892,244,"7,19,22","90,105,86","35,16,23","85,57,70",180,119,0.001251593551,0.02409758289,"0.049,0.107,0.145","0.214,0.157,0.178",-0.083
AGE0001036,AGE_SEX,9d,Ray Lab Data - 9d_significant.csv,de062c71aa5996076f81567e08b590e48e73f510db466598124e5cf57aa18375,84,FBgn0024811;SE:chr4:210680-211854:211982-212628:+,FBgn0024811;SE:4:210680-211854:211982-212628:+,SE,chr4,+,210680-211854:211982-212628,No,-0.042,0.001568614458,0.02923770218,9d_male_vs_female,9d,SE,No,Higher inclusion in female,2521,FBgn0024811,Crk,chr4,+,211853,211982,210557,210680,212627,212729,2521,"79,161,186","0,9,3","176,74,95","1,0,0",248,119,0.001568614458,0.02923770218,"1.0,0.896,0.967","0.988,1.0,1.0",-0.042
AGE0001037,AGE_SEX,9d,Ray Lab Data - 9d_significant.csv,de062c71aa5996076f81567e08b590e48e73f510db466598124e5cf57aa18375,85,FBgn0262737;SE:chr3L:21879941-21888634:21888692-21907346:+,FBgn0262737;SE:3L:21879941-21888634:21888692-21907346:+,SE,chr3L,+,21879941-21888634:21888692-21907346,No,-0.043,0.001762019341,0.03170618988,9d_male_vs_female,9d,SE,No,Higher inclusion in female,655,FBgn0262737,mub,chr3L,+,21888633,21888692,21879576,21879941,21907345,21907920,655,"18,11,8","96,246,188","18,15,14","146,83,73",178,119,0.001762019341,0.03170618988,"0.111,0.029,0.028","0.076,0.108,0.114",-0.043
AGE0001038,AGE_SEX,9d,Ray Lab Data - 9d_significant.csv,de062c71aa5996076f81567e08b590e48e73f510db466598124e5cf57aa18375,86,FBgn0039265;SE:chr3R:25048790-25048879:25048908-25049272:+,FBgn0039265;SE:3R:25048790-25048879:25048908-25049272:+,SE,chr3R,+,25048790-25048879:25048908-25049272,No,-0.028,0.001813366175,0.03219313716,9d_male_vs_female,9d,SE,No,Higher inclusion in female,1470,FBgn0039265,CG11790,chr3R,+,25048878,25048908,25048664,25048790,25049271,25049455,1470,"0,0,0","210,753,862","17,21,0","245,545,707",149,119,0.001813366175,0.03219313716,"0.0,0.0,0.0","0.053,0.03,0.0",-0.028
AGE0001039,AGE_SEX,9d,Ray Lab Data - 9d_significant.csv,de062c71aa5996076f81567e08b590e48e73f510db466598124e5cf57aa18375,87,FBgn0031100;SE:chrX:20315949-20329163:20329275-20330118:-,FBgn0031100;SE:X:20315949-20329163:20329275-20330118:-,SE,chrX,-,20315949-20329163:20329275-20330118,No,-0.094,0.002049460952,0.03336702735,9d_male_vs_female,9d,SE,No,Higher inclusion in female,14,FBgn0031100,CG1504,chrX,-,20329162,20329275,20315309,20315949,20330117,20330372,14,"225,346,257","18,37,61","324,301,219","28,16,13",232,119,0.002049460952,0.03336702735,"0.865,0.827,0.684","0.856,0.906,0.896",-0.094
AGE0001040,AGE_SEX,9d,Ray Lab Data - 9d_significant.csv,de062c71aa5996076f81567e08b590e48e73f510db466598124e5cf57aa18375,88,FBgn0003386;SE:chr2L:3723764-3724884:3725196-3725656:+,FBgn0003386;SE:2L:3723764-3724884:3725196-3725656:+,SE,chr2L,+,3723764-3724884:3725196-3725656,No,0.083,0.001957545145,0.03336702735,9d_male_vs_female,9d,SE,No,Higher inclusion in male,1654,FBgn0003386,Shaw,chr2L,+,3724883,3725196,3723635,3723764,3725655,3725901,1654,"65,72,94","40,149,208","51,19,32","58,124,160",432,119,0.001957545145,0.03336702735,"0.309,0.117,0.111","0.195,0.04,0.052",0.083
AGE0001041,AGE_SEX,9d,Ray Lab Data - 9d_significant.csv,de062c71aa5996076f81567e08b590e48e73f510db466598124e5cf57aa18375,89,FBgn0287183;SE:chr3L:25798742-25924296:25924456-25961360:-,FBgn0287183;SE:3L:25798742-25924296:25924456-25961360:-,SE,chr3L,-,25798742-25924296:25924456-25961360,No,0.065,0.002051839766,0.03336702735,9d_male_vs_female,9d,SE,No,Higher inclusion in male,271,FBgn0287183,l(3)80Fg,chr3L,-,25924295,25924456,25798440,25798742,25961359,25961540,271,"88,136,140","0,0,0","101,90,103","6,2,1",280,119,0.002051839766,0.03336702735,"1.0,1.0,1.0","0.877,0.95,0.978",0.065
AGE0001042,AGE_SEX,9d,Ray Lab Data - 9d_significant.csv,de062c71aa5996076f81567e08b590e48e73f510db466598124e5cf57aa18375,90,FBgn0027932;SE:chr2L:8428067-8428320:8429462-8430281:+,FBgn0027932;SE:2L:8428067-8428320:8429462-8430281:+,SE,chr2L,+,8428067-8428320:8429462-8430281,No,0.024,0.002066859746,0.03336702735,9d_male_vs_female,9d,SE,No,Higher inclusion in male,1090,FBgn0027932,Akap200,chr2L,+,8428319,8429462,8427614,8428067,8430280,8430544,1090,"89,15,21","81,306,332","22,27,13","122,288,204",1262,119,0.002066859746,0.03336702735,"0.094,0.005,0.006","0.017,0.009,0.006",0.024
AGE0001043,AGE_SEX,9d,Ray Lab Data - 9d_significant.csv,de062c71aa5996076f81567e08b590e48e73f510db466598124e5cf57aa18375,91,FBgn0013342;SE:chr3L:1632454-1633058:1633505-1635186:-,FBgn0013342;SE:3L:1632454-1633058:1633505-1635186:-,SE,chr3L,-,1632454-1633058:1633505-1635186,No,0.004,0.002074760296,0.03336702735,9d_male_vs_female,9d,SE,No,Higher inclusion in male,257,FBgn0013342,nSyb,chr3L,-,1633057,1633505,1630347,1632454,1635185,1635237,257,"260,933,838","3580,7426,9402","284,575,433","7330,5166,5748",567,119,0.002074760296,0.03336702735,"0.015,0.026,0.018","0.008,0.023,0.016",0.004
AGE0001044,AGE_SEX,9d,Ray Lab Data - 9d_significant.csv,de062c71aa5996076f81567e08b590e48e73f510db466598124e5cf57aa18375,92,FBgn0261552;SE:chr3R:9432839-9439346:9439705-9440681:+,FBgn0261552;SE:3R:9432839-9439346:9439705-9440681:+,SE,chr3R,+,9432839-9439346:9439705-9440681,No,-0.041,0.002190934046,0.03482566094,9d_male_vs_female,9d,SE,No,Higher inclusion in female,3210,FBgn0261552,ps,chr3R,+,9439345,9439705,9432601,9432839,9440680,9441665,3210,"331,1288,1473","8,46,48","829,957,865","16,12,21",479,119,0.002190934046,0.03482566094,"0.911,0.874,0.884","0.928,0.952,0.911",-0.041
AGE0001045,AGE_SEX,9d,Ray Lab Data - 9d_significant.csv,de062c71aa5996076f81567e08b590e48e73f510db466598124e5cf57aa18375,93,FBgn0028496;SE:chr2R:18477023-18496747:18496905-18497756:-,FBgn0028496;SE:2R:18477023-18496747:18496905-18497756:-,SE,chr2R,-,18477023-18496747:18496905-18497756,No,-0.036,0.002490183194,0.03824809468,9d_male_vs_female,9d,SE,No,Higher inclusion in female,2125,FBgn0028496,CG30116,chr2R,-,18496746,18496905,18476483,18477023,18497755,18498026,2125,"196,334,273","0,0,14","329,197,185","0,0,0",278,119,0.002490183194,0.03824809468,"1.0,1.0,0.893","1.0,1.0,1.0",-0.036
AGE0001046,AGE_SEX,9d,Ray Lab Data - 9d_significant.csv,de062c71aa5996076f81567e08b590e48e73f510db466598124e5cf57aa18375,94,FBgn0041605;SE:chr3R:4284406-4288072:4288083-4295129:+,FBgn0041605;SE:3R:4284406-4288072:4288083-4295129:+,SE,chr3R,+,4284406-4288072:4288083-4295129,No,-0.035,0.002464734109,0.03824809468,9d_male_vs_female,9d,SE,No,Higher inclusion in female,845,FBgn0041605,cpx,chr3R,+,4288071,4288083,4284225,4284406,4295128,4295286,845,"1245,2159,2236","164,460,492","2182,1336,1514","256,265,179",131,119,0.002464734109,0.03824809468,"0.873,0.81,0.805","0.886,0.821,0.885",-0.035
AGE0001047,AGE_SEX,9d,Ray Lab Data - 9d_significant.csv,de062c71aa5996076f81567e08b590e48e73f510db466598124e5cf57aa18375,95,FBgn0052423;SE:chr3L:5170440-5200331:5200366-5201065:-,FBgn0052423;SE:3L:5170440-5200331:5200366-5201065:-,SE,chr3L,-,5170440-5200331:5200366-5201065,No,0.086,0.002818647662,0.04234166323,9d_male_vs_female,9d,SE,No,Higher inclusion in male,2864,FBgn0052423,shep,chr3L,-,5200330,5200366,5170186,5170440,5201064,5201412,2864,"0,4,3","2,19,17","0,0,0","13,12,3",155,119,0.002818647662,0.04234166323,"0.0,0.139,0.119","0.0,0.0,0.0",0.086
AGE0001048,AGE_SEX,9d,Ray Lab Data - 9d_significant.csv,de062c71aa5996076f81567e08b590e48e73f510db466598124e5cf57aa18375,96,FBgn0003261;SE:chr3R:6005126-6005950:6006102-6008037:-,FBgn0003261;SE:3R:6005126-6005950:6006102-6008037:-,SE,chr3R,-,6005126-6005950:6006102-6008037,No,0.084,0.002952215649,0.04386607383,9d_male_vs_female,9d,SE,No,Higher inclusion in male,1234,FBgn0003261,Rm62,chr3R,-,6005949,6006102,6004016,6005126,6008036,6008573,1234,"5,13,5","16,24,14","2,2,2","26,9,11",272,119,0.002952215649,0.04386607383,"0.12,0.192,0.135","0.033,0.089,0.074",0.084
AGE0001049,AGE_SEX,9d,Ray Lab Data - 9d_significant.csv,de062c71aa5996076f81567e08b590e48e73f510db466598124e5cf57aa18375,97,FBgn0085638;SE:chr2R:2770710-2830708:2830781-2830866:-,FBgn0085638;SE:2R:2770710-2830708:2830781-2830866:-,SE,chr2R,-,2770710-2830708:2830781-2830866,No,-0.072,0.003306285539,0.04757570876,9d_male_vs_female,9d,SE,No,Higher inclusion in female,1662,FBgn0085638,CG41378,chr2R,-,2830707,2830781,2770379,2770710,2830865,2831043,1662,"17,4,5","5,0,1","3,1,2","1,0,0",193,119,0.003306285539,0.04757570876,"0.677,1.0,0.755","0.649,1.0,1.0",-0.072
AGE0001050,AGE_SEX,9d,Ray Lab Data - 9d_significant.csv,de062c71aa5996076f81567e08b590e48e73f510db466598124e5cf57aa18375,98,FBgn0053517;SE:chrX:20011564-20013102:20013657-20026705:-,FBgn0053517;SE:X:20011564-20013102:20013657-20026705:-,SE,chrX,-,20011564-20013102:20013657-20026705,No,-0.429,0.004062925263,0.05667366158,9d_male_vs_female,9d,SE,No,Higher inclusion in female,2916,FBgn0053517,Dop2R,chrX,-,20013101,20013657,20011454,20011564,20026704,20026895,2916,"3,17,15","3,9,1","44,12,16","0,0,4",675,119,0.004062925263,0.05667366158,"0.15,0.25,0.726","1.0,1.0,0.414",-0.429
AGE0001051,AGE_SEX,9d,Ray Lab Data - 9d_significant.csv,de062c71aa5996076f81567e08b590e48e73f510db466598124e5cf57aa18375,99,FBgn0264001;SE:chr3L:13638565-13777913:13778311-13783421:-,FBgn0264001;SE:3L:13638565-13777913:13778311-13783421:-,SE,chr3L,-,13638565-13777913:13778311-13783421,No,0.122,0.004056920256,0.05667366158,9d_male_vs_female,9d,SE,No,Higher inclusion in male,2305,FBgn0264001,bru3,chr3L,-,13777912,13778311,13638516,13638565,13783420,13783530,2305,"17,29,17","0,0,1","33,23,20","10,0,0",518,119,0.004056920256,0.05667366158,"1.0,1.0,0.796","0.431,1.0,1.0",0.122
AGE0001052,AGE_SEX,9d,Ray Lab Data - 9d_significant.csv,de062c71aa5996076f81567e08b590e48e73f510db466598124e5cf57aa18375,100,FBgn0267002;SE:chr2R:16760714-16761406:16761447-16761668:-,FBgn0267002;SE:2R:16760714-16761406:16761447-16761668:-,SE,chr2R,-,16760714-16761406:16761447-16761668,No,-0.246,0.00419279397,0.05731549357,9d_male_vs_female,9d,SE,No,Higher inclusion in female,1405,FBgn0267002,unc-104,chr2R,-,16761405,16761447,16760597,16760714,16761667,16761807,1405,"7,7,5","19,39,4","9,7,10","5,7,6",161,119,0.00419279397,0.05731549357,"0.214,0.117,0.48","0.571,0.425,0.552",-0.246
AGE0001053,AGE_SEX,9d,Ray Lab Data - 9d_significant.csv,de062c71aa5996076f81567e08b590e48e73f510db466598124e5cf57aa18375,101,FBgn0011206;SE:chr3L:9108191-9112162:9112368-9112634:-,FBgn0011206;SE:3L:9108191-9112162:9112368-9112634:-,SE,chr3L,-,9108191-9112162:9112368-9112634,No,-0.02,0.0041880484,0.05731549357,9d_male_vs_female,9d,SE,No,Higher inclusion in female,34,FBgn0011206,bol,chr3L,-,9112161,9112368,9108131,9108191,9112633,9112787,34,"56,51,85","218,476,473","107,42,73","348,274,260",326,119,0.0041880484,0.05731549357,"0.086,0.038,0.062","0.101,0.053,0.093",-0.02
AGE0001054,AGE_SEX,9d,Ray Lab Data - 9d_significant.csv,de062c71aa5996076f81567e08b590e48e73f510db466598124e5cf57aa18375,102,FBgn0024804;SE:chr3L:27332108-27332169:27332346-27350220:+,FBgn0024804;SE:3L:27332108-27332169:27332346-27350220:+,SE,chr3L,+,27332108-27332169:27332346-27350220,No,-0.016,0.004250563116,0.05752989881,9d_male_vs_female,9d,SE,No,Higher inclusion in female,1731,FBgn0024804,Dbp80,chr3L,+,27332168,27332346,27331993,27332108,27350219,27350321,1731,"772,1060,1380","9,19,14","1541,966,913","4,14,3",297,119,0.004250563116,0.05752989881,"0.972,0.957,0.975","0.994,0.965,0.992",-0.016
AGE0001055,AGE_SEX,9d,Ray Lab Data - 9d_significant.csv,de062c71aa5996076f81567e08b590e48e73f510db466598124e5cf57aa18375,103,FBgn0259176;SE:chr2L:12477166-12498525:12498903-12504079:-,FBgn0259176;SE:2L:12477166-12498525:12498903-12504079:-,SE,chr2L,-,12477166-12498525:12498903-12504079,No,-0.267,0.004498923754,0.06029439972,9d_male_vs_female,9d,SE,No,Higher inclusion in female,3071,FBgn0259176,bun,chr2L,-,12498524,12498903,12477114,12477166,12504078,12504832,3071,"5,10,9","11,3,5","33,21,3","3,5,1",498,119,0.004498923754,0.06029439972,"0.098,0.443,0.301","0.724,0.501,0.418",-0.267
AGE0001056,AGE_SEX,9d,Ray Lab Data - 9d_significant.csv,de062c71aa5996076f81567e08b590e48e73f510db466598124e5cf57aa18375,104,FBgn0050424;SE:chr2R:24966041-24966106:24966860-24967051:-,FBgn0050424;SE:2R:24966041-24966106:24966860-24967051:-,SE,chr2R,-,24966041-24966106:24966860-24967051,No,0.289,0.004684615865,0.06041386686,9d_male_vs_female,9d,SE,No,Higher inclusion in male,534,FBgn0050424,cGlr2,chr2R,-,24966105,24966860,24965845,24966041,24967050,24967298,534,"26,50,39","0,0,0","18,26,16","16,0,0",874,119,0.004684615865,0.06041386686,"1.0,1.0,1.0","0.133,1.0,1.0",0.289
AGE0001057,AGE_SEX,9d,Ray Lab Data - 9d_significant.csv,de062c71aa5996076f81567e08b590e48e73f510db466598124e5cf57aa18375,105,FBgn0285925;SE:chr3R:16636576-16636775:16636810-16636986:+,FBgn0285925;SE:3R:16636576-16636775:16636810-16636986:+,SE,chr3R,+,16636576-16636775:16636810-16636986,No,-0.165,0.004682580678,0.06041386686,9d_male_vs_female,9d,SE,No,Higher inclusion in female,304,FBgn0285925,Fas1,chr3R,+,16636774,16636810,16636428,16636576,16636985,16637111,304,"12,42,28","9,0,0","60,4,2","0,0,0",155,119,0.004682580678,0.06041386686,"0.506,1.0,1.0","1.0,1.0,1.0",-0.165
AGE0001058,AGE_SEX,9d,Ray Lab Data - 9d_significant.csv,de062c71aa5996076f81567e08b590e48e73f510db466598124e5cf57aa18375,106,FBgn0013467;SE:chr2R:15156215-15164582:15164639-15180513:+,FBgn0013467;SE:2R:15156215-15164582:15164639-15180513:+,SE,chr2R,+,15156215-15164582:15164639-15180513,No,-0.147,0.004678886319,0.06041386686,9d_male_vs_female,9d,SE,No,Higher inclusion in female,2320,FBgn0013467,igl,chr2R,+,15164581,15164639,15155436,15156215,15180512,15180710,2320,"0,0,0","3,7,7","7,0,0","6,4,2",177,119,0.004678886319,0.06041386686,"0.0,0.0,0.0","0.44,0.0,0.0",-0.147
AGE0001059,AGE_SEX,9d,Ray Lab Data - 9d_significant.csv,de062c71aa5996076f81567e08b590e48e73f510db466598124e5cf57aa18375,107,FBgn0022764;SE:chr2R:12576993-12577454:12578551-12579129:-,FBgn0022764;SE:2R:12576993-12577454:12578551-12579129:-,SE,chr2R,-,12576993-12577454:12578551-12579129,No,-0.146,0.004623519867,0.06041386686,9d_male_vs_female,9d,SE,No,Higher inclusion in female,1161,FBgn0022764,Sin3A,chr2R,-,12577453,12578551,12576567,12576993,12579128,12579356,1161,"90,141,226","8,0,0","259,126,130","1,0,0",1217,119,0.004623519867,0.06041386686,"0.524,1.0,1.0","0.962,1.0,1.0",-0.146
AGE0001060,AGE_SEX,9d,Ray Lab Data - 9d_significant.csv,de062c71aa5996076f81567e08b590e48e73f510db466598124e5cf57aa18375,108,FBgn0025726;SE:chr4:881949-882617:882723-882961:-,FBgn0025726;SE:4:881949-882617:882723-882961:-,SE,chr4,-,881949-882617:882723-882961,No,0.313,0.004758769099,0.06079661082,9d_male_vs_female,9d,SE,No,Higher inclusion in male,2821,FBgn0025726,unc-13,chr4,-,882616,882723,881842,881949,882960,883081,2821,"5,9,17","1,1,0","16,0,6","0,3,2",226,119,0.004758769099,0.06079661082,"0.725,0.826,1.0","1.0,0.0,0.612",0.313
AGE0001061,AGE_SEX,9d,Ray Lab Data - 9d_significant.csv,de062c71aa5996076f81567e08b590e48e73f510db466598124e5cf57aa18375,109,FBgn0052600;SE:chrX:14322915-14324738:14324858-14355463:+,FBgn0052600;SE:X:14322915-14324738:14324858-14355463:+,SE,chrX,+,14322915-14324738:14324858-14355463,No,0.073,0.004830358735,0.06110697085,9d_male_vs_female,9d,SE,No,Higher inclusion in male,153,FBgn0052600,dpr8,chrX,+,14324737,14324858,14322225,14322915,14355462,14355542,153,"319,1023,1068","43,197,208","568,666,760","124,161,212",240,119,0.004830358735,0.06110697085,"0.786,0.72,0.718","0.694,0.672,0.64",0.073
AGE0001062,AGE_SEX,9d,Ray Lab Data - 9d_significant.csv,de062c71aa5996076f81567e08b590e48e73f510db466598124e5cf57aa18375,110,FBgn0287183;SE:chr3L:25978150-26008061:26008177-26013543:-,FBgn0287183;SE:3L:25978150-26008061:26008177-26013543:-,SE,chr3L,-,25978150-26008061:26008177-26013543,No,-0.055,0.004872465122,0.06110697085,9d_male_vs_female,9d,SE,No,Higher inclusion in female,281,FBgn0287183,l(3)80Fg,chr3L,-,26008060,26008177,25977966,25978150,26013542,26013721,281,"23,18,9","56,121,86","47,25,17","88,88,63",236,119,0.004872465122,0.06110697085,"0.172,0.07,0.05","0.212,0.125,0.12",-0.055
AGE0001063,AGE_SEX,9d,Ray Lab Data - 9d_significant.csv,de062c71aa5996076f81567e08b590e48e73f510db466598124e5cf57aa18375,111,FBgn0028496;SE:chr2R:18477023-18496747:18496868-18497756:-,FBgn0028496;SE:2R:18477023-18496747:18496868-18497756:-,SE,chr2R,-,18477023-18496747:18496868-18497756,No,-0.032,0.004943851762,0.06143859417,9d_male_vs_female,9d,SE,No,Higher inclusion in female,2123,FBgn0028496,CG30116,chr2R,-,18496746,18496868,18476483,18477023,18497755,18498026,2123,"186,328,268","0,0,14","317,190,179","0,0,0",241,119,0.004943851762,0.06143859417,"1.0,1.0,0.904","1.0,1.0,1.0",-0.032
AGE0001064,AGE_SEX,9d,Ray Lab Data - 9d_significant.csv,de062c71aa5996076f81567e08b590e48e73f510db466598124e5cf57aa18375,112,FBgn0032515;SE:chr2L:13384022-13384527:13384794-13384984:+,FBgn0032515;SE:2L:13384022-13384527:13384794-13384984:+,SE,chr2L,+,13384022-13384527:13384794-13384984,No,0.458,0.005055252341,0.06193092229,9d_male_vs_female,9d,SE,No,Higher inclusion in male,2903,FBgn0032515,loqs,chr2L,+,13384526,13384794,13383736,13384022,13384983,13385671,2903,"9,9,11","2,10,0","7,1,2","8,7,3",387,119,0.005055252341,0.06193092229,"0.58,0.217,1.0","0.212,0.042,0.17",0.458
AGE0001065,AGE_SEX,9d,Ray Lab Data - 9d_significant.csv,de062c71aa5996076f81567e08b590e48e73f510db466598124e5cf57aa18375,113,FBgn0030613;SE:chrX:15109893-15110464:15110670-15111068:+,FBgn0030613;SE:X:15109893-15110464:15110670-15111068:+,SE,chrX,+,15109893-15110464:15110670-15111068,No,0.356,0.005074077027,0.06193092229,9d_male_vs_female,9d,SE,No,Higher inclusion in male,930,FBgn0030613,Rab3-GEF,chrX,+,15110463,15110670,15109846,15109893,15111067,15113744,930,"1,4,9","0,0,0","38,1,2","7,1,0",326,119,0.005074077027,0.06193092229,"1.0,1.0,1.0","0.665,0.267,1.0",0.356
AGE0001066,AGE_SEX,9d,Ray Lab Data - 9d_significant.csv,de062c71aa5996076f81567e08b590e48e73f510db466598124e5cf57aa18375,114,FBgn0003386;SE:chr2L:3725196-3725656:3725901-3726679:+,FBgn0003386;SE:2L:3725196-3725656:3725901-3726679:+,SE,chr2L,+,3725196-3725656:3725901-3726679,No,-0.095,0.005612618122,0.06789777851,9d_male_vs_female,9d,SE,No,Higher inclusion in female,1657,FBgn0003386,Shaw,chr2L,+,3725655,3725901,3724883,3725196,3726678,3727587,1657,"8,17,21","0,0,8","8,9,8","0,1,0",365,119,0.005612618122,0.06789777851,"1.0,1.0,0.461","1.0,0.746,1.0",-0.095
AGE0001067,AGE_SEX,9d,Ray Lab Data - 9d_significant.csv,de062c71aa5996076f81567e08b590e48e73f510db466598124e5cf57aa18375,115,FBgn0265376;SE:chr3R:4597174-4598469:4598871-4599685:-,FBgn0265376;SE:3R:4597174-4598469:4598871-4599685:-,SE,chr3R,-,4597174-4598469:4598871-4599685,No,-0.103,0.005816438803,0.06974624425,9d_male_vs_female,9d,SE,No,Higher inclusion in female,2870,FBgn0265376,lncRNA:CR44317,chr3R,-,4598468,4598871,4596282,4597174,4599684,4599749,2870,"13,59,47","0,6,0","59,31,32","0,0,0",522,119,0.005816438803,0.06974624425,"1.0,0.692,1.0","1.0,1.0,1.0",-0.103
AGE0001068,AGE_SEX,9d,Ray Lab Data - 9d_significant.csv,de062c71aa5996076f81567e08b590e48e73f510db466598124e5cf57aa18375,116,FBgn0003261;SE:chr3R:6005126-6005950:6006114-6008037:-,FBgn0003261;SE:3R:6005126-6005950:6006114-6008037:-,SE,chr3R,-,6005126-6005950:6006114-6008037,No,0.069,0.005955854011,0.07079697768,9d_male_vs_female,9d,SE,No,Higher inclusion in male,1235,FBgn0003261,Rm62,chr3R,-,6005949,6006114,6004016,6005126,6008036,6008573,1235,"7,11,3","16,24,14","2,3,1","26,9,11",284,119,0.005955854011,0.07079697768,"0.155,0.161,0.082","0.031,0.123,0.037",0.069
AGE0001069,AGE_SEX,9d,Ray Lab Data - 9d_significant.csv,de062c71aa5996076f81567e08b590e48e73f510db466598124e5cf57aa18375,117,FBgn0263111;SE:chrX:11936843-11938921:11939121-11939695:-,FBgn0263111;SE:X:11936843-11938921:11939121-11939695:-,SE,chrX,-,11936843-11938921:11939121-11939695,No,0.235,0.006337631111,0.07468570456,9d_male_vs_female,9d,SE,No,Higher inclusion in male,635,FBgn0263111,cac,chrX,-,11938920,11939121,11936691,11936843,11939694,11939858,635,"4,6,10","0,0,0","9,11,5","8,0,0",320,119,0.006337631111,0.07468570456,"1.0,1.0,1.0","0.295,1.0,1.0",0.235
AGE0001070,AGE_SEX,9d,Ray Lab Data - 9d_significant.csv,de062c71aa5996076f81567e08b590e48e73f510db466598124e5cf57aa18375,118,FBgn0013467;SE:chr2R:15156215-15163886:15164026-15180513:+,FBgn0013467;SE:2R:15156215-15163886:15164026-15180513:+,SE,chr2R,+,15156215-15163886:15164026-15180513,No,0.174,0.006610322783,0.07723342943,9d_male_vs_female,9d,SE,No,Higher inclusion in male,2319,FBgn0013467,igl,chr2R,+,15163885,15164026,15155436,15156215,15180512,15180710,2319,"4,2,6","3,7,7","0,3,0","6,4,2",260,119,0.006610322783,0.07723342943,"0.379,0.116,0.282","0.0,0.256,0.0",0.174
AGE0001071,AGE_SEX,9d,Ray Lab Data - 9d_significant.csv,de062c71aa5996076f81567e08b590e48e73f510db466598124e5cf57aa18375,119,FBgn0013342;SE:chr3L:1635684-1635937:1636009-1636818:-,FBgn0013342;SE:3L:1635684-1635937:1636009-1636818:-,SE,chr3L,-,1635684-1635937:1636009-1636818,No,-0.145,0.006795259695,0.07872135595,9d_male_vs_female,9d,SE,No,Higher inclusion in female,261,FBgn0013342,nSyb,chr3L,-,1635936,1636009,1635533,1635684,1636817,1637269,261,"2,0,1","17,27,49","1,0,13","45,8,8",192,119,0.006795259695,0.07872135595,"0.068,0.0,0.012","0.014,0.0,0.502",-0.145
AGE0001072,AGE_SEX,9d,Ray Lab Data - 9d_significant.csv,de062c71aa5996076f81567e08b590e48e73f510db466598124e5cf57aa18375,120,FBgn0285944;SE:chrX:16514184-16518805:16518837-16521623:-,FBgn0285944;SE:X:16514184-16518805:16518837-16521623:-,SE,chrX,-,16514184-16518805:16518837-16521623,No,-0.131,0.007132201893,0.08193042006,9d_male_vs_female,9d,SE,No,Higher inclusion in female,1301,FBgn0285944,para,chrX,-,16518804,16518837,16514028,16514184,16521622,16521813,1301,"19,13,41","8,2,13","32,12,25","2,3,2",152,119,0.007132201893,0.08193042006,"0.65,0.836,0.712","0.926,0.758,0.907",-0.131
AGE0001073,AGE_SEX,9d,Ray Lab Data - 9d_significant.csv,de062c71aa5996076f81567e08b590e48e73f510db466598124e5cf57aa18375,121,FBgn0051163;SE:chr3R:22149422-22159893:22160093-22173932:+,FBgn0051163;SE:3R:22149422-22159893:22160093-22173932:+,SE,chr3R,+,22149422-22159893:22160093-22173932,No,0.3,0.00727165644,0.08215168887,9d_male_vs_female,9d,SE,No,Higher inclusion in male,804,FBgn0051163,SKIP,chr3R,+,22159892,22160093,22149366,22149422,22173931,22174727,804,"8,13,8","0,30,16","2,8,0","33,5,53",320,119,0.00727165644,0.08215168887,"1.0,0.139,0.157","0.022,0.373,0.0",0.3
AGE0001074,AGE_SEX,9d,Ray Lab Data - 9d_significant.csv,de062c71aa5996076f81567e08b590e48e73f510db466598124e5cf57aa18375,122,FBgn0034051;SE:chr2R:15936583-15938115:15938267-15938447:-,FBgn0034051;SE:2R:15936583-15938115:15938267-15938447:-,SE,chr2R,-,15936583-15938115:15938267-15938447,No,0.224,0.007229662659,0.08215168887,9d_male_vs_female,9d,SE,No,Higher inclusion in male,2312,FBgn0034051,Mlf,chr2R,-,15938114,15938267,15935892,15936583,15938446,15938978,2312,"3,19,35","0,0,0","10,38,22","9,0,0",272,119,0.007229662659,0.08215168887,"1.0,1.0,1.0","0.327,1.0,1.0",0.224
AGE0001075,AGE_SEX,9d,Ray Lab Data - 9d_significant.csv,de062c71aa5996076f81567e08b590e48e73f510db466598124e5cf57aa18375,123,FBgn0022764;SE:chr2R:12576993-12577454:12578285-12579129:-,FBgn0022764;SE:2R:12576993-12577454:12578285-12579129:-,SE,chr2R,-,12576993-12577454:12578285-12579129,No,-0.175,0.007852006927,0.087981094,9d_male_vs_female,9d,SE,No,Higher inclusion in female,1160,FBgn0022764,Sin3A,chr2R,-,12577453,12578285,12576567,12576993,12579128,12579356,1160,"50,116,200","8,0,0","209,122,118","1,0,0",951,119,0.007852006927,0.087981094,"0.439,1.0,1.0","0.963,1.0,1.0",-0.175
AGE0001076,AGE_SEX,9d,Ray Lab Data - 9d_significant.csv,de062c71aa5996076f81567e08b590e48e73f510db466598124e5cf57aa18375,124,FBgn0263111;SE:chrX:11973484-11974224:11974339-11975746:-,FBgn0263111;SE:X:11973484-11974224:11974339-11975746:-,SE,chrX,-,11973484-11974224:11974339-11975746,No,0.26,0.008342973517,0.09272231543,9d_male_vs_female,9d,SE,No,Higher inclusion in male,641,FBgn0263111,cac,chrX,-,11974223,11974339,11973424,11973484,11975745,11975861,641,"17,47,34","0,0,8","19,26,13","11,2,5",235,119,0.008342973517,0.09272231543,"1.0,1.0,0.683","0.467,0.868,0.568",0.26
AGE0001077,AGE_SEX,9d,Ray Lab Data - 9d_significant.csv,de062c71aa5996076f81567e08b590e48e73f510db466598124e5cf57aa18375,125,FBgn0032013;SE:chr2L:8304577-8304662:8304772-8304844:+,FBgn0032013;SE:2L:8304577-8304662:8304772-8304844:+,SE,chr2L,+,8304577-8304662:8304772-8304844,No,-0.496,0.008495082719,0.0936514361,9d_male_vs_female,9d,SE,No,Higher inclusion in female,1795,FBgn0032013,Scgalpha,chr2L,+,8304661,8304772,8304172,8304577,8304843,8304987,1795,"0,0,0","5,1,1","2,1,2","2,3,0",230,119,0.008495082719,0.0936514361,"0.0,0.0,0.0","0.341,0.147,1.0",-0.496
AGE0001078,AGE_SEX,9d,Ray Lab Data - 9d_significant.csv,de062c71aa5996076f81567e08b590e48e73f510db466598124e5cf57aa18375,126,FBgn0267002;SE:chr2R:16763340-16764138:16764374-16772258:-,FBgn0267002;SE:2R:16763340-16764138:16764374-16772258:-,SE,chr2R,-,16763340-16764138:16764374-16772258,No,-0.124,0.008763960336,0.09584267024,9d_male_vs_female,9d,SE,No,Higher inclusion in female,1407,FBgn0267002,unc-104,chr2R,-,16764137,16764374,16763197,16763340,16772257,16772671,1407,"9,49,74","1,2,3","29,29,67","1,0,0",356,119,0.008763960336,0.09584267024,"0.751,0.891,0.892","0.906,1.0,1.0",-0.124
AGE0001079,AGE_SEX,9d,Ray Lab Data - 9d_significant.csv,de062c71aa5996076f81567e08b590e48e73f510db466598124e5cf57aa18375,127,FBgn0052343;SE:chr3L:326539-326704:326724-326867:-,FBgn0052343;SE:3L:326539-326704:326724-326867:-,SE,chr3L,-,326539-326704:326724-326867,No,0.207,0.008934830775,0.09693582278,9d_male_vs_female,9d,SE,No,Higher inclusion in male,557,FBgn0052343,Atac3,chr3L,-,326703,326724,326421,326539,326866,327079,557,"1,1,1","0,0,0","5,2,3","7,0,0",140,119,0.008934830775,0.09693582278,"1.0,1.0,1.0","0.378,1.0,1.0",0.207
AGE0001080,AGE_SEX,9d,Ray Lab Data - 9d_significant.csv,de062c71aa5996076f81567e08b590e48e73f510db466598124e5cf57aa18375,128,FBgn0031100;SE:chrX:20315949-20329163:20329542-20330118:-,FBgn0031100;SE:X:20315949-20329163:20329542-20330118:-,SE,chrX,-,20315949-20329163:20329542-20330118,No,-0.122,0.00946356555,0.1018637331,9d_male_vs_female,9d,SE,No,Higher inclusion in female,15,FBgn0031100,CG1504,chrX,-,20329162,20329542,20315309,20315949,20330117,20330372,15,"310,424,319","18,37,61","439,385,243","28,16,13",499,119,0.00946356555,0.1018637331,"0.804,0.732,0.555","0.789,0.852,0.817",-0.122
AGE0001081,AGE_SEX,9d,Ray Lab Data - 9d_significant.csv,de062c71aa5996076f81567e08b590e48e73f510db466598124e5cf57aa18375,129,FBgn0285954;SE:chrX:16289322-16291057:16291091-16291941:+,FBgn0285954;SE:X:16289322-16291057:16291091-16291941:+,SE,chrX,+,16289322-16291057:16291091-16291941,No,0.189,0.01012595185,0.1073036913,9d_male_vs_female,9d,SE,No,Higher inclusion in male,296,FBgn0285954,caz,chrX,+,16291056,16291091,16289225,16289322,16291940,16292110,296,"12,7,16","0,3,1","1,13,7","0,18,3",154,119,0.01012595185,0.1073036913,"1.0,0.643,0.925","1.0,0.358,0.643",0.189
AGE0001082,AGE_SEX,9d,Ray Lab Data - 9d_significant.csv,de062c71aa5996076f81567e08b590e48e73f510db466598124e5cf57aa18375,130,FBgn0002781;SE:chr3R:21357758-21358005:21358204-21375060:-,FBgn0002781;SE:3R:21357758-21358005:21358204-21375060:-,SE,chr3R,-,21357758-21358005:21358204-21375060,No,-0.08,0.01012111051,0.1073036913,9d_male_vs_female,9d,SE,No,Higher inclusion in female,953,FBgn0002781,mod(mdg4),chr3R,-,21358004,21358204,21357468,21357758,21375059,21375912,953,"44,137,154","3,1,4","128,66,92","0,0,0",319,119,0.01012111051,0.1073036913,"0.845,0.981,0.935","1.0,1.0,1.0",-0.08
AGE0001083,AGE_SEX,9d,Ray Lab Data - 9d_significant.csv,de062c71aa5996076f81567e08b590e48e73f510db466598124e5cf57aa18375,131,FBgn0005640;SE:chr3L:3516828-3545799:3546131-3552787:+,FBgn0005640;SE:3L:3516828-3545799:3546131-3552787:+,SE,chr3L,+,3516828-3545799:3546131-3552787,No,-0.303,0.01046588818,0.1100528395,9d_male_vs_female,9d,SE,No,Higher inclusion in female,205,FBgn0005640,Eip63E,chr3L,+,3545798,3546131,3516528,3516828,3552786,3552864,205,"1,9,34","3,1,3","34,9,24","0,3,0",452,119,0.01046588818,0.1100528395,"0.081,0.703,0.749","1.0,0.441,1.0",-0.303
AGE0001084,AGE_SEX,9d,Ray Lab Data - 9d_significant.csv,de062c71aa5996076f81567e08b590e48e73f510db466598124e5cf57aa18375,132,FBgn0032297;SE:chr2L:10746078-10753317:10754014-10755904:-,FBgn0032297;SE:2L:10746078-10753317:10754014-10755904:-,SE,chr2L,-,10746078-10753317:10754014-10755904,No,0.386,0.01076659928,0.1119223541,9d_male_vs_female,9d,SE,No,Higher inclusion in male,1433,FBgn0032297,CG17124,chr2L,-,10753316,10754014,10745781,10746078,10755903,10756325,1433,"47,33,30","0,0,6","4,35,28","6,1,8",817,119,0.01076659928,0.1119223541,"1.0,1.0,0.421","0.089,0.836,0.338",0.386
AGE0001085,AGE_SEX,9d,Ray Lab Data - 9d_significant.csv,de062c71aa5996076f81567e08b590e48e73f510db466598124e5cf57aa18375,133,FBgn0050296;SE:chr2R:21021317-21021501:21021521-21021886:+,FBgn0050296;SE:2R:21021317-21021501:21021521-21021886:+,SE,chr2R,+,21021317-21021501:21021521-21021886,No,0.043,0.01080742556,0.1119223541,9d_male_vs_female,9d,SE,No,Higher inclusion in male,1385,FBgn0050296,RIC-3,chr2R,+,21021500,21021521,21021190,21021317,21021885,21022133,1385,"95,138,141","0,6,2","109,94,97","0,15,3",140,119,0.01080742556,0.1119223541,"1.0,0.951,0.984","1.0,0.842,0.965",0.043
AGE0001086,AGE_SEX,9d,Ray Lab Data - 9d_significant.csv,de062c71aa5996076f81567e08b590e48e73f510db466598124e5cf57aa18375,134,FBgn0259221;SE:chr2R:13415615-13416575:13416606-13418987:-,FBgn0259221;SE:2R:13415615-13416575:13416606-13418987:-,SE,chr2R,-,13415615-13416575:13416606-13418987,No,0.282,0.01101275571,0.1131179692,9d_male_vs_female,9d,SE,No,Higher inclusion in male,1410,FBgn0259221,ATP8A,chr2R,-,13416574,13416606,13414977,13415615,13418986,13419085,1410,"2,19,7","0,0,0","3,2,6","13,0,0",151,119,0.01101275571,0.1131179692,"1.0,1.0,1.0","0.154,1.0,1.0",0.282
AGE0001087,AGE_SEX,9d,Ray Lab Data - 9d_significant.csv,de062c71aa5996076f81567e08b590e48e73f510db466598124e5cf57aa18375,135,FBgn0034051;SE:chr2R:15936580-15938115:15938267-15938447:-,FBgn0034051;SE:2R:15936580-15938115:15938267-15938447:-,SE,chr2R,-,15936580-15938115:15938267-15938447,No,0.115,0.01108837445,0.1131179692,9d_male_vs_female,9d,SE,No,Higher inclusion in male,2311,FBgn0034051,Mlf,chr2R,-,15938114,15938267,15935892,15936580,15938446,15938978,2311,"9,38,38","1,0,0","15,38,26","8,0,0",272,119,0.01108837445,0.1131179692,"0.797,1.0,1.0","0.451,1.0,1.0",0.115
AGE0001088,AGE_SEX,9d,Ray Lab Data - 9d_significant.csv,de062c71aa5996076f81567e08b590e48e73f510db466598124e5cf57aa18375,136,FBgn0028577;SE:chr3L:1499337-1500245:1500388-1501351:-,FBgn0028577;SE:3L:1499337-1500245:1500388-1501351:-,SE,chr3L,-,1499337-1500245:1500388-1501351,No,-0.059,0.01120769397,0.113488279,9d_male_vs_female,9d,SE,No,Higher inclusion in female,237,FBgn0028577,hfp,chr3L,-,1500244,1500388,1499042,1499337,1501350,1501406,237,"29,76,82","0,5,2","43,48,63","0,0,0",263,119,0.01120769397,0.113488279,"1.0,0.873,0.949","1.0,1.0,1.0",-0.059
AGE0001089,AGE_SEX,9d,Ray Lab Data - 9d_significant.csv,de062c71aa5996076f81567e08b590e48e73f510db466598124e5cf57aa18375,137,FBgn0039890;SE:chr4:189248-189998:190061-193673:-,FBgn0039890;SE:4:189248-189998:190061-193673:-,SE,chr4,-,189248-189998:190061-193673,No,0.028,0.01133750181,0.113958566,9d_male_vs_female,9d,SE,No,Higher inclusion in male,2536,FBgn0039890,Abcd1,chr4,-,189997,190061,188577,189248,193672,193829,2536,"129,210,236","0,2,0","290,197,187","3,9,2",183,119,0.01133750181,0.113958566,"1.0,0.986,1.0","0.984,0.934,0.984",0.028
AGE0001090,AGE_SEX,9d,Ray Lab Data - 9d_significant.csv,de062c71aa5996076f81567e08b590e48e73f510db466598124e5cf57aa18375,138,FBgn0011661;SE:chrX:8880400-8891562:8891623-8898184:-,FBgn0011661;SE:X:8880400-8891562:8891623-8898184:-,SE,chrX,-,8880400-8891562:8891623-8898184,No,-0.24,0.01169178689,0.1149832567,9d_male_vs_female,9d,SE,No,Higher inclusion in female,1279,FBgn0011661,Moe,chrX,-,8891561,8891623,8880291,8880400,8898183,8898332,1279,"0,0,0","2,3,14","5,1,0","2,6,5",181,119,0.01169178689,0.1149832567,"0.0,0.0,0.0","0.622,0.099,0.0",-0.24
AGE0001091,AGE_SEX,9d,Ray Lab Data - 9d_significant.csv,de062c71aa5996076f81567e08b590e48e73f510db466598124e5cf57aa18375,139,FBgn0010352;SE:chr3L:16964978-16966068:16966358-16967382:+,FBgn0010352;SE:3L:16964978-16966068:16966358-16967382:+,SE,chr3L,+,16964978-16966068:16966358-16967382,No,0.091,0.01166631229,0.1149832567,9d_male_vs_female,9d,SE,No,Higher inclusion in male,2308,FBgn0010352,Ogdh1,chr3L,+,16966067,16966358,16964823,16964978,16967381,16968080,2308,"24,19,15","36,23,12","30,5,2","78,7,7",410,119,0.01166631229,0.1149832567,"0.162,0.193,0.266","0.1,0.172,0.077",0.091
AGE0001092,AGE_SEX,9d,Ray Lab Data - 9d_significant.csv,de062c71aa5996076f81567e08b590e48e73f510db466598124e5cf57aa18375,140,FBgn0058263;SE:chr2R:2495023-2553783:2553877-2565119:-,FBgn0058263;SE:2R:2495023-2553783:2553877-2565119:-,SE,chr2R,-,2495023-2553783:2553877-2565119,No,-0.054,0.01160001442,0.1149832567,9d_male_vs_female,9d,SE,No,Higher inclusion in female,2273,FBgn0058263,MFS17,chr2R,-,2553782,2553877,2494741,2495023,2565118,2565385,2273,"34,65,41","0,2,5","34,24,30","0,1,0",214,119,0.01160001442,0.1149832567,"1.0,0.948,0.82","1.0,0.93,1.0",-0.054
AGE0001093,AGE_SEX,9d,Ray Lab Data - 9d_significant.csv,de062c71aa5996076f81567e08b590e48e73f510db466598124e5cf57aa18375,141,FBgn0004373;SE:chr3L:314317-318991:319513-319747:-,FBgn0004373;SE:3L:314317-318991:319513-319747:-,SE,chr3L,-,314317-318991:319513-319747,No,-0.092,0.01179413266,0.1151612811,9d_male_vs_female,9d,SE,No,Higher inclusion in female,925,FBgn0004373,fwd,chr3L,-,318990,319513,313023,314317,319746,319884,925,"144,129,103","4,5,5","268,113,91","1,4,1",642,119,0.01179413266,0.1151612811,"0.87,0.827,0.792","0.98,0.84,0.944",-0.092
AGE0001094,AGE_SEX,9d,Ray Lab Data - 9d_significant.csv,de062c71aa5996076f81567e08b590e48e73f510db466598124e5cf57aa18375,142,FBgn0051663;SE:chr2L:1859001-1862720:1862827-1864932:-,FBgn0051663;SE:2L:1859001-1862720:1862827-1864932:-,SE,chr2L,-,1859001-1862720:1862827-1864932,No,-0.477,0.01190730972,0.11544179,9d_male_vs_female,9d,SE,No,Higher inclusion in female,3095,FBgn0051663,CG31663,chr2L,-,1862719,1862827,1858608,1859001,1864931,1865216,3095,"25,0,8","12,1,0","38,8,3","1,0,0",227,119,0.01190730972,0.11544179,"0.522,0.0,1.0","0.952,1.0,1.0",-0.477
AGE0001095,AGE_SEX,9d,Ray Lab Data - 9d_significant.csv,de062c71aa5996076f81567e08b590e48e73f510db466598124e5cf57aa18375,143,FBgn0035092;SE:chr2R:25037530-25037702:25037964-25039051:+,FBgn0035092;SE:2R:25037530-25037702:25037964-25039051:+,SE,chr2R,+,25037530-25037702:25037964-25039051,No,0.507,0.01233008334,0.11869876,9d_male_vs_female,9d,SE,No,Higher inclusion in male,530,FBgn0035092,Nplp1,chr2R,+,25037701,25037964,25036848,25037530,25039050,25040377,530,"1,9,3","0,9,1","2,2,0","9,4,7",382,119,0.01233008334,0.11869876,"1.0,0.238,0.483","0.065,0.135,0.0",0.507
AGE0001096,AGE_SEX,9d,Ray Lab Data - 9d_significant.csv,de062c71aa5996076f81567e08b590e48e73f510db466598124e5cf57aa18375,144,FBgn0039920;SE:chr4:671166-671247:671387-680440:+,FBgn0039920;SE:4:671166-671247:671387-680440:+,SE,chr4,+,671166-671247:671387-680440,No,-0.105,0.0125381702,0.1198578928,9d_male_vs_female,9d,SE,No,Higher inclusion in female,2528,FBgn0039920,CG11360,chr4,+,671246,671387,671141,671166,680439,681135,2528,"9,18,34","93,48,55","35,31,23","94,42,22",260,119,0.0125381702,0.1198578928,"0.042,0.146,0.221","0.146,0.253,0.324",-0.105
AGE0001097,AGE_SEX,9d,Ray Lab Data - 9d_significant.csv,de062c71aa5996076f81567e08b590e48e73f510db466598124e5cf57aa18375,145,FBgn0085387;SE:chrX:20792738-20803313:20804208-20805827:-,FBgn0085387;SE:X:20792738-20803313:20804208-20805827:-,SE,chrX,-,20792738-20803313:20804208-20805827,No,0.303,0.0128392494,0.1208064846,9d_male_vs_female,9d,SE,No,Higher inclusion in male,3004,FBgn0085387,shakB,chrX,-,20803312,20804208,20792604,20792738,20805826,20805983,3004,"111,60,61","14,0,0","157,41,28","26,2,4",1015,119,0.0128392494,0.1208064846,"0.482,1.0,1.0","0.415,0.706,0.451",0.303
AGE0001098,AGE_SEX,9d,Ray Lab Data - 9d_significant.csv,de062c71aa5996076f81567e08b590e48e73f510db466598124e5cf57aa18375,146,FBgn0053481;SE:chr4:252170-252659:252711-252824:-,FBgn0053481;SE:4:252170-252659:252711-252824:-,SE,chr4,-,252170-252659:252711-252824,No,0.028,0.01282395203,0.1208064846,9d_male_vs_female,9d,SE,No,Higher inclusion in male,891,FBgn0053481,dpr7,chr4,-,252658,252711,252054,252170,252823,253329,891,"0,0,13","61,90,63","1,1,1","87,44,39",172,119,0.01282395203,0.1208064846,"0.0,0.0,0.125","0.008,0.015,0.017",0.028
AGE0001099,AGE_SEX,9d,Ray Lab Data - 9d_significant.csv,de062c71aa5996076f81567e08b590e48e73f510db466598124e5cf57aa18375,147,FBgn0013576;SE:chr3R:5335060-5335714:5336635-5349468:-,FBgn0013576;SE:3R:5335060-5335714:5336635-5349468:-,SE,chr3R,-,5335060-5335714:5336635-5349468,No,0.026,0.0129025214,0.1208064846,9d_male_vs_female,9d,SE,No,Higher inclusion in male,2254,FBgn0013576,mtd,chr3R,-,5335713,5336635,5334404,5335060,5349467,5350010,2254,"444,1045,1156","275,886,958","865,834,611","716,719,792",1041,119,0.0129025214,0.1208064846,"0.156,0.119,0.121","0.121,0.117,0.081",0.026
AGE0001100,AGE_SEX,9d,Ray Lab Data - 9d_significant.csv,de062c71aa5996076f81567e08b590e48e73f510db466598124e5cf57aa18375,148,FBgn0264087;SE:chr2L:7656463-7656679:7656742-7661698:-,FBgn0264087;SE:2L:7656463-7656679:7656742-7661698:-,SE,chr2L,-,7656463-7656679:7656742-7661698,No,-0.188,0.01321481353,0.1228887761,9d_male_vs_female,9d,SE,No,Higher inclusion in female,491,FBgn0264087,Slob,chr2L,-,7656678,7656742,7655999,7656463,7661697,7661774,491,"0,0,0","8,3,13","0,0,8","9,8,4",183,119,0.01321481353,0.1228887761,"0.0,0.0,0.0","0.0,0.0,0.565",-0.188
AGE0001101,AGE_SEX,9d,Ray Lab Data - 9d_significant.csv,de062c71aa5996076f81567e08b590e48e73f510db466598124e5cf57aa18375,149,FBgn0287183;SE:chr3L:26008177-26010107:26010354-26013543:-,FBgn0287183;SE:3L:26008177-26010107:26010354-26013543:-,SE,chr3L,-,26008177-26010107:26010354-26013543,No,0.201,0.01353808188,0.1250443103,9d_male_vs_female,9d,SE,No,Higher inclusion in male,284,FBgn0287183,l(3)80Fg,chr3L,-,26010106,26010354,26008060,26008177,26013542,26013721,284,"32,25,23","20,15,5","38,25,14","42,24,17",367,119,0.01353808188,0.1250443103,"0.342,0.351,0.599","0.227,0.252,0.211",0.201
AGE0001102,AGE_SEX,9d,Ray Lab Data - 9d_significant.csv,de062c71aa5996076f81567e08b590e48e73f510db466598124e5cf57aa18375,150,FBgn0040056;SE:chr3L:23746544-23747759:23747812-23747873:+,FBgn0040056;SE:3L:23746544-23747759:23747812-23747873:+,SE,chr3L,+,23746544-23747759:23747812-23747873,No,-0.115,0.01479348978,0.1357228223,9d_male_vs_female,9d,SE,No,Higher inclusion in female,1597,FBgn0040056,CG17698,chr3L,+,23747758,23747812,23746189,23746544,23747872,23748060,1597,"0,0,0","21,30,29","0,4,2","11,9,11",173,119,0.01479348978,0.1357228223,"0.0,0.0,0.0","0.0,0.234,0.111",-0.115
AGE0001103,AGE_SEX,9d,Ray Lab Data - 9d_significant.csv,de062c71aa5996076f81567e08b590e48e73f510db466598124e5cf57aa18375,151,FBgn0032515;SE:chr2L:13384022-13384657:13384794-13384984:+,FBgn0032515;SE:2L:13384022-13384657:13384794-13384984:+,SE,chr2L,+,13384022-13384657:13384794-13384984,No,0.381,0.01508164633,0.1367392494,9d_male_vs_female,9d,SE,No,Higher inclusion in male,2904,FBgn0032515,loqs,chr2L,+,13384656,13384794,13383736,13384022,13384983,13385671,2904,"9,26,15","2,10,0","10,1,12","8,7,3",257,119,0.01508164633,0.1367392494,"0.676,0.546,1.0","0.367,0.062,0.649",0.381
AGE0001104,AGE_SEX,9d,Ray Lab Data - 9d_significant.csv,de062c71aa5996076f81567e08b590e48e73f510db466598124e5cf57aa18375,152,FBgn0051665;SE:chr2L:1836652-1837173:1837406-1842899:+,FBgn0051665;SE:2L:1836652-1837173:1837406-1842899:+,SE,chr2L,+,1836652-1837173:1837406-1842899,No,0.2,0.01510433552,0.1367392494,9d_male_vs_female,9d,SE,No,Higher inclusion in male,2612,FBgn0051665,wry,chr2L,+,1837172,1837406,1836537,1836652,1842898,1844720,2612,"23,50,35","1,3,2","43,28,21","3,7,5",353,119,0.01510433552,0.1367392494,"0.886,0.849,0.855","0.829,0.574,0.586",0.2
AGE0001105,AGE_SEX,9d,Ray Lab Data - 9d_significant.csv,de062c71aa5996076f81567e08b590e48e73f510db466598124e5cf57aa18375,153,FBgn0051363;SE:chr3R:11591307-11592367:11592624-11593633:-,FBgn0051363;SE:3R:11591307-11592367:11592624-11593633:-,SE,chr3R,-,11591307-11592367:11592624-11593633,No,-0.023,0.01543129617,0.1387801439,9d_male_vs_female,9d,SE,No,Higher inclusion in female,990,FBgn0051363,Jupiter,chr3R,-,11592366,11592624,11590385,11591307,11593632,11593766,990,"974,885,598","9,2,21","991,970,519","0,10,6",377,119,0.01543129617,0.1387801439,"0.972,0.993,0.9","1.0,0.968,0.965",-0.023
AGE0001106,AGE_SEX,9d,Ray Lab Data - 9d_significant.csv,de062c71aa5996076f81567e08b590e48e73f510db466598124e5cf57aa18375,154,FBgn0013334;SE:chr3R:15955205-15955990:15956307-15959320:+,FBgn0013334;SE:3R:15955205-15955990:15956307-15959320:+,SE,chr3R,+,15955205-15955990:15956307-15959320,No,0.152,0.016175148,0.1445191328,9d_male_vs_female,9d,SE,No,Higher inclusion in male,1020,FBgn0013334,Sap47,chr3R,+,15955989,15956307,15955086,15955205,15959319,15962124,1020,"8,8,23","0,1,0","11,16,7","10,0,0",437,119,0.016175148,0.1445191328,"1.0,0.685,1.0","0.23,1.0,1.0",0.152
AGE0001107,AGE_SEX,9d,Ray Lab Data - 9d_significant.csv,de062c71aa5996076f81567e08b590e48e73f510db466598124e5cf57aa18375,155,FBgn0052264;SE:chr3L:3723872-3741996:3743772-3767137:-,FBgn0052264;SE:3L:3723872-3741996:3743772-3767137:-,SE,chr3L,-,3723872-3741996:3743772-3767137,No,0.068,0.01640326405,0.1456055971,9d_male_vs_female,9d,SE,No,Higher inclusion in male,201,FBgn0052264,CG32264,chr3L,-,3741995,3743772,3723638,3723872,3767136,3767568,201,"405,927,1057","1,5,1","558,702,649","9,2,4",1896,119,0.01640326405,0.1456055971,"0.962,0.921,0.985","0.796,0.957,0.911",0.068
AGE0001108,AGE_SEX,9d,Ray Lab Data - 9d_significant.csv,de062c71aa5996076f81567e08b590e48e73f510db466598124e5cf57aa18375,156,FBgn0004242;SE:chr2L:2787168-2789347:2789946-2792195:-,FBgn0004242;SE:2L:2787168-2789347:2789946-2792195:-,SE,chr2L,-,2787168-2789347:2789946-2792195,No,-0.023,0.01653242231,0.1458052987,9d_male_vs_female,9d,SE,No,Higher inclusion in female,1772,FBgn0004242,Syt1,chr2L,-,2789346,2789946,2787053,2787168,2792194,2792371,1772,"364,685,1013","310,1043,1117","844,544,804","907,534,591",719,119,0.01653242231,0.1458052987,"0.163,0.098,0.131","0.133,0.144,0.184",-0.023
AGE0001109,AGE_SEX,9d,Ray Lab Data - 9d_significant.csv,de062c71aa5996076f81567e08b590e48e73f510db466598124e5cf57aa18375,157,FBgn0033062;SE:chr2R:6084007-6084169:6084390-6084508:-,FBgn0033062;SE:2R:6084007-6084169:6084390-6084508:-,SE,chr2R,-,6084007-6084169:6084390-6084508,No,0.085,0.01801996165,0.1568999209,9d_male_vs_female,9d,SE,No,Higher inclusion in male,690,FBgn0033062,Ars2,chr2R,-,6084168,6084390,6083940,6084007,6084507,6084787,690,"179,165,216","6,10,2","213,101,80","13,6,8",341,119,0.01801996165,0.1568999209,"0.912,0.852,0.974","0.851,0.855,0.777",0.085
AGE0001110,AGE_SEX,9d,Ray Lab Data - 9d_significant.csv,de062c71aa5996076f81567e08b590e48e73f510db466598124e5cf57aa18375,158,FBgn0265379;SE:chr3R:26195618-26210113:26210216-26229657:+,FBgn0265379;SE:3R:26195618-26210113:26210216-26229657:+,SE,chr3R,+,26195618-26210113:26210216-26229657,No,0.069,0.01797754333,0.1568999209,9d_male_vs_female,9d,SE,No,Higher inclusion in male,425,FBgn0265379,lncRNA:CR44320,chr3R,+,26210112,26210216,26195249,26195618,26229656,26230268,425,"72,13,40","0,3,0","29,21,31","16,0,0",223,119,0.01797754333,0.1568999209,"1.0,0.698,1.0","0.492,1.0,1.0",0.069
AGE0001111,AGE_SEX,9d,Ray Lab Data - 9d_significant.csv,de062c71aa5996076f81567e08b590e48e73f510db466598124e5cf57aa18375,159,FBgn0024804;SE:chr3L:27293271-27323294:27323574-27331994:+,FBgn0024804;SE:3L:27293271-27323294:27323574-27331994:+,SE,chr3L,+,27293271-27323294:27323574-27331994,No,-0.037,0.01847149953,0.1598135434,9d_male_vs_female,9d,SE,No,Higher inclusion in female,1726,FBgn0024804,Dbp80,chr3L,+,27323293,27323574,27293075,27293271,27331993,27332108,1726,"11,24,16","72,63,71","41,20,19","86,58,50",400,119,0.01847149953,0.1598135434,"0.043,0.102,0.063","0.124,0.093,0.102",-0.037
AGE0001112,AGE_SEX,9d,Ray Lab Data - 9d_significant.csv,de062c71aa5996076f81567e08b590e48e73f510db466598124e5cf57aa18375,160,FBgn0053653;SE:chr4:1262093-1262412:1262579-1264656:+,FBgn0053653;SE:4:1262093-1262412:1262579-1264656:+,SE,chr4,+,1262093-1262412:1262579-1264656,No,0.257,0.01924619694,0.1634133616,9d_male_vs_female,9d,SE,No,Higher inclusion in male,2852,FBgn0053653,Cadps,chr4,+,1262411,1262579,1261951,1262093,1264655,1264965,2852,"23,11,17","0,2,1","82,14,4","0,3,10",287,119,0.01924619694,0.1634133616,"1.0,0.695,0.876","1.0,0.659,0.142",0.257
AGE0001113,AGE_SEX,9d,Ray Lab Data - 9d_significant.csv,de062c71aa5996076f81567e08b590e48e73f510db466598124e5cf57aa18375,161,FBgn0261649;SE:chr3R:17813617-17821894:17821938-17836151:+,FBgn0261649;SE:3R:17813617-17821894:17821938-17836151:+,SE,chr3R,+,17813617-17821894:17821938-17836151,No,0.031,0.01906199775,0.1634133616,9d_male_vs_female,9d,SE,No,Higher inclusion in male,2898,FBgn0261649,tinc,chr3R,+,17821893,17821938,17813530,17813617,17836150,17836236,2898,"6,6,0","61,65,59","4,1,0","97,89,36",164,119,0.01906199775,0.1634133616,"0.067,0.063,0.0","0.029,0.008,0.0",0.031
AGE0001114,AGE_SEX,9d,Ray Lab Data - 9d_significant.csv,de062c71aa5996076f81567e08b590e48e73f510db466598124e5cf57aa18375,162,FBgn0034970;SE:chr2R:24066313-24066561:24066716-24067163:-,FBgn0034970;SE:2R:24066313-24066561:24066716-24067163:-,SE,chr2R,-,24066313-24066561:24066716-24067163,No,-0.019,0.01919812532,0.1634133616,9d_male_vs_female,9d,SE,No,Higher inclusion in female,541,FBgn0034970,yki,chr2R,-,24066560,24066716,24066260,24066313,24067162,24067254,541,"70,31,30","326,442,470","87,59,6","295,303,323",275,119,0.01919812532,0.1634133616,"0.085,0.029,0.027","0.113,0.078,0.008",-0.019
AGE0001115,AGE_SEX,9d,Ray Lab Data - 9d_significant.csv,de062c71aa5996076f81567e08b590e48e73f510db466598124e5cf57aa18375,163,FBgn0266410;SE:chr3R:9342491-9342576:9342894-9354422:+,FBgn0266410;SE:3R:9342491-9342576:9342894-9354422:+,SE,chr3R,+,9342491-9342576:9342894-9354422,No,-0.109,0.01962875981,0.1656328066,9d_male_vs_female,9d,SE,No,Higher inclusion in female,2962,FBgn0266410,drn,chr3R,+,9342575,9342894,9341866,9342491,9354421,9354854,2962,"75,300,373","127,212,190","145,172,360","111,74,124",438,119,0.01962875981,0.1656328066,"0.138,0.278,0.348","0.262,0.387,0.441",-0.109
AGE0001116,AGE_SEX,9d,Ray Lab Data - 9d_significant.csv,de062c71aa5996076f81567e08b590e48e73f510db466598124e5cf57aa18375,164,FBgn0259145;SE:chr2R:22759405-22759764:22760588-22777023:-,FBgn0259145;SE:2R:22759405-22759764:22760588-22777023:-,SE,chr2R,-,22759405-22759764:22760588-22777023,No,0.32,0.02041365087,0.1695267253,9d_male_vs_female,9d,SE,No,Higher inclusion in male,2430,FBgn0259145,CG42260,chr2R,-,22759763,22760588,22759050,22759405,22777022,22777314,2430,"3,13,64","0,0,0","40,1,26","0,3,0",944,119,0.02041365087,0.1695267253,"1.0,1.0,1.0","1.0,0.04,1.0",0.32
AGE0001117,AGE_SEX,9d,Ray Lab Data - 9d_significant.csv,de062c71aa5996076f81567e08b590e48e73f510db466598124e5cf57aa18375,165,FBgn0022764;SE:chr2R:12576993-12577454:12577709-12579129:-,FBgn0022764;SE:2R:12576993-12577454:12577709-12579129:-,SE,chr2R,-,12576993-12577454:12577709-12579129,No,-0.192,0.02046226018,0.1695267253,9d_male_vs_female,9d,SE,No,Higher inclusion in female,1159,FBgn0022764,Sin3A,chr2R,-,12577453,12577709,12576567,12576993,12579128,12579356,1159,"1,3,16","8,0,0","5,1,3","1,0,0",375,119,0.02046226018,0.1695267253,"0.038,1.0,1.0","0.613,1.0,1.0",-0.192
AGE0001118,AGE_SEX,9d,Ray Lab Data - 9d_significant.csv,de062c71aa5996076f81567e08b590e48e73f510db466598124e5cf57aa18375,166,FBgn0052017;SE:chr4:1144113-1144966:1145100-1145208:-,FBgn0052017;SE:4:1144113-1144966:1145100-1145208:-,SE,chr4,-,1144113-1144966:1145100-1145208,No,0.09,0.02037690245,0.1695267253,9d_male_vs_female,9d,SE,No,Higher inclusion in male,1527,FBgn0052017,CG32017,chr4,-,1144965,1145100,1143984,1144113,1145207,1145321,1527,"32,51,65","0,4,0","28,33,23","2,6,0",254,119,0.02037690245,0.1695267253,"1.0,0.857,1.0","0.868,0.72,1.0",0.09
AGE0001119,AGE_SEX,9d,Ray Lab Data - 9d_significant.csv,de062c71aa5996076f81567e08b590e48e73f510db466598124e5cf57aa18375,167,FBgn0260657;SE:chr3L:4563896-4568625:4568948-4577917:+,FBgn0260657;SE:3L:4563896-4568625:4568948-4577917:+,SE,chr3L,+,4563896-4568625:4568948-4577917,No,0.006,0.02066614333,0.1701844454,9d_male_vs_female,9d,SE,No,Higher inclusion in male,1615,FBgn0260657,CG42540,chr3L,+,4568624,4568948,4563796,4563896,4577916,4577952,1615,"1,0,0","1,19,13","8,0,0","9,12,5",443,119,0.02066614333,0.1701844454,"0.212,0.0,0.0","0.193,0.0,0.0",0.006
AGE0001120,AGE_SEX,9d,Ray Lab Data - 9d_significant.csv,de062c71aa5996076f81567e08b590e48e73f510db466598124e5cf57aa18375,168,FBgn0036318;SE:chr3L:12851153-12852232:12852277-12852427:+,FBgn0036318;SE:3L:12851153-12852232:12852277-12852427:+,SE,chr3L,+,12851153-12852232:12852277-12852427,No,0.073,0.02177518899,0.1782436129,9d_male_vs_female,9d,SE,No,Higher inclusion in male,1601,FBgn0036318,Wbp2,chr3L,+,12852231,12852277,12850914,12851153,12852426,12852521,1601,"7,10,24","41,89,54","6,2,6","47,27,54",165,119,0.02177518899,0.1782436129,"0.11,0.075,0.243","0.084,0.051,0.074",0.073
AGE0001121,AGE_SEX,9d,Ray Lab Data - 9d_significant.csv,de062c71aa5996076f81567e08b590e48e73f510db466598124e5cf57aa18375,169,FBgn0264270;SE:chrX:7087659-7088578:7088767-7091674:-,FBgn0264270;SE:X:7087659-7088578:7088767-7091674:-,SE,chrX,-,7087659-7088578:7088767-7091674,No,0.333,0.02261433109,0.1840106583,9d_male_vs_female,9d,SE,No,Higher inclusion in male,2061,FBgn0264270,Sxl,chrX,-,7088577,7088767,7087613,7087659,7091673,7092122,2061,"7,39,19","0,0,0","1,4,0","0,0,4",309,119,0.02261433109,0.1840106583,"1.0,1.0,1.0","1.0,1.0,0.0",0.333
AGE0001122,AGE_SEX,9d,Ray Lab Data - 9d_significant.csv,de062c71aa5996076f81567e08b590e48e73f510db466598124e5cf57aa18375,170,FBgn0046874;SE:chr3R:8793367-8793978:8794091-8796705:-,FBgn0046874;SE:3R:8793367-8793978:8794091-8796705:-,SE,chr3R,-,8793367-8793978:8794091-8796705,No,-0.016,0.02340351247,0.1893053346,9d_male_vs_female,9d,SE,No,Higher inclusion in female,1080,FBgn0046874,Pif1B,chr3R,-,8793977,8794091,8793103,8793367,8796704,8796936,1080,"0,2,0","110,57,59","10,2,0","123,39,20",233,119,0.02340351247,0.1893053346,"0.0,0.018,0.0","0.04,0.026,0.0",-0.016
AGE0001123,AGE_SEX,9d,Ray Lab Data - 9d_significant.csv,de062c71aa5996076f81567e08b590e48e73f510db466598124e5cf57aa18375,171,FBgn0043070;SE:chr2R:21502479-21507322:21507722-21510118:+,FBgn0043070;SE:2R:21502479-21507322:21507722-21510118:+,SE,chr2R,+,21502479-21507322:21507722-21510118,No,-0.303,0.02416004393,0.1942751768,9d_male_vs_female,9d,SE,No,Higher inclusion in female,2607,FBgn0043070,MESK2,chr2R,+,21507321,21507722,21502096,21502479,21510117,21510201,2607,"4,2,6","0,6,6","21,7,13","0,8,0",520,119,0.02416004393,0.1942751768,"1.0,0.071,0.186","1.0,0.167,1.0",-0.303
AGE0001124,AGE_SEX,9d,Ray Lab Data - 9d_significant.csv,de062c71aa5996076f81567e08b590e48e73f510db466598124e5cf57aa18375,172,FBgn0260658;SE:chrX:3911516-3911647:3911879-3929567:-,FBgn0260658;SE:X:3911516-3911647:3911879-3929567:-,SE,chrX,-,3911516-3911647:3911879-3929567,No,0.08,0.02441653104,0.1951894616,9d_male_vs_female,9d,SE,No,Higher inclusion in male,3142,FBgn0260658,CG42541,chrX,-,3911646,3911879,3911303,3911516,3929566,3930578,3142,"20,351,391","0,0,0","72,175,225","7,1,0",352,119,0.02441653104,0.1951894616,"1.0,1.0,1.0","0.777,0.983,1.0",0.08
AGE0001125,AGE_SEX,9d,Ray Lab Data - 9d_significant.csv,de062c71aa5996076f81567e08b590e48e73f510db466598124e5cf57aa18375,173,FBgn0003654;SE:chrX:20233443-20234328:20234360-20234775:-,FBgn0003654;SE:X:20233443-20234328:20234360-20234775:-,SE,chrX,-,20233443-20234328:20234360-20234775,No,0.333,0.02482877717,0.1973310371,9d_male_vs_female,9d,SE,No,Higher inclusion in male,2478,FBgn0003654,sw,chrX,-,20234327,20234360,20233422,20233443,20234774,20234902,2478,"12,20,1","0,0,0","0,8,10","6,0,0",152,119,0.02482877717,0.1973310371,"1.0,1.0,1.0","0.0,1.0,1.0",0.333
AGE0001126,AGE_SEX,9d,Ray Lab Data - 9d_significant.csv,de062c71aa5996076f81567e08b590e48e73f510db466598124e5cf57aa18375,174,FBgn0030505;SE:chrX:13656034-13658108:13658645-13660740:+,FBgn0030505;SE:X:13656034-13658108:13658645-13660740:+,SE,chrX,+,13656034-13658108:13658645-13660740,No,0.025,0.0251690913,0.1988794671,9d_male_vs_female,9d,SE,No,Higher inclusion in male,2208,FBgn0030505,NFAT,chrX,+,13658107,13658645,13655850,13656034,13660739,13662686,2208,"183,194,210","0,1,0","336,113,115","7,0,0",657,119,0.0251690913,0.1988794671,"1.0,0.972,1.0","0.897,1.0,1.0",0.025
AGE0001127,AGE_SEX,9d,Ray Lab Data - 9d_significant.csv,de062c71aa5996076f81567e08b590e48e73f510db466598124e5cf57aa18375,175,FBgn0085412;SE:chr3R:13760362-13761308:13761777-13762701:+,FBgn0085412;SE:3R:13760362-13761308:13761777-13762701:+,SE,chr3R,+,13760362-13761308:13761777-13762701,No,-0.077,0.02538291979,0.1994163871,9d_male_vs_female,9d,SE,No,Higher inclusion in female,3017,FBgn0085412,kmr,chr3R,+,13761307,13761777,13760244,13760362,13762700,13764667,3017,"137,164,203","7,7,0","162,134,144","4,1,0",589,119,0.02538291979,0.1994163871,"0.798,0.826,1.0","0.891,0.964,1.0",-0.077
AGE0001128,AGE_SEX,9d,Ray Lab Data - 9d_significant.csv,de062c71aa5996076f81567e08b590e48e73f510db466598124e5cf57aa18375,176,FBgn0083124;SE:chr2R:9096202-9096383:9096438-9096671:+,FBgn0083124;SE:2R:9096202-9096383:9096438-9096671:+,SE,chr2R,+,9096202-9096383:9096438-9096671,No,0.01,0.02575782197,0.2012053865,9d_male_vs_female,9d,SE,No,Higher inclusion in male,682,FBgn0083124,Uhg4,chr2R,+,9096382,9096438,9096149,9096202,9096670,9096735,682,"480,1622,1482","3,19,3","794,1224,1197","16,19,6",175,119,0.02575782197,0.2012053865,"0.991,0.983,0.997","0.971,0.978,0.993",0.01
AGE0001129,AGE_SEX,9d,Ray Lab Data - 9d_significant.csv,de062c71aa5996076f81567e08b590e48e73f510db466598124e5cf57aa18375,177,FBgn0085412;SE:chr3R:13760362-13761308:13761767-13762701:+,FBgn0085412;SE:3R:13760362-13761308:13761767-13762701:+,SE,chr3R,+,13760362-13761308:13761767-13762701,No,-0.076,0.0259652393,0.2016731938,9d_male_vs_female,9d,SE,No,Higher inclusion in female,3016,FBgn0085412,kmr,chr3R,+,13761307,13761767,13760244,13760362,13762700,13764667,3016,"138,162,202","7,7,0","159,134,143","4,1,0",579,119,0.0259652393,0.2016731938,"0.802,0.826,1.0","0.891,0.965,1.0",-0.076
AGE0001130,AGE_SEX,9d,Ray Lab Data - 9d_significant.csv,de062c71aa5996076f81567e08b590e48e73f510db466598124e5cf57aa18375,178,FBgn0266579;SE:chr3R:27643973-27644405:27644422-27645225:-,FBgn0266579;SE:3R:27643973-27644405:27644422-27645225:-,SE,chr3R,-,27643973-27644405:27644422-27645225,No,-0.153,0.02649815206,0.2046495698,9d_male_vs_female,9d,SE,No,Higher inclusion in female,373,FBgn0266579,tau,chr3R,-,27644404,27644422,27643814,27643973,27645224,27645410,373,"0,3,0","6,8,8","2,5,1","13,11,2",137,119,0.02649815206,0.2046495698,"0.0,0.246,0.0","0.118,0.283,0.303",-0.153
AGE0001131,AGE_SEX,9d,Ray Lab Data - 9d_significant.csv,de062c71aa5996076f81567e08b590e48e73f510db466598124e5cf57aa18375,179,FBgn0020496;SE:chr3R:13021642-13024824:13025044-13025389:+,FBgn0020496;SE:3R:13021642-13024824:13025044-13025389:+,SE,chr3R,+,13021642-13024824:13025044-13025389,No,0.126,0.02713946717,0.2084250091,9d_male_vs_female,9d,SE,No,Higher inclusion in male,2791,FBgn0020496,CtBP,chr3R,+,13024823,13025044,13021419,13021642,13025388,13026275,2791,"51,111,94","0,7,0","117,71,65","29,0,3",340,119,0.02713946717,0.2084250091,"1.0,0.847,1.0","0.585,1.0,0.883",0.126
AGE0001132,AGE_SEX,9d,Ray Lab Data - 9d_significant.csv,de062c71aa5996076f81567e08b590e48e73f510db466598124e5cf57aa18375,180,FBgn0263346;SE:chr3R:4660399-4680229:4680579-4680779:+,FBgn0263346;SE:3R:4660399-4680229:4680579-4680779:+,SE,chr3R,+,4660399-4680229:4680579-4680779,No,-0.17,0.02804965728,0.2142116285,9d_male_vs_female,9d,SE,No,Higher inclusion in female,573,FBgn0263346,smash,chr3R,+,4680228,4680579,4659578,4660399,4680778,4680837,573,"19,56,27","5,0,0","27,29,18","0,0,0",470,119,0.02804965728,0.2142116285,"0.49,1.0,1.0","1.0,1.0,1.0",-0.17
AGE0001133,AGE_SEX,9d,Ray Lab Data - 9d_significant.csv,de062c71aa5996076f81567e08b590e48e73f510db466598124e5cf57aa18375,181,FBgn0050296;SE:chr2R:21022133-21023065:21023165-21023434:+,FBgn0050296;SE:2R:21022133-21023065:21023165-21023434:+,SE,chr2R,+,21022133-21023065:21023165-21023434,No,0.038,0.02854073642,0.2167510371,9d_male_vs_female,9d,SE,No,Higher inclusion in male,1392,FBgn0050296,RIC-3,chr2R,+,21023064,21023165,21021885,21022133,21023433,21023586,1392,"3,3,16","0,0,5","2,6,5","1,0,0",220,119,0.02854073642,0.2167510371,"1.0,1.0,0.634","0.52,1.0,1.0",0.038
AGE0001134,AGE_SEX,9d,Ray Lab Data - 9d_significant.csv,de062c71aa5996076f81567e08b590e48e73f510db466598124e5cf57aa18375,182,FBgn0039560;SE:chr3R:27942133-27942435:27942483-27942585:+,FBgn0039560;SE:3R:27942133-27942435:27942483-27942585:+,SE,chr3R,+,27942133-27942435:27942483-27942585,No,-0.109,0.02920925112,0.2206024656,9d_male_vs_female,9d,SE,No,Higher inclusion in female,741,FBgn0039560,BOD1,chr3R,+,27942434,27942483,27939706,27942133,27942584,27942778,741,"28,10,12","0,1,5","7,7,14","0,0,2",168,119,0.02920925112,0.2206024656,"1.0,0.876,0.63","1.0,1.0,0.832",-0.109
AGE0001135,AGE_SEX,9d,Ray Lab Data - 9d_significant.csv,de062c71aa5996076f81567e08b590e48e73f510db466598124e5cf57aa18375,183,FBgn0016126;SE:chr4:447235-449924:449968-450242:+,FBgn0016126;SE:4:447235-449924:449968-450242:+,SE,chr4,+,447235-449924:449968-450242,No,-0.164,0.02966591937,0.2216027966,9d_male_vs_female,9d,SE,No,Higher inclusion in female,2527,FBgn0016126,CaMKI,chr4,+,449923,449968,447100,447235,450241,450316,2527,"0,9,0","8,2,16","9,3,5","10,2,7",164,119,0.02966591937,0.2216027966,"0.0,0.766,0.0","0.395,0.521,0.341",-0.164
AGE0001136,AGE_SEX,9d,Ray Lab Data - 9d_significant.csv,de062c71aa5996076f81567e08b590e48e73f510db466598124e5cf57aa18375,184,FBgn0000636;SE:chr2L:18387317-18391052:18391364-18392245:+,FBgn0000636;SE:2L:18387317-18391052:18391364-18392245:+,SE,chr2L,+,18387317-18391052:18391364-18392245,No,0.031,0.0296260946,0.2216027966,9d_male_vs_female,9d,SE,No,Higher inclusion in male,2011,FBgn0000636,Fas3,chr2L,+,18391051,18391364,18387286,18387317,18392244,18393441,2011,"17,0,0","27,48,54","0,1,6","66,35,34",432,119,0.0296260946,0.2216027966,"0.148,0.0,0.0","0.0,0.008,0.046",0.031
AGE0001137,AGE_SEX,9d,Ray Lab Data - 9d_significant.csv,de062c71aa5996076f81567e08b590e48e73f510db466598124e5cf57aa18375,185,FBgn0058263;SE:chr2R:2553877-2564444:2564669-2565119:-,FBgn0058263;SE:2R:2553877-2564444:2564669-2565119:-,SE,chr2R,-,2553877-2564444:2564669-2565119,No,-0.098,0.03019933126,0.2231485721,9d_male_vs_female,9d,SE,No,Higher inclusion in female,2276,FBgn0058263,MFS17,chr2R,-,2564443,2564669,2553782,2553877,2565118,2565385,2276,"10,34,12","50,62,40","13,23,26","43,30,20",345,119,0.03019933126,0.2231485721,"0.065,0.159,0.094","0.094,0.209,0.31",-0.098
AGE0001138,AGE_SEX,9d,Ray Lab Data - 9d_significant.csv,de062c71aa5996076f81567e08b590e48e73f510db466598124e5cf57aa18375,186,FBgn0263396;SE:chr3R:13636525-13636971:13637078-13642299:-,FBgn0263396;SE:3R:13636525-13636971:13637078-13642299:-,SE,chr3R,-,13636525-13636971:13637078-13642299,No,0.041,0.03019866197,0.2231485721,9d_male_vs_female,9d,SE,No,Higher inclusion in male,565,FBgn0263396,sqd,chr3R,-,13636970,13637078,13636365,13636525,13642298,13642427,565,"180,386,333","9,0,14","343,184,145","9,13,10",227,119,0.03019866197,0.2231485721,"0.913,1.0,0.926","0.952,0.881,0.884",0.041
AGE0001139,AGE_SEX,9d,Ray Lab Data - 9d_significant.csv,de062c71aa5996076f81567e08b590e48e73f510db466598124e5cf57aa18375,187,FBgn0261788;SE:chr3L:7656203-7662471:7662890-7663259:-,FBgn0261788;SE:3L:7656203-7662471:7662890-7663259:-,SE,chr3L,-,7656203-7662471:7662890-7663259,No,-0.273,0.03064516874,0.2243227135,9d_male_vs_female,9d,SE,No,Higher inclusion in female,3260,FBgn0261788,Ank2,chr3L,-,7662470,7662890,7655388,7656203,7663258,7663324,3260,"23,22,4","0,0,4","30,13,2","0,0,0",539,119,0.03064516874,0.2243227135,"1.0,1.0,0.181","1.0,1.0,1.0",-0.273
AGE0001140,AGE_SEX,9d,Ray Lab Data - 9d_significant.csv,de062c71aa5996076f81567e08b590e48e73f510db466598124e5cf57aa18375,188,FBgn0259221;SE:chr2R:13415957-13416575:13416947-13418987:-,FBgn0259221;SE:2R:13415957-13416575:13416947-13418987:-,SE,chr2R,-,13415957-13416575:13416947-13418987,No,0.24,0.03068642826,0.2243227135,9d_male_vs_female,9d,SE,No,Higher inclusion in male,1412,FBgn0259221,ATP8A,chr2R,-,13416574,13416947,13415874,13415957,13418986,13419085,1412,"8,42,49","1,0,5","29,24,41","18,7,1",492,119,0.03068642826,0.2243227135,"0.659,1.0,0.703","0.28,0.453,0.908",0.24
AGE0001141,AGE_SEX,9d,Ray Lab Data - 9d_significant.csv,de062c71aa5996076f81567e08b590e48e73f510db466598124e5cf57aa18375,189,FBgn0034504;SE:chr2R:20327393-20327867:20328134-20328327:+,FBgn0034504;SE:2R:20327393-20327867:20328134-20328327:+,SE,chr2R,+,20327393-20327867:20328134-20328327,No,-0.333,0.03124534712,0.2271935612,9d_male_vs_female,9d,SE,No,Higher inclusion in female,2056,FBgn0034504,CG8929,chr2R,+,20327866,20328134,20327269,20327393,20328326,20329021,2056,"0,1,18","3,0,0","8,3,11","0,0,0",387,119,0.03124534712,0.2271935612,"0.0,1.0,1.0","1.0,1.0,1.0",-0.333
AGE0001142,AGE_SEX,9d,Ray Lab Data - 9d_significant.csv,de062c71aa5996076f81567e08b590e48e73f510db466598124e5cf57aa18375,190,FBgn0005278;SE:chr2L:111117-111907:112019-112690:+,FBgn0005278;SE:2L:111117-111907:112019-112690:+,SE,chr2L,+,111117-111907:112019-112690,No,-0.255,0.03147397629,0.227645109,9d_male_vs_female,9d,SE,No,Higher inclusion in female,2563,FBgn0005278,Sams,chr2L,+,111906,112019,111004,111117,112689,113369,2563,"22,5,3","0,0,5","9,22,19","0,0,0",232,119,0.03147397629,0.227645109,"1.0,1.0,0.235","1.0,1.0,1.0",-0.255
AGE0001143,AGE_SEX,9d,Ray Lab Data - 9d_significant.csv,de062c71aa5996076f81567e08b590e48e73f510db466598124e5cf57aa18375,191,FBgn0020496;SE:chr3R:13021642-13024800:13025044-13025389:+,FBgn0020496;SE:3R:13021642-13024800:13025044-13025389:+,SE,chr3R,+,13021642-13024800:13025044-13025389,No,0.129,0.03183640336,0.2290545442,9d_male_vs_female,9d,SE,No,Higher inclusion in male,2790,FBgn0020496,CtBP,chr3R,+,13024799,13025044,13021419,13021642,13025388,13026275,2790,"49,111,92","0,7,0","121,69,64","29,0,3",364,119,0.03183640336,0.2290545442,"1.0,0.838,1.0","0.577,1.0,0.875",0.129
AGE0001144,AGE_SEX,9d,Ray Lab Data - 9d_significant.csv,de062c71aa5996076f81567e08b590e48e73f510db466598124e5cf57aa18375,192,FBgn0069969;SE:chr2R:927570-929051:929292-951127:-,FBgn0069969;SE:2R:927570-929051:929292-951127:-,SE,chr2R,-,927570-929051:929292-951127,No,-0.259,0.03204823531,0.2293714014,9d_male_vs_female,9d,SE,No,Higher inclusion in female,1355,FBgn0069969,CG40498,chr2R,-,929050,929292,927355,927570,951126,951252,1355,"6,149,216","9,15,52","119,153,170","11,22,12",361,119,0.03204823531,0.2293714014,"0.18,0.766,0.578","0.781,0.696,0.824",-0.259
AGE0001145,AGE_SEX,9d,Ray Lab Data - 9d_significant.csv,de062c71aa5996076f81567e08b590e48e73f510db466598124e5cf57aa18375,193,FBgn0000084;SE:chrX:20171648-20172041:20172222-20172305:-,FBgn0000084;SE:X:20171648-20172041:20172222-20172305:-,SE,chrX,-,20171648-20172041:20172222-20172305,No,0.303,0.03248780948,0.2313064352,9d_male_vs_female,9d,SE,No,Higher inclusion in male,1431,FBgn0000084,AnxB10,chrX,-,20172040,20172222,20171444,20171648,20172304,20173016,1431,"8,4,4","0,0,0","21,5,1","0,0,4",301,119,0.03248780948,0.2313064352,"1.0,1.0,1.0","1.0,1.0,0.09",0.303
AGE0001146,AGE_SEX,9d,Ray Lab Data - 9d_significant.csv,de062c71aa5996076f81567e08b590e48e73f510db466598124e5cf57aa18375,194,FBgn0000479;SE:chrX:3246685-3293600:3295453-3321041:+,FBgn0000479;SE:X:3246685-3293600:3295453-3321041:+,SE,chrX,+,3246685-3293600:3295453-3321041,No,0.1,0.03304667883,0.2340663729,9d_male_vs_female,9d,SE,No,Higher inclusion in male,1539,FBgn0000479,Pde4,chrX,+,3293599,3295453,3246294,3246685,3321040,3321217,1539,"214,227,201","0,0,3","167,161,270","10,0,0",1973,119,0.03304667883,0.2340663729,"1.0,1.0,0.802","0.502,1.0,1.0",0.1
AGE0001147,AGE_SEX,9d,Ray Lab Data - 9d_significant.csv,de062c71aa5996076f81567e08b590e48e73f510db466598124e5cf57aa18375,195,FBgn0085432;SE:chr4:99475-104083:104528-107403:+,FBgn0085432;SE:4:99475-104083:104528-107403:+,SE,chr4,+,99475-104083:104528-107403,No,0.166,0.03426519521,0.2414459889,9d_male_vs_female,9d,SE,No,Higher inclusion in male,1717,FBgn0085432,pan,chr4,+,104082,104528,99405,99475,107402,110059,1717,"39,90,180","0,3,6","216,38,88","11,4,6",565,119,0.03426519521,0.2414459889,"1.0,0.863,0.863","0.805,0.667,0.755",0.166
AGE0001148,AGE_SEX,9d,Ray Lab Data - 9d_significant.csv,de062c71aa5996076f81567e08b590e48e73f510db466598124e5cf57aa18375,196,FBgn0027335;SE:chrX:18636319-18636614:18636873-18637413:-,FBgn0027335;SE:X:18636319-18636614:18636873-18637413:-,SE,chrX,-,18636319-18636614:18636873-18637413,No,-0.41,0.03581807514,0.2510938909,9d_male_vs_female,9d,SE,No,Higher inclusion in female,1283,FBgn0027335,Rip11,chrX,-,18636613,18636873,18635641,18636319,18637412,18637573,1283,"0,8,6","4,2,7","0,2,7","2,0,0",379,119,0.03581807514,0.2510938909,"0.0,0.557,0.212","0.0,1.0,1.0",-0.41
AGE0001149,AGE_SEX,9d,Ray Lab Data - 9d_significant.csv,de062c71aa5996076f81567e08b590e48e73f510db466598124e5cf57aa18375,197,FBgn0039647;SE:chr3R:29173994-29174934:29175428-29176546:-,FBgn0039647;SE:3R:29173994-29174934:29175428-29176546:-,SE,chr3R,-,29173994-29174934:29175428-29176546,No,-0.252,0.03741641762,0.2609604229,9d_male_vs_female,9d,SE,No,Higher inclusion in female,728,FBgn0039647,jus,chr3R,-,29174933,29175428,29171190,29173994,29176545,29176742,728,"7,0,12","13,3,8","15,16,9","15,2,4",614,119,0.03741641762,0.2609604229,"0.094,0.0,0.225","0.162,0.608,0.304",-0.252
AGE0001150,AGE_SEX,9d,Ray Lab Data - 9d_significant.csv,de062c71aa5996076f81567e08b590e48e73f510db466598124e5cf57aa18375,198,FBgn0005536;SE:chr3L:16077282-16077723:16077809-16080759:+,FBgn0005536;SE:3L:16077282-16077723:16077809-16080759:+,SE,chr3L,+,16077282-16077723:16077809-16080759,No,-0.212,0.04000866264,0.2762214234,9d_male_vs_female,9d,SE,No,Higher inclusion in female,82,FBgn0005536,Mbs,chr3L,+,16077722,16077809,16077191,16077282,16080758,16081187,82,"35,25,15","35,5,4","40,27,20","6,9,0",206,119,0.04000866264,0.2762214234,"0.366,0.743,0.684","0.794,0.634,1.0",-0.212
AGE0001151,AGE_SEX,9d,Ray Lab Data - 9d_significant.csv,de062c71aa5996076f81567e08b590e48e73f510db466598124e5cf57aa18375,199,FBgn0262473;SE:chr3R:26799480-26806357:26806425-26826576:+,FBgn0262473;SE:3R:26799480-26806357:26806425-26826576:+,SE,chr3R,+,26799480-26806357:26806425-26826576,No,-0.109,0.03998721714,0.2762214234,9d_male_vs_female,9d,SE,No,Higher inclusion in female,2523,FBgn0262473,Tl,chr3R,+,26806356,26806425,26799040,26799480,26826575,26826696,2523,"0,7,0","28,30,23","1,1,10","21,7,12",188,119,0.03998721714,0.2762214234,"0.0,0.129,0.0","0.029,0.083,0.345",-0.109
AGE0001152,AGE_SEX,9d,Ray Lab Data - 9d_significant.csv,de062c71aa5996076f81567e08b590e48e73f510db466598124e5cf57aa18375,200,FBgn0267428;SE:chr2R:348500-432220:432460-438894:+,FBgn0267428;SE:2R:348500-432220:432460-438894:+,SE,chr2R,+,348500-432220:432460-438894,No,-0.147,0.04256199593,0.2909112422,9d_male_vs_female,9d,SE,No,Higher inclusion in female,1245,FBgn0267428,DIP-lambda,chr2R,+,432219,432460,348381,348500,438893,439012,1245,"12,34,37","5,0,0","23,24,9","1,0,0",360,119,0.04256199593,0.2909112422,"0.442,1.0,1.0","0.884,1.0,1.0",-0.147
AGE0001153,AGE_SEX,9d,Ray Lab Data - 9d_significant.csv,de062c71aa5996076f81567e08b590e48e73f510db466598124e5cf57aa18375,201,FBgn0004242;SE:chr2L:2793908-2798486:2798836-2799909:-,FBgn0004242;SE:2L:2793908-2798486:2798836-2799909:-,SE,chr2L,-,2793908-2798486:2798836-2799909,No,0.029,0.04240421675,0.2909112422,9d_male_vs_female,9d,SE,No,Higher inclusion in male,1773,FBgn0004242,Syt1,chr2L,-,2798485,2798836,2793647,2793908,2799908,2799979,1773,"170,411,284","0,2,0","303,218,181","7,0,1",470,119,0.04240421675,0.2909112422,"1.0,0.981,1.0","0.916,1.0,0.979",0.029
AGE0001154,AGE_SEX,9d,Ray Lab Data - 9d_significant.csv,de062c71aa5996076f81567e08b590e48e73f510db466598124e5cf57aa18375,202,FBgn0036318;SE:chr3L:12852277-12852427:12852528-12852616:+,FBgn0036318;SE:3L:12852277-12852427:12852528-12852616:+,SE,chr3L,+,12852277-12852427:12852528-12852616,No,-0.001,0.04364482983,0.2968282705,9d_male_vs_female,9d,SE,No,Higher inclusion in female,1604,FBgn0036318,Wbp2,chr3L,+,12852426,12852528,12852231,12852277,12852615,12852716,1604,"31,41,76","4,0,0","55,13,18","7,0,0",221,119,0.04364482983,0.2968282705,"0.807,1.0,1.0","0.809,1.0,1.0",-0.001
AGE0001155,AGE_SEX,9d,Ray Lab Data - 9d_significant.csv,de062c71aa5996076f81567e08b590e48e73f510db466598124e5cf57aa18375,203,FBgn0263780;SE:chr2R:2053618-2245972:2246006-2261829:-,FBgn0263780;SE:2R:2053618-2245972:2246006-2261829:-,SE,chr2R,-,2053618-2245972:2246006-2261829,No,-0.06,0.04494289384,0.3041432469,9d_male_vs_female,9d,SE,No,Higher inclusion in female,2513,FBgn0263780,CG17684,chr2R,-,2245971,2246006,2053344,2053618,2261828,2262115,2513,"16,29,22","1,4,2","21,22,14","0,3,0",154,119,0.04494289384,0.3041432469,"0.925,0.849,0.895","1.0,0.85,1.0",-0.06
AGE0001156,AGE_SEX,9d,Ray Lab Data - 9d_significant.csv,de062c71aa5996076f81567e08b590e48e73f510db466598124e5cf57aa18375,204,FBgn0259923;A3SS:chrX:16694419-16694951:16694371-16694951:-,FBgn0259923;A3:X:16694419-16694951:16694371-16694951:-,A3SS,chrX,-,16694419-16694951:16694371-16694951,Yes,-0.305,0.0000000004301307088,0.0000003122748946,9d_male_vs_female,9d,A3SS,Yes,Higher inclusion in female,1011,FBgn0259923,Septin4,chrX,-,16694042,16694419,16694042,16694371,16694950,16695144,1011,"8,25,21","2,9,7","35,24,16","0,0,0",167,119,0.0000000004301307088,0.0000003122748946,"0.74,0.664,0.681","1.0,1.0,1.0",-0.305
AGE0001157,AGE_SEX,9d,Ray Lab Data - 9d_significant.csv,de062c71aa5996076f81567e08b590e48e73f510db466598124e5cf57aa18375,205,FBgn0264491;A3SS:chr3R:22072041-22074449:22072041-22074452:+,FBgn0264491;A3:3R:22072041-22074449:22072041-22074452:+,A3SS,chr3R,+,22072041-22074449:22072041-22074452,Yes,0.663,0.00000002555310452,0.000009275776941,9d_male_vs_female,9d,A3SS,Yes,Higher inclusion in male,346,FBgn0264491,how,chr3R,+,22074448,22074944,22074451,22074944,22071738,22072041,346,"3,2,3","0,0,0","17,7,0","27,4,1",122,119,0.00000002555310452,0.000009275776941,"1.0,1.0,1.0","0.38,0.631,0.0",0.663
AGE0001158,AGE_SEX,9d,Ray Lab Data - 9d_significant.csv,de062c71aa5996076f81567e08b590e48e73f510db466598124e5cf57aa18375,206,FBgn0261934;A3SS:chr3L:6738098-6738704:6737672-6738704:-,FBgn0261934;A3:3L:6738098-6738704:6737672-6738704:-,A3SS,chr3L,-,6738098-6738704:6737672-6738704,Yes,0.538,0.0000001347658113,0.00003261332633,9d_male_vs_female,9d,A3SS,Yes,Higher inclusion in male,2412,FBgn0261934,dikar,chr3L,-,6737534,6738098,6737534,6737672,6738703,6739921,2412,"28,16,23","0,0,0","13,9,4","7,0,8",545,119,0.0000001347658113,0.00003261332633,"1.0,1.0,1.0","0.289,1.0,0.098",0.538
AGE0001159,AGE_SEX,9d,Ray Lab Data - 9d_significant.csv,de062c71aa5996076f81567e08b590e48e73f510db466598124e5cf57aa18375,207,FBgn0039581;A3SS:chr3R:28341459-28341627:28341459-28342185:+,FBgn0039581;A3:3R:28341459-28341627:28341459-28342185:+,A3SS,chr3R,+,28341459-28341627:28341459-28342185,Yes,-0.215,0.000002612958623,0.0004742519901,9d_male_vs_female,9d,A3SS,Yes,Higher inclusion in female,559,FBgn0039581,Moca-cyp,chr3R,+,28341626,28342214,28342184,28342214,28341371,28341459,559,"53,96,66","71,67,87","167,59,76","89,12,23",677,119,0.000002612958623,0.0004742519901,"0.116,0.201,0.118","0.248,0.464,0.367",-0.215
AGE0001160,AGE_SEX,9d,Ray Lab Data - 9d_significant.csv,de062c71aa5996076f81567e08b590e48e73f510db466598124e5cf57aa18375,208,FBgn0036892;A3SS:chr3L:19611261-19611325:19611207-19611325:-,FBgn0036892;A3:3L:19611261-19611325:19611207-19611325:-,A3SS,chr3L,-,19611261-19611325:19611207-19611325,Yes,0.386,0.000004577017649,0.0005538191355,9d_male_vs_female,9d,A3SS,Yes,Higher inclusion in male,100,FBgn0036892,Lon,chr3L,-,19610801,19611261,19610801,19611207,19611324,19611580,100,"32,42,61","51,47,9","21,6,0","95,15,58",173,119,0.000004577017649,0.0005538191355,"0.301,0.381,0.823","0.132,0.216,0.0",0.386
AGE0001161,AGE_SEX,9d,Ray Lab Data - 9d_significant.csv,de062c71aa5996076f81567e08b590e48e73f510db466598124e5cf57aa18375,209,FBgn0042693;A3SS:chr3R:18168206-18169484:18168206-18169657:+,FBgn0042693;A3:3R:18168206-18169484:18168206-18169657:+,A3SS,chr3R,+,18168206-18169484:18168206-18169657,Yes,0.19,0.000004275484438,0.0005538191355,9d_male_vs_female,9d,A3SS,Yes,Higher inclusion in male,700,FBgn0042693,wrd,chr3R,+,18169483,18170098,18169656,18170098,18168136,18168206,700,"8,47,21","0,0,0","30,31,37","0,5,6",292,119,0.000004275484438,0.0005538191355,"1.0,1.0,1.0","1.0,0.716,0.715",0.19
AGE0001162,AGE_SEX,9d,Ray Lab Data - 9d_significant.csv,de062c71aa5996076f81567e08b590e48e73f510db466598124e5cf57aa18375,210,FBgn0041092;A3SS:chr2L:9167438-9177122:9167438-9177125:+,FBgn0041092;A3:2L:9167438-9177122:9167438-9177125:+,A3SS,chr2L,+,9167438-9177122:9167438-9177125,Yes,-0.281,0.000006614903201,0.0006860599606,9d_male_vs_female,9d,A3SS,Yes,Higher inclusion in female,1257,FBgn0041092,tai,chr2L,+,9177121,9177630,9177124,9177630,9166777,9167438,1257,"2,5,12","0,7,4","3,6,7","0,0,0",122,119,0.000006614903201,0.0006860599606,"1.0,0.411,0.745","1.0,1.0,1.0",-0.281
AGE0001163,AGE_SEX,9d,Ray Lab Data - 9d_significant.csv,de062c71aa5996076f81567e08b590e48e73f510db466598124e5cf57aa18375,211,FBgn0263072;A3SS:chrX:10618996-10619966:10618986-10619966:-,FBgn0263072;A3:X:10618996-10619966:10618986-10619966:-,A3SS,chrX,-,10618996-10619966:10618986-10619966,Yes,0.13,0.00007820020016,0.004662331056,9d_male_vs_female,9d,A3SS,Yes,Higher inclusion in male,842,FBgn0263072,CG43347,chrX,-,10618732,10618996,10618732,10618986,10619965,10620190,842,"26,16,9","0,0,0","33,24,13","6,2,2",129,119,0.00007820020016,0.004662331056,"1.0,1.0,1.0","0.835,0.917,0.857",0.13
AGE0001164,AGE_SEX,9d,Ray Lab Data - 9d_significant.csv,de062c71aa5996076f81567e08b590e48e73f510db466598124e5cf57aa18375,212,FBgn0260938;A3SS:chrX:15883367-15883433:15883364-15883433:-,FBgn0260938;A3:X:15883367-15883433:15883364-15883433:-,A3SS,chrX,-,15883367-15883433:15883364-15883433,Yes,-0.104,0.00008348526684,0.004662331056,9d_male_vs_female,9d,A3SS,Yes,Higher inclusion in female,2472,FBgn0260938,tay,chrX,-,15883193,15883367,15883193,15883364,15883432,15884374,2472,"11,35,30","0,11,4","19,13,5","1,0,0",122,119,0.00008348526684,0.004662331056,"1.0,0.756,0.88","0.949,1.0,1.0",-0.104
AGE0001165,AGE_SEX,9d,Ray Lab Data - 9d_significant.csv,de062c71aa5996076f81567e08b590e48e73f510db466598124e5cf57aa18375,213,FBgn0263397;A3SS:chr2R:14292182-14292229:14292182-14292244:+,FBgn0263397;A3:2R:14292182-14292229:14292182-14292244:+,A3SS,chr2R,+,14292182-14292229:14292182-14292244,Yes,0.628,0.0000909907756,0.004718521649,9d_male_vs_female,9d,A3SS,Yes,Higher inclusion in male,2378,FBgn0263397,Ih,chr2R,+,14292228,14292381,14292243,14292381,14292045,14292182,2378,"13,15,1","0,5,0","6,0,0","1,6,6",134,119,0.0000909907756,0.004718521649,"1.0,0.727,1.0","0.842,0.0,0.0",0.628
AGE0001166,AGE_SEX,9d,Ray Lab Data - 9d_significant.csv,de062c71aa5996076f81567e08b590e48e73f510db466598124e5cf57aa18375,214,FBgn0260749;A3SS:chr2L:10274105-10274165:10274090-10274165:-,FBgn0260749;A3:2L:10274105-10274165:10274090-10274165:-,A3SS,chr2L,-,10274105-10274165:10274090-10274165,Yes,-0.105,0.0001599227395,0.007740260594,9d_male_vs_female,9d,A3SS,Yes,Higher inclusion in female,1993,FBgn0260749,Utx,chr2L,-,10273965,10274105,10273965,10274090,10274164,10274868,1993,"14,50,85","2,5,22","52,46,53","1,5,1",134,119,0.0001599227395,0.007740260594,"0.861,0.899,0.774","0.979,0.891,0.979",-0.105
AGE0001167,AGE_SEX,9d,Ray Lab Data - 9d_significant.csv,de062c71aa5996076f81567e08b590e48e73f510db466598124e5cf57aa18375,215,FBgn0028325;A3SS:chrX:4702591-4702692:4702591-4702824:+,FBgn0028325;A3:X:4702591-4702692:4702591-4702824:+,A3SS,chrX,+,4702591-4702692:4702591-4702824,Yes,0.526,0.0003523210547,0.01504618151,9d_male_vs_female,9d,A3SS,Yes,Higher inclusion in male,1983,FBgn0028325,Pdha1,chrX,+,4702691,4702892,4702823,4702892,4702324,4702591,1983,"3,16,7","0,0,5","1,2,3","6,1,4",251,119,0.0003523210547,0.01504618151,"1.0,1.0,0.399","0.073,0.487,0.262",0.526
AGE0001168,AGE_SEX,9d,Ray Lab Data - 9d_significant.csv,de062c71aa5996076f81567e08b590e48e73f510db466598124e5cf57aa18375,216,FBgn0004921;A3SS:chr2R:8901431-8902137:8901431-8902328:+,FBgn0004921;A3:2R:8901431-8902137:8901431-8902328:+,A3SS,chr2R,+,8901431-8902137:8901431-8902328,Yes,-0.314,0.00041969042,0.01679494241,9d_male_vs_female,9d,A3SS,Yes,Higher inclusion in female,765,FBgn0004921,Ggamma1,chr2R,+,8902136,8903130,8902327,8903130,8901403,8901431,765,"5,5,10","8,1,0","26,3,10","0,0,1",310,119,0.00041969042,0.01679494241,"0.193,0.657,1.0","1.0,1.0,0.793",-0.314
AGE0001169,AGE_SEX,9d,Ray Lab Data - 9d_significant.csv,de062c71aa5996076f81567e08b590e48e73f510db466598124e5cf57aa18375,217,FBgn0262519;A3SS:chr3L:19888478-19888538:19888475-19888538:-,FBgn0262519;A3:3L:19888478-19888538:19888475-19888538:-,A3SS,chr3L,-,19888478-19888538:19888475-19888538,Yes,-0.181,0.0004395370604,0.01679494241,9d_male_vs_female,9d,A3SS,Yes,Higher inclusion in female,1097,FBgn0262519,Mi-2,chr3L,-,19888231,19888478,19888231,19888475,19888537,19888614,1097,"0,0,1","1,10,8","1,6,1","15,9,4",122,119,0.0004395370604,0.01679494241,"0.0,0.0,0.109","0.061,0.394,0.196",-0.181
AGE0001170,AGE_SEX,9d,Ray Lab Data - 9d_significant.csv,de062c71aa5996076f81567e08b590e48e73f510db466598124e5cf57aa18375,218,FBgn0052423;A3SS:chr3L:5162631-5162967:5162610-5162967:-,FBgn0052423;A3:3L:5162631-5162967:5162610-5162967:-,A3SS,chr3L,-,5162631-5162967:5162610-5162967,Yes,-0.161,0.000483209098,0.01699197463,9d_male_vs_female,9d,A3SS,Yes,Higher inclusion in female,2228,FBgn0052423,shep,chr3L,-,5162455,5162631,5162455,5162610,5162966,5163149,2228,"62,55,10","10,0,5","74,35,26","3,0,0",140,119,0.000483209098,0.01699197463,"0.841,1.0,0.63","0.954,1.0,1.0",-0.161
AGE0001171,AGE_SEX,9d,Ray Lab Data - 9d_significant.csv,de062c71aa5996076f81567e08b590e48e73f510db466598124e5cf57aa18375,219,FBgn0031030;A3SS:chrX:19576395-19576695:19576392-19576695:-,FBgn0031030;A3:X:19576395-19576695:19576392-19576695:-,A3SS,chrX,-,19576395-19576695:19576392-19576695,Yes,-0.125,0.0004915033984,0.01699197463,9d_male_vs_female,9d,A3SS,Yes,Higher inclusion in female,2439,FBgn0031030,Tao,chrX,-,19576038,19576395,19576038,19576392,19576694,19577199,2439,"18,37,24","4,0,7","49,24,5","2,0,0",122,119,0.0004915033984,0.01699197463,"0.814,1.0,0.77","0.96,1.0,1.0",-0.125
AGE0001172,AGE_SEX,9d,Ray Lab Data - 9d_significant.csv,de062c71aa5996076f81567e08b590e48e73f510db466598124e5cf57aa18375,220,FBgn0030412;A3SS:chrX:12631813-12633913:12631813-12633918:+,FBgn0030412;A3:X:12631813-12633913:12631813-12633918:+,A3SS,chrX,+,12631813-12633913:12631813-12633918,Yes,0.302,0.000687148949,0.02169000596,9d_male_vs_female,9d,A3SS,Yes,Higher inclusion in male,169,FBgn0030412,Tomosyn,chrX,+,12633912,12633957,12633917,12633957,12631604,12631813,169,"3,12,2","3,3,3","3,1,1","22,1,5",124,119,0.000687148949,0.02169000596,"0.49,0.793,0.39","0.116,0.49,0.161",0.302
AGE0001173,AGE_SEX,9d,Ray Lab Data - 9d_significant.csv,de062c71aa5996076f81567e08b590e48e73f510db466598124e5cf57aa18375,221,FBgn0028399;A3SS:chr3L:16414493-16414803:16414493-16414815:+,FBgn0028399;A3:3L:16414493-16414803:16414493-16414815:+,A3SS,chr3L,+,16414493-16414803:16414493-16414815,Yes,-0.354,0.0007201057612,0.02178319928,9d_male_vs_female,9d,A3SS,Yes,Higher inclusion in female,1577,FBgn0028399,Serinc,chr3L,+,16414802,16414956,16414814,16414956,16414283,16414493,1577,"7,2,4","0,10,1","3,1,2","0,0,0",131,119,0.0007201057612,0.02178319928,"1.0,0.154,0.784","1.0,1.0,1.0",-0.354
AGE0001174,AGE_SEX,9d,Ray Lab Data - 9d_significant.csv,de062c71aa5996076f81567e08b590e48e73f510db466598124e5cf57aa18375,222,FBgn0039560;A3SS:chr3R:27942483-27942585:27942483-27942588:+,FBgn0039560;A3:3R:27942483-27942585:27942483-27942588:+,A3SS,chr3R,+,27942483-27942585:27942483-27942588,Yes,0.423,0.0008574240967,0.02489959577,9d_male_vs_female,9d,A3SS,Yes,Higher inclusion in male,566,FBgn0039560,BOD1,chr3R,+,27942584,27942778,27942587,27942778,27942434,27942483,566,"18,10,10","16,3,14","0,0,10","2,27,13",122,119,0.0008574240967,0.02489959577,"0.523,0.765,0.411","0.0,0.0,0.429",0.423
AGE0001175,AGE_SEX,9d,Ray Lab Data - 9d_significant.csv,de062c71aa5996076f81567e08b590e48e73f510db466598124e5cf57aa18375,223,FBgn0051140;A3SS:chr3R:23963233-23965800:23963233-23965805:+,FBgn0051140;A3:3R:23963233-23965800:23963233-23965805:+,A3SS,chr3R,+,23963233-23965800:23963233-23965805,Yes,-0.383,0.001186898651,0.03085797381,9d_male_vs_female,9d,A3SS,Yes,Higher inclusion in female,1141,FBgn0051140,CG31140,chr3R,+,23965799,23966702,23965804,23966702,23963179,23963233,1141,"5,3,1","23,2,2","1,1,11","2,0,1",124,119,0.001186898651,0.03085797381,"0.173,0.59,0.324","0.324,1.0,0.913",-0.383
AGE0001176,AGE_SEX,9d,Ray Lab Data - 9d_significant.csv,de062c71aa5996076f81567e08b590e48e73f510db466598124e5cf57aa18375,224,FBgn0263993;A3SS:chrX:6872921-6876342:6872921-6877914:+,FBgn0263993;A3:X:6872921-6876342:6872921-6877914:+,A3SS,chrX,+,6872921-6876342:6872921-6877914,Yes,0.328,0.001679360983,0.0406405358,9d_male_vs_female,9d,A3SS,Yes,Higher inclusion in male,359,FBgn0263993,CG43736,chrX,+,6876341,6878483,6877913,6878483,6872715,6872921,359,"16,16,7","0,0,0","1,16,2","0,0,8",1691,119,0.001679360983,0.0406405358,"1.0,1.0,1.0","1.0,1.0,0.017",0.328
AGE0001177,AGE_SEX,9d,Ray Lab Data - 9d_significant.csv,de062c71aa5996076f81567e08b590e48e73f510db466598124e5cf57aa18375,225,FBgn0040375;A3SS:chrX:2584602-2584667:2584548-2584667:-,FBgn0040375;A3:X:2584602-2584667:2584548-2584667:-,A3SS,chrX,-,2584602-2584667:2584548-2584667,Yes,0.129,0.002134435124,0.04842499689,9d_male_vs_female,9d,A3SS,Yes,Higher inclusion in male,1227,FBgn0040375,CG13760,chrX,-,2584462,2584602,2584462,2584548,2584666,2584935,1227,"0,20,3","22,19,27","0,1,3","23,35,22",173,119,0.002134435124,0.04842499689,"0.0,0.42,0.071","0.0,0.019,0.086",0.129
AGE0001178,AGE_SEX,9d,Ray Lab Data - 9d_significant.csv,de062c71aa5996076f81567e08b590e48e73f510db466598124e5cf57aa18375,226,FBgn0030897;A3SS:chrX:18155732-18161013:18155732-18161059:+,FBgn0030897;A3:X:18155732-18161013:18155732-18161059:+,A3SS,chrX,+,18155732-18161013:18155732-18161059,No,-0.038,0.0000359862595,0.00326575305,9d_male_vs_female,9d,A3SS,No,Higher inclusion in female,2308,FBgn0030897,Frq1,chrX,+,18161012,18161292,18161058,18161292,18155368,18155732,2308,"126,214,252","5,1,19","258,230,198","2,1,3",165,119,0.0000359862595,0.00326575305,"0.948,0.994,0.905","0.989,0.994,0.979",-0.038
AGE0001179,AGE_SEX,9d,Ray Lab Data - 9d_significant.csv,de062c71aa5996076f81567e08b590e48e73f510db466598124e5cf57aa18375,227,FBgn0052654;A3SS:chrX:12608865-12608935:12608865-12608941:+,FBgn0052654;A3:X:12608865-12608935:12608865-12608941:+,A3SS,chrX,+,12608865-12608935:12608865-12608941,No,-0.081,0.00008137416571,0.004662331056,9d_male_vs_female,9d,A3SS,No,Higher inclusion in female,173,FBgn0052654,Sec16,chrX,+,12608934,12609910,12608940,12609910,12608623,12608865,173,"47,35,20","11,0,2","53,20,16","0,1,0",125,119,0.00008137416571,0.004662331056,"0.803,1.0,0.905","1.0,0.95,1.0",-0.081
AGE0001180,AGE_SEX,9d,Ray Lab Data - 9d_significant.csv,de062c71aa5996076f81567e08b590e48e73f510db466598124e5cf57aa18375,228,FBgn0261262;A3SS:chr3R:18931387-18937523:18931387-18937528:+,FBgn0261262;A3:3R:18931387-18937523:18931387-18937528:+,A3SS,chr3R,+,18931387-18937523:18931387-18937528,No,-0.081,0.00005991513367,0.004662331056,9d_male_vs_female,9d,A3SS,No,Higher inclusion in female,2485,FBgn0261262,CG42613,chr3R,+,18937522,18937640,18937527,18937640,18931143,18931387,2485,"24,24,45","2,0,11","25,37,26","0,0,1",124,119,0.00005991513367,0.004662331056,"0.92,1.0,0.797","1.0,1.0,0.961",-0.081
AGE0001181,AGE_SEX,9d,Ray Lab Data - 9d_significant.csv,de062c71aa5996076f81567e08b590e48e73f510db466598124e5cf57aa18375,229,FBgn0041605;A3SS:chr3R:4284406-4295120:4284406-4295129:+,FBgn0041605;A3:3R:4284406-4295120:4284406-4295129:+,A3SS,chr3R,+,4284406-4295120:4284406-4295129,No,-0.08,0.00007325722109,0.004662331056,9d_male_vs_female,9d,A3SS,No,Higher inclusion in female,690,FBgn0041605,cpx,chr3R,+,4295119,4295286,4295128,4295286,4284225,4284406,690,"409,993,927","164,460,492","931,665,647","256,265,179",128,119,0.00007325722109,0.004662331056,"0.699,0.667,0.637","0.772,0.7,0.771",-0.08
AGE0001182,AGE_SEX,9d,Ray Lab Data - 9d_significant.csv,de062c71aa5996076f81567e08b590e48e73f510db466598124e5cf57aa18375,230,FBgn0030208;A3SS:chrX:10479717-10479789:10479717-10479836:+,FBgn0030208;A3:X:10479717-10479789:10479717-10479836:+,A3SS,chrX,+,10479717-10479789:10479717-10479836,No,0.053,0.0001773596291,0.00804769317,9d_male_vs_female,9d,A3SS,No,Higher inclusion in male,1805,FBgn0030208,PPP4R2r,chrX,+,10479788,10480024,10479835,10480024,10479472,10479717,1805,"1,0,13","24,37,63","0,0,0","9,34,25",166,119,0.0001773596291,0.00804769317,"0.029,0.0,0.129","0.0,0.0,0.0",0.053
AGE0001183,AGE_SEX,9d,Ray Lab Data - 9d_significant.csv,de062c71aa5996076f81567e08b590e48e73f510db466598124e5cf57aa18375,231,FBgn0029891;A3SS:chrX:6684070-6684128:6684070-6684133:+,FBgn0029891;A3:X:6684070-6684128:6684070-6684133:+,A3SS,chrX,+,6684070-6684128:6684070-6684133,No,0.085,0.0005187098466,0.01711742494,9d_male_vs_female,9d,A3SS,No,Higher inclusion in male,2240,FBgn0029891,Pink1,chrX,+,6684127,6684461,6684132,6684461,6683840,6684070,2240,"19,49,28","2,0,2","47,7,14","13,1,1",124,119,0.0005187098466,0.01711742494,"0.901,1.0,0.931","0.776,0.87,0.931",0.085
AGE0001184,AGE_SEX,9d,Ray Lab Data - 9d_significant.csv,de062c71aa5996076f81567e08b590e48e73f510db466598124e5cf57aa18375,232,FBgn0262975;A3SS:chr3R:23220896-23221762:23220643-23221762:-,FBgn0262975;A3:3R:23220896-23221762:23220643-23221762:-,A3SS,chr3R,-,23220896-23221762:23220643-23221762,No,-0.09,0.0009979289526,0.02786524691,9d_male_vs_female,9d,A3SS,No,Higher inclusion in female,463,FBgn0262975,cnc,chr3R,-,23220416,23220896,23220416,23220643,23221761,23221961,463,"128,177,169","5,2,18","131,120,109","2,2,1",372,119,0.0009979289526,0.02786524691,"0.891,0.966,0.75","0.954,0.95,0.972",-0.09
AGE0001185,AGE_SEX,9d,Ray Lab Data - 9d_significant.csv,de062c71aa5996076f81567e08b590e48e73f510db466598124e5cf57aa18375,233,FBgn0034345;A3SS:chr2R:18425034-18425340:18425034-18425964:+,FBgn0034345;A3:2R:18425034-18425340:18425034-18425964:+,A3SS,chr2R,+,18425034-18425340:18425034-18425964,No,0.028,0.001190114692,0.03085797381,9d_male_vs_female,9d,A3SS,No,Higher inclusion in male,1719,FBgn0034345,CG5174,chr2R,+,18425339,18426221,18425963,18426221,18424871,18425034,1719,"788,1428,1307","0,0,6","801,1129,961","6,13,0",743,119,0.001190114692,0.03085797381,"1.0,1.0,0.972","0.955,0.933,1.0",0.028
AGE0001186,AGE_SEX,9d,Ray Lab Data - 9d_significant.csv,de062c71aa5996076f81567e08b590e48e73f510db466598124e5cf57aa18375,234,FBgn0030897;A3SS:chrX:18155590-18161013:18155590-18161059:+,FBgn0030897;A3:X:18155590-18161013:18155590-18161059:+,A3SS,chrX,+,18155590-18161013:18155590-18161059,No,0.041,0.001281585125,0.0320838207,9d_male_vs_female,9d,A3SS,No,Higher inclusion in male,2306,FBgn0030897,Frq1,chrX,+,18161012,18161292,18161058,18161292,18155368,18155590,2306,"49,120,171","0,0,1","112,169,134","6,8,0",165,119,0.001281585125,0.0320838207,"1.0,1.0,0.992","0.931,0.938,1.0",0.041
AGE0001187,AGE_SEX,9d,Ray Lab Data - 9d_significant.csv,de062c71aa5996076f81567e08b590e48e73f510db466598124e5cf57aa18375,235,FBgn0026086;A3SS:chrX:1774222-1775650:1774222-1775699:+,FBgn0026086;A3:X:1774222-1775650:1774222-1775699:+,A3SS,chrX,+,1774222-1775650:1774222-1775699,No,0.035,0.001977792018,0.04631861307,9d_male_vs_female,9d,A3SS,No,Higher inclusion in male,1661,FBgn0026086,Adar,chrX,+,1775649,1775738,1775698,1775738,1773724,1774222,1661,"5,1,10","79,118,90","0,0,1","68,72,42",168,119,0.001977792018,0.04631861307,"0.043,0.006,0.073","0.0,0.0,0.017",0.035
AGE0001188,AGE_SEX,9d,Ray Lab Data - 9d_significant.csv,de062c71aa5996076f81567e08b590e48e73f510db466598124e5cf57aa18375,236,FBgn0013751;A3SS:chr3L:3860411-3860636:3860411-3860701:+,FBgn0013751;A3:3L:3860411-3860636:3860411-3860701:+,A3SS,chr3L,+,3860411-3860636:3860411-3860701,No,0.076,0.002244894451,0.04938767792,9d_male_vs_female,9d,A3SS,No,Higher inclusion in male,1802,FBgn0013751,Awh,chr3L,+,3860635,3860761,3860700,3860761,3860189,3860411,1802,"20,45,25","0,0,0","42,35,27","8,0,0",184,119,0.002244894451,0.04938767792,"1.0,1.0,1.0","0.772,1.0,1.0",0.076
AGE0001189,AGE_SEX,9d,Ray Lab Data - 9d_significant.csv,de062c71aa5996076f81567e08b590e48e73f510db466598124e5cf57aa18375,237,FBgn0261509;A3SS:chr2L:1555753-1556324:1555753-1556540:+,FBgn0261509;A3:2L:1555753-1556324:1555753-1556540:+,A3SS,chr2L,+,1555753-1556324:1555753-1556540,No,-0.042,0.002601794814,0.05555597162,9d_male_vs_female,9d,A3SS,No,Higher inclusion in female,1409,FBgn0261509,haf,chr2L,+,1556323,1556915,1556539,1556915,1555128,1555753,1409,"142,353,367","0,31,0","190,222,266","0,6,0",335,119,0.002601794814,0.05555597162,"1.0,0.802,1.0","1.0,0.929,1.0",-0.042
AGE0001190,AGE_SEX,9d,Ray Lab Data - 9d_significant.csv,de062c71aa5996076f81567e08b590e48e73f510db466598124e5cf57aa18375,238,FBgn0003660;A3SS:chr2R:10251213-10251928:10251144-10251928:-,FBgn0003660;A3:2R:10251213-10251928:10251144-10251928:-,A3SS,chr2R,-,10251213-10251928:10251144-10251928,No,0.038,0.002729384791,0.05661523882,9d_male_vs_female,9d,A3SS,No,Higher inclusion in male,746,FBgn0003660,Syb,chr2R,-,10250878,10251213,10250878,10251144,10251927,10251984,746,"11,24,18","2,0,0","25,10,5","8,0,0",188,119,0.002729384791,0.05661523882,"0.777,1.0,1.0","0.664,1.0,1.0",0.038
AGE0001191,AGE_SEX,9d,Ray Lab Data - 9d_significant.csv,de062c71aa5996076f81567e08b590e48e73f510db466598124e5cf57aa18375,239,FBgn0005649;A3SS:chr3R:24046491-24047961:24046488-24047961:-,FBgn0005649;A3:3R:24046491-24047961:24046488-24047961:-,A3SS,chr3R,-,24046491-24047961:24046488-24047961,No,-0.219,0.002822706889,0.05692458892,9d_male_vs_female,9d,A3SS,No,Higher inclusion in female,624,FBgn0005649,Rox8,chr3R,-,24045437,24046491,24045437,24046488,24047960,24048049,624,"9,2,1","6,0,1","6,1,3","2,0,0",122,119,0.002822706889,0.05692458892,"0.594,1.0,0.494","0.745,1.0,1.0",-0.219
AGE0001192,AGE_SEX,9d,Ray Lab Data - 9d_significant.csv,de062c71aa5996076f81567e08b590e48e73f510db466598124e5cf57aa18375,240,FBgn0288470;A3SS:chr3L:9411982-9412155:9411982-9413203:+,FBgn0288470;A3:3L:9411982-9412155:9411982-9413203:+,A3SS,chr3L,+,9411982-9412155:9411982-9413203,No,-0.22,0.003034959312,0.05814726617,9d_male_vs_female,9d,A3SS,No,Higher inclusion in female,230,FBgn0288470,Cpsf5,chr3L,+,9412154,9413317,9413202,9413317,9411816,9411982,230,"44,103,83","8,30,15","97,126,65","7,17,4",1167,119,0.003034959312,0.05814726617,"0.359,0.259,0.361","0.586,0.43,0.624",-0.22
AGE0001193,AGE_SEX,9d,Ray Lab Data - 9d_significant.csv,de062c71aa5996076f81567e08b590e48e73f510db466598124e5cf57aa18375,241,FBgn0043070;A3SS:chr2R:21502479-21507295:21502479-21507322:+,FBgn0043070;A3:2R:21502479-21507295:21502479-21507322:+,A3SS,chr2R,+,21502479-21507295:21502479-21507322,No,0.214,0.003043520819,0.05814726617,9d_male_vs_female,9d,A3SS,No,Higher inclusion in male,2077,FBgn0043070,MESK2,chr2R,+,21507294,21507722,21507321,21507722,21502096,21502479,2077,"8,23,10","4,1,0","28,17,28","19,7,9",146,119,0.003043520819,0.05814726617,"0.62,0.949,1.0","0.546,0.664,0.717",0.214
AGE0001194,AGE_SEX,9d,Ray Lab Data - 9d_significant.csv,de062c71aa5996076f81567e08b590e48e73f510db466598124e5cf57aa18375,242,FBgn0028496;A3SS:chr2R:18496905-18497756:18496868-18497756:-,FBgn0028496;A3:2R:18496905-18497756:18496868-18497756:-,A3SS,chr2R,-,18496905-18497756:18496868-18497756,No,-0.084,0.003794210125,0.06718528172,9d_male_vs_female,9d,A3SS,No,Higher inclusion in female,1722,FBgn0028496,CG30116,chr2R,-,18496746,18496905,18496746,18496868,18497755,18498026,1722,"11,11,5","1,5,0","12,9,6","0,2,0",156,119,0.003794210125,0.06718528172,"0.894,0.627,1.0","1.0,0.774,1.0",-0.084
AGE0001195,AGE_SEX,9d,Ray Lab Data - 9d_significant.csv,de062c71aa5996076f81567e08b590e48e73f510db466598124e5cf57aa18375,243,FBgn0022361;A3SS:chr4:560300-560349:560300-560372:+,FBgn0022361;A3:4:560300-560349:560300-560372:+,A3SS,chr4,+,560300-560349:560300-560372,No,0.029,0.003794039271,0.06718528172,9d_male_vs_female,9d,A3SS,No,Higher inclusion in male,2106,FBgn0022361,Pur-alpha,chr4,+,560348,560411,560371,560411,560094,560300,2106,"41,108,70","1,0,0","148,91,63","7,5,0",142,119,0.003794039271,0.06718528172,"0.972,1.0,1.0","0.947,0.938,1.0",0.029
AGE0001196,AGE_SEX,9d,Ray Lab Data - 9d_significant.csv,de062c71aa5996076f81567e08b590e48e73f510db466598124e5cf57aa18375,244,FBgn0003721;A3SS:chr3R:15303222-15307590:15303222-15308031:+,FBgn0003721;A3:3R:15303222-15307590:15303222-15308031:+,A3SS,chr3R,+,15303222-15307590:15303222-15308031,No,-0.017,0.003717603636,0.06718528172,9d_male_vs_female,9d,A3SS,No,Higher inclusion in female,2102,FBgn0003721,Tm1,chr3R,+,15307589,15308779,15308030,15308779,15303152,15303222,2102,"28,145,107","96,473,579","69,212,96","270,403,346",560,119,0.003717603636,0.06718528172,"0.058,0.061,0.038","0.052,0.101,0.056",-0.017
AGE0001197,AGE_SEX,9d,Ray Lab Data - 9d_significant.csv,de062c71aa5996076f81567e08b590e48e73f510db466598124e5cf57aa18375,245,FBgn0031883;A3SS:chr2L:7034912-7035075:7034912-7035407:+,FBgn0031883;A3:2L:7034912-7035075:7034912-7035407:+,A3SS,chr2L,+,7034912-7035075:7034912-7035407,No,-0.104,0.004284211343,0.07405565321,9d_male_vs_female,9d,A3SS,No,Higher inclusion in female,2069,FBgn0031883,Caper,chr2L,+,7035074,7035561,7035406,7035561,7034764,7034912,2069,"30,40,31","0,5,1","28,22,15","1,0,0",451,119,0.004284211343,0.07405565321,"1.0,0.679,0.891","0.881,1.0,1.0",-0.104
AGE0001198,AGE_SEX,9d,Ray Lab Data - 9d_significant.csv,de062c71aa5996076f81567e08b590e48e73f510db466598124e5cf57aa18375,246,FBgn0261552;A3SS:chr3R:9428652-9432029:9428652-9432032:+,FBgn0261552;A3:3R:9428652-9432029:9428652-9432032:+,A3SS,chr3R,+,9428652-9432029:9428652-9432032,No,0.282,0.004480056618,0.0756400257,9d_male_vs_female,9d,A3SS,No,Higher inclusion in male,2492,FBgn0261552,ps,chr3R,+,9432028,9432839,9432031,9432839,9428560,9428652,2492,"4,5,4","1,0,0","4,6,1","1,3,1",122,119,0.004480056618,0.0756400257,"0.796,1.0,1.0","0.796,0.661,0.494",0.282
AGE0001199,AGE_SEX,9d,Ray Lab Data - 9d_significant.csv,de062c71aa5996076f81567e08b590e48e73f510db466598124e5cf57aa18375,247,FBgn0023407;A3SS:chr2L:13547303-13549132:13547161-13549132:-,FBgn0023407;A3:2L:13547303-13549132:13547161-13549132:-,A3SS,chr2L,-,13547303-13549132:13547161-13549132,No,0.439,0.004633193003,0.07644768455,9d_male_vs_female,9d,A3SS,No,Higher inclusion in male,1584,FBgn0023407,B4,chr2L,-,13546910,13547303,13546910,13547161,13549131,13549328,1584,"4,6,10","0,0,3","2,10,3","5,1,3",261,119,0.004633193003,0.07644768455,"1.0,1.0,0.603","0.154,0.82,0.313",0.439
AGE0001200,AGE_SEX,9d,Ray Lab Data - 9d_significant.csv,de062c71aa5996076f81567e08b590e48e73f510db466598124e5cf57aa18375,248,FBgn0259740;A3SS:chr3R:10851488-10851541:10851488-10851549:+,FBgn0259740;A3:3R:10851488-10851541:10851488-10851549:+,A3SS,chr3R,+,10851488-10851541:10851488-10851549,No,-0.092,0.004900131825,0.07905546011,9d_male_vs_female,9d,A3SS,No,Higher inclusion in female,1275,FBgn0259740,CG42394,chr3R,+,10851540,10851788,10851548,10851788,10851284,10851488,1275,"39,22,40","187,164,210","40,111,27","77,393,126",127,119,0.004900131825,0.07905546011,"0.163,0.112,0.151","0.327,0.209,0.167",-0.092
AGE0001201,AGE_SEX,9d,Ray Lab Data - 9d_significant.csv,de062c71aa5996076f81567e08b590e48e73f510db466598124e5cf57aa18375,249,FBgn0004903;A3SS:chr3R:26873678-26873860:26873555-26873860:-,FBgn0004903;A3:3R:26873678-26873860:26873555-26873860:-,A3SS,chr3R,-,26873678-26873860:26873555-26873860,No,0.327,0.005211649682,0.0816039426,9d_male_vs_female,9d,A3SS,No,Higher inclusion in male,1333,FBgn0004903,Rb97D,chr3R,-,26872582,26873678,26872582,26873555,26873859,26873998,1333,"17,15,19","2,1,2","31,5,6","5,11,2",242,119,0.005211649682,0.0816039426,"0.807,0.881,0.824","0.753,0.183,0.596",0.327
AGE0001202,AGE_SEX,9d,Ray Lab Data - 9d_significant.csv,de062c71aa5996076f81567e08b590e48e73f510db466598124e5cf57aa18375,250,FBgn0031997;A3SS:chr2L:8200280-8200346:8200280-8200351:+,FBgn0031997;A3:2L:8200280-8200346:8200280-8200351:+,A3SS,chr2L,+,8200280-8200346:8200280-8200351,No,-0.063,0.005282899865,0.0816039426,9d_male_vs_female,9d,A3SS,No,Higher inclusion in female,1371,FBgn0031997,PGAP5,chr2L,+,8200345,8200652,8200350,8200652,8200101,8200280,1371,"14,25,14","0,6,1","5,12,20","0,1,0",124,119,0.005282899865,0.0816039426,"1.0,0.8,0.931","1.0,0.92,1.0",-0.063
AGE0001203,AGE_SEX,9d,Ray Lab Data - 9d_significant.csv,de062c71aa5996076f81567e08b590e48e73f510db466598124e5cf57aa18375,251,FBgn0031883;A3SS:chr2L:7033018-7035075:7033018-7035407:+,FBgn0031883;A3:2L:7033018-7035075:7033018-7035407:+,A3SS,chr2L,+,7033018-7035075:7033018-7035407,No,0.096,0.005461788437,0.08260955012,9d_male_vs_female,9d,A3SS,No,Higher inclusion in male,2067,FBgn0031883,Caper,chr2L,+,7035074,7035561,7035406,7035561,7032903,7033018,2067,"62,110,99","0,0,1","60,68,55","0,0,7",451,119,0.005461788437,0.08260955012,"1.0,1.0,0.963","1.0,1.0,0.675",0.096
AGE0001204,AGE_SEX,9d,Ray Lab Data - 9d_significant.csv,de062c71aa5996076f81567e08b590e48e73f510db466598124e5cf57aa18375,252,FBgn0259221;A3SS:chr2R:13416947-13418987:13416606-13418987:-,FBgn0259221;A3:2R:13416947-13418987:13416606-13418987:-,A3SS,chr2R,-,13416947-13418987:13416606-13418987,No,-0.293,0.00617269142,0.09145661165,9d_male_vs_female,9d,A3SS,No,Higher inclusion in female,1156,FBgn0259221,ATP8A,chr2R,-,13416574,13416947,13416574,13416606,13418986,13419085,1156,"7,44,47","2,7,4","36,26,41","0,0,4",460,119,0.00617269142,0.09145661165,"0.475,0.619,0.752","1.0,1.0,0.726",-0.293
AGE0001205,AGE_SEX,9d,Ray Lab Data - 9d_significant.csv,de062c71aa5996076f81567e08b590e48e73f510db466598124e5cf57aa18375,253,FBgn0261444;A3SS:chrX:1234279-1236445:1234276-1236445:-,FBgn0261444;A3:X:1234279-1236445:1234276-1236445:-,A3SS,chrX,-,1234279-1236445:1234276-1236445,No,0.082,0.007044718506,0.1022893127,9d_male_vs_female,9d,A3SS,No,Higher inclusion in male,2049,FBgn0261444,Motor,chrX,-,1233802,1234279,1233802,1234276,1236444,1236684,2049,"3,15,13","0,0,0","19,2,6","6,0,0",122,119,0.007044718506,0.1022893127,"1.0,1.0,1.0","0.755,1.0,1.0",0.082
AGE0001206,AGE_SEX,9d,Ray Lab Data - 9d_significant.csv,de062c71aa5996076f81567e08b590e48e73f510db466598124e5cf57aa18375,254,FBgn0031228;A3SS:chr2L:155429-155567:155429-155638:+,FBgn0031228;A3:2L:155429-155567:155429-155638:+,A3SS,chr2L,+,155429-155567:155429-155638,No,-0.025,0.007548829393,0.1074598067,9d_male_vs_female,9d,A3SS,No,Higher inclusion in female,1072,FBgn0031228,ND-15,chr2L,+,155566,155784,155637,155784,155334,155429,1072,"393,1038,964","18,40,47","804,744,645","25,22,13",190,119,0.007548829393,0.1074598067,"0.932,0.942,0.928","0.953,0.955,0.969",-0.025
AGE0001207,AGE_SEX,9d,Ray Lab Data - 9d_significant.csv,de062c71aa5996076f81567e08b590e48e73f510db466598124e5cf57aa18375,255,FBgn0039560;A3SS:chr3R:27942133-27942585:27942133-27942588:+,FBgn0039560;A3:3R:27942133-27942585:27942133-27942588:+,A3SS,chr3R,+,27942133-27942585:27942133-27942588,No,0.416,0.008024531736,0.1085793577,9d_male_vs_female,9d,A3SS,No,Higher inclusion in male,565,FBgn0039560,BOD1,chr3R,+,27942584,27942778,27942587,27942778,27939706,27942133,565,"1,3,7","0,19,22","0,0,2","16,3,14",122,119,0.008024531736,0.1085793577,"1.0,0.133,0.237","0.0,0.0,0.122",0.416
AGE0001208,AGE_SEX,9d,Ray Lab Data - 9d_significant.csv,de062c71aa5996076f81567e08b590e48e73f510db466598124e5cf57aa18375,256,FBgn0037710;A3SS:chr3R:9562111-9562175:9562001-9562175:-,FBgn0037710;A3:3R:9562111-9562175:9562001-9562175:-,A3SS,chr3R,-,9562111-9562175:9562001-9562175,No,0.073,0.008076150573,0.1085793577,9d_male_vs_female,9d,A3SS,No,Higher inclusion in male,2417,FBgn0037710,CG9393,chr3R,-,9561582,9562111,9561582,9562001,9562174,9562570,2417,"1,3,3","7,10,17","0,0,2","11,30,14",229,119,0.008076150573,0.1085793577,"0.069,0.135,0.084","0.0,0.0,0.069",0.073
AGE0001209,AGE_SEX,9d,Ray Lab Data - 9d_significant.csv,de062c71aa5996076f81567e08b590e48e73f510db466598124e5cf57aa18375,257,FBgn0031228;A3SS:chr2L:155429-155546:155429-155638:+,FBgn0031228;A3:2L:155429-155546:155429-155638:+,A3SS,chr2L,+,155429-155546:155429-155638,No,-0.026,0.0079018163,0.1085793577,9d_male_vs_female,9d,A3SS,No,Higher inclusion in female,1071,FBgn0031228,ND-15,chr2L,+,155545,155784,155637,155784,155334,155429,1071,"419,1049,985","18,40,47","837,748,657","25,22,13",211,119,0.0079018163,0.1085793577,"0.929,0.937,0.922","0.95,0.95,0.966",-0.026
AGE0001210,AGE_SEX,9d,Ray Lab Data - 9d_significant.csv,de062c71aa5996076f81567e08b590e48e73f510db466598124e5cf57aa18375,258,FBgn0267376;A3SS:chr3R:10863858-10866529:10863825-10866529:-,FBgn0267376;A3:3R:10863858-10866529:10863825-10866529:-,A3SS,chr3R,-,10863858-10866529:10863825-10866529,No,-0.165,0.009339592544,0.1221769489,9d_male_vs_female,9d,A3SS,No,Higher inclusion in female,263,FBgn0267376,SelR,chr3R,-,10863354,10863858,10863354,10863825,10866528,10866693,263,"1,9,2","0,1,5","13,2,9","0,1,0",152,119,0.009339592544,0.1221769489,"1.0,0.876,0.238","1.0,0.61,1.0",-0.165
AGE0001211,AGE_SEX,9d,Ray Lab Data - 9d_significant.csv,de062c71aa5996076f81567e08b590e48e73f510db466598124e5cf57aa18375,259,FBgn0035165;A3SS:chr3L:838624-839103:838624-839250:+,FBgn0035165;A3:3L:838624-839103:838624-839250:+,A3SS,chr3L,+,838624-839103:838624-839250,No,-0.084,0.009424117269,0.1221769489,9d_male_vs_female,9d,A3SS,No,Higher inclusion in female,380,FBgn0035165,CG13887,chr3L,+,839102,839747,839249,839747,838048,838624,380,"0,0,0","13,33,55","0,0,9","25,23,12",266,119,0.009424117269,0.1221769489,"0.0,0.0,0.0","0.0,0.0,0.251",-0.084
AGE0001212,AGE_SEX,9d,Ray Lab Data - 9d_significant.csv,de062c71aa5996076f81567e08b590e48e73f510db466598124e5cf57aa18375,260,FBgn0019660;A3SS:chrX:11579124-11579352:11579124-11579512:+,FBgn0019660;A3:X:11579124-11579352:11579124-11579512:+,A3SS,chrX,+,11579124-11579352:11579124-11579512,No,-0.036,0.00959853775,0.1222550598,9d_male_vs_female,9d,A3SS,No,Higher inclusion in female,186,FBgn0019660,lncRNA:roX2,chrX,+,11579351,11579528,11579511,11579528,11579064,11579124,186,"412,1946,1946","10,33,14","21,11,7","0,0,0",279,119,0.00959853775,0.1222550598,"0.946,0.962,0.983","1.0,1.0,1.0",-0.036
AGE0001213,AGE_SEX,9d,Ray Lab Data - 9d_significant.csv,de062c71aa5996076f81567e08b590e48e73f510db466598124e5cf57aa18375,261,FBgn0264270;A3SS:chrX:7092170-7098001:7092122-7098001:-,FBgn0264270;A3:X:7092170-7098001:7092122-7098001:-,A3SS,chrX,-,7092170-7098001:7092122-7098001,No,0.133,0.01048550153,0.1312495536,9d_male_vs_female,9d,A3SS,No,Higher inclusion in male,1680,FBgn0264270,Sxl,chrX,-,7091673,7092170,7091673,7092122,7098000,7098053,1680,"9,23,32","1,3,1","30,32,21","3,6,10",167,119,0.01048550153,0.1312495536,"0.865,0.845,0.958","0.877,0.792,0.599",0.133
AGE0001214,AGE_SEX,9d,Ray Lab Data - 9d_significant.csv,de062c71aa5996076f81567e08b590e48e73f510db466598124e5cf57aa18375,262,FBgn0015371;A3SS:chr2R:15140095-15140378:15140095-15140471:+,FBgn0015371;A3:2R:15140095-15140378:15140095-15140471:+,A3SS,chr2R,+,15140095-15140378:15140095-15140471,No,0.096,0.0114600418,0.1410167855,9d_male_vs_female,9d,A3SS,No,Higher inclusion in male,1887,FBgn0015371,chn,chr2R,+,15140377,15140677,15140470,15140677,15139078,15140095,1887,"99,98,76","96,269,289","68,52,41","254,202,167",212,119,0.0114600418,0.1410167855,"0.367,0.17,0.129","0.131,0.126,0.121",0.096
AGE0001215,AGE_SEX,9d,Ray Lab Data - 9d_significant.csv,de062c71aa5996076f81567e08b590e48e73f510db466598124e5cf57aa18375,263,FBgn0083984;A3SS:chr3R:21878424-21878487:21878419-21878487:-,FBgn0083984;A3:3R:21878424-21878487:21878419-21878487:-,A3SS,chr3R,-,21878424-21878487:21878419-21878487,No,0.12,0.0117437592,0.1420994863,9d_male_vs_female,9d,A3SS,No,Higher inclusion in male,983,FBgn0083984,CG34148,chr3R,-,21878232,21878424,21878232,21878419,21878486,21878686,983,"4,1,0","4,4,2","0,0,1","10,6,2",124,119,0.0117437592,0.1420994863,"0.49,0.193,0.0","0.0,0.0,0.324",0.12
AGE0001216,AGE_SEX,9d,Ray Lab Data - 9d_significant.csv,de062c71aa5996076f81567e08b590e48e73f510db466598124e5cf57aa18375,264,FBgn0051363;A3SS:chr3R:11604283-11604586:11604239-11604586:-,FBgn0051363;A3:3R:11604283-11604586:11604239-11604586:-,A3SS,chr3R,-,11604283-11604586:11604239-11604586,No,-0.159,0.0124581969,0.1482729664,9d_male_vs_female,9d,A3SS,No,Higher inclusion in female,775,FBgn0051363,Jupiter,chr3R,-,11604141,11604283,11604141,11604239,11604585,11604754,775,"12,40,40","8,5,3","61,40,24","2,3,2",163,119,0.0124581969,0.1482729664,"0.523,0.854,0.907","0.957,0.907,0.898",-0.159
AGE0001217,AGE_SEX,9d,Ray Lab Data - 9d_significant.csv,de062c71aa5996076f81567e08b590e48e73f510db466598124e5cf57aa18375,265,FBgn0029854;A3SS:chrX:6275390-6276228:6275170-6276228:-,FBgn0029854;A3:X:6275390-6276228:6275170-6276228:-,A3SS,chrX,-,6275390-6276228:6275170-6276228,No,-0.009,0.01431923509,0.1676736238,9d_male_vs_female,9d,A3SS,No,Higher inclusion in female,2288,FBgn0029854,CG3566,chrX,-,6274971,6275390,6274971,6275170,6276227,6276296,2288,"34,161,118","440,1815,1767","48,109,128","488,1053,1163",339,119,0.01431923509,0.1676736238,"0.026,0.03,0.023","0.033,0.035,0.037",-0.009
AGE0001218,AGE_SEX,9d,Ray Lab Data - 9d_significant.csv,de062c71aa5996076f81567e08b590e48e73f510db466598124e5cf57aa18375,266,FBgn0001105;A3SS:chrX:15860322-15860989:15860322-15861140:+,FBgn0001105;A3:X:15860322-15860989:15860322-15861140:+,A3SS,chrX,+,15860322-15860989:15860322-15861140,No,-0.027,0.01456093747,0.1677974698,9d_male_vs_female,9d,A3SS,No,Higher inclusion in female,149,FBgn0001105,Gbeta13F,chrX,+,15860988,15861492,15861139,15861492,15860114,15860322,149,"188,917,1196","5,61,33","336,763,855","7,24,22",270,119,0.01456093747,0.1677974698,"0.943,0.869,0.941","0.955,0.933,0.945",-0.027
AGE0001219,AGE_SEX,9d,Ray Lab Data - 9d_significant.csv,de062c71aa5996076f81567e08b590e48e73f510db466598124e5cf57aa18375,267,FBgn0034002;A3SS:chr2R:15221823-15221899:15221823-15222044:+,FBgn0034002;A3:2R:15221823-15221899:15221823-15222044:+,A3SS,chr2R,+,15221823-15221899:15221823-15222044,No,0.142,0.01533464166,0.1739523413,9d_male_vs_female,9d,A3SS,No,Higher inclusion in male,1883,FBgn0034002,CG8079,chr2R,+,15221898,15222425,15222043,15222425,15221727,15221823,1883,"127,274,292","12,20,51","135,132,139","17,59,27",264,119,0.01533464166,0.1739523413,"0.827,0.861,0.721","0.782,0.502,0.699",0.142
AGE0001220,AGE_SEX,9d,Ray Lab Data - 9d_significant.csv,de062c71aa5996076f81567e08b590e48e73f510db466598124e5cf57aa18375,268,FBgn0032243;A3SS:chr2L:10416636-10416691:10416636-10416694:+,FBgn0032243;A3:2L:10416636-10416691:10416636-10416694:+,A3SS,chr2L,+,10416636-10416691:10416636-10416694,No,-0.333,0.01625562248,0.1788118472,9d_male_vs_female,9d,A3SS,No,Higher inclusion in female,1411,FBgn0032243,Klp31E,chr2L,+,10416690,10416882,10416693,10416882,10416504,10416636,1411,"0,9,14","10,0,0","14,22,9","0,0,0",122,119,0.01625562248,0.1788118472,"0.0,1.0,1.0","1.0,1.0,1.0",-0.333
AGE0001221,AGE_SEX,9d,Ray Lab Data - 9d_significant.csv,de062c71aa5996076f81567e08b590e48e73f510db466598124e5cf57aa18375,269,FBgn0261403;A3SS:chr2R:5307352-5307414:5307352-5307473:+,FBgn0261403;A3:2R:5307352-5307414:5307352-5307473:+,A3SS,chr2R,+,5307352-5307414:5307352-5307473,No,0.059,0.01605121313,0.1788118472,9d_male_vs_female,9d,A3SS,No,Higher inclusion in male,897,FBgn0261403,sxc,chr2R,+,5307413,5307652,5307472,5307652,5307287,5307352,897,"85,31,33","0,5,6","95,40,17","24,8,1",178,119,0.01605121313,0.1788118472,"1.0,0.806,0.786","0.726,0.77,0.919",0.059
AGE0001222,AGE_SEX,9d,Ray Lab Data - 9d_significant.csv,de062c71aa5996076f81567e08b590e48e73f510db466598124e5cf57aa18375,270,FBgn0016976;A3SS:chrX:22995914-23004612:22995788-23004612:-,FBgn0016976;A3:X:22995914-23004612:22995788-23004612:-,A3SS,chrX,-,22995914-23004612:22995788-23004612,No,0.01,0.0169012807,0.1831392506,9d_male_vs_female,9d,A3SS,No,Higher inclusion in male,2332,FBgn0016976,stnA,chrX,-,22994483,22995914,22994483,22995788,23004611,23004648,2332,"533,1235,1363","17,11,2","642,802,842","24,12,5",245,119,0.0169012807,0.1831392506,"0.938,0.982,0.997","0.929,0.97,0.988",0.01
AGE0001223,AGE_SEX,9d,Ray Lab Data - 9d_significant.csv,de062c71aa5996076f81567e08b590e48e73f510db466598124e5cf57aa18375,271,FBgn0031100;A3SS:chrX:20329542-20330118:20329275-20330118:-,FBgn0031100;A3:X:20329542-20330118:20329275-20330118:-,A3SS,chrX,-,20329542-20330118:20329275-20330118,No,0.189,0.01780209402,0.1900635332,9d_male_vs_female,9d,A3SS,No,Higher inclusion in male,14,FBgn0031100,CG1504,chrX,-,20329162,20329542,20329162,20329275,20330117,20330372,14,"101,87,65","16,9,4","156,97,38","41,13,15",386,119,0.01780209402,0.1900635332,"0.661,0.749,0.834","0.54,0.697,0.439",0.189
AGE0001224,AGE_SEX,9d,Ray Lab Data - 9d_significant.csv,de062c71aa5996076f81567e08b590e48e73f510db466598124e5cf57aa18375,272,FBgn0262975;A3SS:chr3R:23220896-23221846:23220643-23221846:-,FBgn0262975;A3:3R:23220896-23221846:23220643-23221846:-,A3SS,chr3R,-,23220896-23221846:23220643-23221846,No,-0.078,0.01848302594,0.1944735773,9d_male_vs_female,9d,A3SS,No,Higher inclusion in female,464,FBgn0262975,cnc,chr3R,-,23220416,23220896,23220416,23220643,23221845,23221961,464,"128,175,170","5,23,6","131,120,109","2,5,4",372,119,0.01848302594,0.1944735773,"0.891,0.709,0.901","0.954,0.885,0.897",-0.078
AGE0001225,AGE_SEX,9d,Ray Lab Data - 9d_significant.csv,de062c71aa5996076f81567e08b590e48e73f510db466598124e5cf57aa18375,273,FBgn0052057;A3SS:chr3L:10182530-10186085:10182515-10186085:-,FBgn0052057;A3:3L:10182530-10186085:10182515-10186085:-,A3SS,chr3L,-,10182530-10186085:10182515-10186085,No,-0.216,0.02007038405,0.2081585546,9d_male_vs_female,9d,A3SS,No,Higher inclusion in female,840,FBgn0052057,dpr10,chr3L,-,10182242,10182530,10182242,10182515,10186084,10186108,840,"1,1,6","0,3,6","3,8,2","0,1,2",134,119,0.02007038405,0.2081585546,"1.0,0.228,0.47","1.0,0.877,0.47",-0.216
AGE0001226,AGE_SEX,9d,Ray Lab Data - 9d_significant.csv,de062c71aa5996076f81567e08b590e48e73f510db466598124e5cf57aa18375,274,FBgn0028703;A3SS:chr2L:6678756-6679986:6678224-6679986:-,FBgn0028703;A3:2L:6678756-6679986:6678224-6679986:-,A3SS,chr2L,-,6678756-6679986:6678224-6679986,No,0.093,0.02105141732,0.2152581545,9d_male_vs_female,9d,A3SS,No,Higher inclusion in male,586,FBgn0028703,Nhe3,chr2L,-,6677834,6678756,6677834,6678224,6679985,6680114,586,"20,26,15","10,33,21","21,6,7","34,16,18",651,119,0.02105141732,0.2152581545,"0.268,0.126,0.115","0.101,0.064,0.066",0.093
AGE0001227,AGE_SEX,9d,Ray Lab Data - 9d_significant.csv,de062c71aa5996076f81567e08b590e48e73f510db466598124e5cf57aa18375,275,FBgn0003654;A3SS:chrX:20230596-20232117:20230593-20232117:-,FBgn0003654;A3:X:20230596-20232117:20230593-20232117:-,A3SS,chrX,-,20230596-20232117:20230593-20232117,No,-0.42,0.02380169452,0.2367127428,9d_male_vs_female,9d,A3SS,No,Higher inclusion in female,2005,FBgn0003654,sw,chrX,-,20230440,20230596,20230440,20230593,20232116,20232164,2005,"2,12,2","4,11,11","2,10,6","0,1,11",122,119,0.02380169452,0.2367127428,"0.328,0.516,0.151","1.0,0.907,0.347",-0.42
AGE0001228,AGE_SEX,9d,Ray Lab Data - 9d_significant.csv,de062c71aa5996076f81567e08b590e48e73f510db466598124e5cf57aa18375,276,FBgn0003261;A3SS:chr3R:6008309-6008551:6008306-6008551:-,FBgn0003261;A3:3R:6008309-6008551:6008306-6008551:-,A3SS,chr3R,-,6008309-6008551:6008306-6008551,No,-0.008,0.02374636634,0.2367127428,9d_male_vs_female,9d,A3SS,No,Higher inclusion in female,981,FBgn0003261,Rm62,chr3R,-,6008036,6008309,6008036,6008306,6008550,6008579,981,"0,2,3","56,15,35","13,2,0","78,24,20",122,119,0.02374636634,0.2367127428,"0.0,0.115,0.077","0.14,0.075,0.0",-0.008
AGE0001229,AGE_SEX,9d,Ray Lab Data - 9d_significant.csv,de062c71aa5996076f81567e08b590e48e73f510db466598124e5cf57aa18375,277,FBgn0261260;A3SS:chrX:9473266-9499874:9472657-9499874:-,FBgn0261260;A3:X:9473266-9499874:9472657-9499874:-,A3SS,chrX,-,9473266-9499874:9472657-9499874,No,0.239,0.02538954399,0.2457707858,9d_male_vs_female,9d,A3SS,No,Higher inclusion in male,2483,FBgn0261260,mgl,chrX,-,9471998,9473266,9471998,9472657,9499873,9500129,2483,"303,159,262","5,43,23","211,94,119","22,34,46",728,119,0.02538954399,0.2457707858,"0.908,0.377,0.651","0.611,0.311,0.297",0.239
AGE0001230,AGE_SEX,9d,Ray Lab Data - 9d_significant.csv,de062c71aa5996076f81567e08b590e48e73f510db466598124e5cf57aa18375,278,FBgn0022361;A3SS:chr4:558300-560095:558300-560098:+,FBgn0022361;A3:4:558300-560095:558300-560098:+,A3SS,chr4,+,558300-560095:558300-560098,No,0.169,0.02529782723,0.2457707858,9d_male_vs_female,9d,A3SS,No,Higher inclusion in male,2105,FBgn0022361,Pur-alpha,chr4,+,560094,560300,560097,560300,558222,558300,2105,"8,7,3","5,3,0","4,4,0","1,0,1",122,119,0.02529782723,0.2457707858,"0.609,0.695,1.0","0.796,1.0,0.0",0.169
AGE0001231,AGE_SEX,9d,Ray Lab Data - 9d_significant.csv,de062c71aa5996076f81567e08b590e48e73f510db466598124e5cf57aa18375,279,FBgn0030724;A3SS:chrX:16073141-16073403:16073100-16073403:-,FBgn0030724;A3:X:16073141-16073403:16073100-16073403:-,A3SS,chrX,-,16073141-16073403:16073100-16073403,No,-0.281,0.02611072039,0.2494260921,9d_male_vs_female,9d,A3SS,No,Higher inclusion in female,1328,FBgn0030724,Nipsnap,chrX,-,16073026,16073141,16073026,16073100,16073402,16073568,1328,"3,2,2","0,2,2","6,2,10","1,0,1",160,119,0.02611072039,0.2494260921,"1.0,0.427,0.427","0.817,1.0,0.881",-0.281
AGE0001232,AGE_SEX,9d,Ray Lab Data - 9d_significant.csv,de062c71aa5996076f81567e08b590e48e73f510db466598124e5cf57aa18375,280,FBgn0261509;A3SS:chr2L:1555205-1556324:1555205-1556540:+,FBgn0261509;A3:2L:1555205-1556324:1555205-1556540:+,A3SS,chr2L,+,1555205-1556324:1555205-1556540,No,0.096,0.02686198794,0.253270172,9d_male_vs_female,9d,A3SS,No,Higher inclusion in male,1405,FBgn0261509,haf,chr2L,+,1556323,1556915,1556539,1556915,1555128,1555205,1405,"141,353,361","27,79,83","164,220,259","71,66,64",335,119,0.02686198794,0.253270172,"0.65,0.613,0.607","0.451,0.542,0.59",0.096
AGE0001233,AGE_SEX,9d,Ray Lab Data - 9d_significant.csv,de062c71aa5996076f81567e08b590e48e73f510db466598124e5cf57aa18375,281,FBgn0263219;A3SS:chr3L:8280688-8280744:8280688-8280760:+,FBgn0263219;A3:3L:8280688-8280744:8280688-8280760:+,A3SS,chr3L,+,8280688-8280744:8280688-8280760,No,0.36,0.02771557342,0.2568319947,9d_male_vs_female,9d,A3SS,No,Higher inclusion in male,441,FBgn0263219,Dscam4,chr3L,+,8280743,8281147,8280759,8281147,8280519,8280688,441,"19,6,5","25,2,20","7,0,0","21,5,2",135,119,0.02771557342,0.2568319947,"0.401,0.726,0.181","0.227,0.0,0.0",0.36
AGE0001234,AGE_SEX,9d,Ray Lab Data - 9d_significant.csv,de062c71aa5996076f81567e08b590e48e73f510db466598124e5cf57aa18375,282,FBgn0261793;A3SS:chrX:8409364-8410277:8409364-8410282:+,FBgn0261793;A3:X:8409364-8410277:8409364-8410282:+,A3SS,chrX,+,8409364-8410277:8409364-8410282,No,0.129,0.02794728317,0.2568319947,9d_male_vs_female,9d,A3SS,No,Higher inclusion in male,1794,FBgn0261793,Trf2,chrX,+,8410276,8410689,8410281,8410689,8409271,8409364,1794,"25,36,16","1,5,4","38,8,17","9,2,9",124,119,0.02794728317,0.2568319947,"0.96,0.874,0.793","0.802,0.793,0.644",0.129
AGE0001235,AGE_SEX,9d,Ray Lab Data - 9d_significant.csv,de062c71aa5996076f81567e08b590e48e73f510db466598124e5cf57aa18375,283,FBgn0016694;A3SS:chr3L:7816725-7817437:7816611-7817437:-,FBgn0016694;A3:3L:7816725-7817437:7816611-7817437:-,A3SS,chr3L,-,7816725-7817437:7816611-7817437,No,0.164,0.03022748015,0.2743143824,9d_male_vs_female,9d,A3SS,No,Higher inclusion in male,2499,FBgn0016694,Pdp1,chr3L,-,7816483,7816725,7816483,7816611,7817436,7817662,2499,"86,73,28","4,1,0","83,10,26","5,5,0",233,119,0.03022748015,0.2743143824,"0.917,0.974,1.0","0.894,0.505,1.0",0.164
AGE0001236,AGE_SEX,9d,Ray Lab Data - 9d_significant.csv,de062c71aa5996076f81567e08b590e48e73f510db466598124e5cf57aa18375,284,FBgn0031398;A3SS:chr2L:2215459-2215515:2215456-2215515:-,FBgn0031398;A3:2L:2215459-2215515:2215456-2215515:-,A3SS,chr2L,-,2215459-2215515:2215456-2215515,No,-0.107,0.03140704249,0.2754291136,9d_male_vs_female,9d,A3SS,No,Higher inclusion in female,127,FBgn0031398,daed,chr2L,-,2214971,2215459,2214971,2215456,2215514,2216311,127,"15,11,28","0,6,2","4,16,21","0,1,1",122,119,0.03140704249,0.2754291136,"1.0,0.641,0.932","1.0,0.94,0.953",-0.107
AGE0001237,AGE_SEX,9d,Ray Lab Data - 9d_significant.csv,de062c71aa5996076f81567e08b590e48e73f510db466598124e5cf57aa18375,285,FBgn0010772;A3SS:chr3R:5667388-5667693:5667305-5667693:-,FBgn0010772;A3:3R:5667388-5667693:5667305-5667693:-,A3SS,chr3R,-,5667388-5667693:5667305-5667693,No,-0.082,0.03136222517,0.2754291136,9d_male_vs_female,9d,A3SS,No,Higher inclusion in female,1016,FBgn0010772,Xe7,chr3R,-,5667097,5667388,5667097,5667305,5667692,5667950,1016,"168,211,328","47,74,62","255,231,220","52,26,49",202,119,0.03136222517,0.2754291136,"0.678,0.627,0.757","0.743,0.84,0.726",-0.082
AGE0001238,AGE_SEX,9d,Ray Lab Data - 9d_significant.csv,de062c71aa5996076f81567e08b590e48e73f510db466598124e5cf57aa18375,286,FBgn0029783;A3SS:chrX:5665627-5665688:5665486-5665688:-,FBgn0029783;A3:X:5665627-5665688:5665486-5665688:-,A3SS,chrX,-,5665627-5665688:5665486-5665688,No,-0.023,0.03148845239,0.2754291136,9d_male_vs_female,9d,A3SS,No,Higher inclusion in female,546,FBgn0029783,Sirt4,chrX,-,5664627,5665627,5664627,5665486,5665687,5665940,546,"36,177,132","0,6,2","38,126,132","0,1,1",260,119,0.03148845239,0.2754291136,"1.0,0.931,0.968","1.0,0.983,0.984",-0.023
AGE0001239,AGE_SEX,9d,Ray Lab Data - 9d_significant.csv,de062c71aa5996076f81567e08b590e48e73f510db466598124e5cf57aa18375,287,FBgn0286784;A3SS:chr2R:9992696-9992763:9992696-9992766:+,FBgn0286784;A3:2R:9992696-9992763:9992696-9992766:+,A3SS,chr2R,+,9992696-9992763:9992696-9992766,No,-0.252,0.03303451453,0.2756673281,9d_male_vs_female,9d,A3SS,No,Higher inclusion in female,239,FBgn0286784,TER94,chr2R,+,9992762,9992917,9992765,9992917,9990659,9992696,239,"10,2,2","0,6,0","31,3,2","0,0,0",122,119,0.03303451453,0.2756673281,"1.0,0.245,1.0","1.0,1.0,1.0",-0.252
AGE0001240,AGE_SEX,9d,Ray Lab Data - 9d_significant.csv,de062c71aa5996076f81567e08b590e48e73f510db466598124e5cf57aa18375,288,FBgn0263995;A3SS:chr3R:18007324-18008865:18007324-18008868:+,FBgn0263995;A3:3R:18007324-18008865:18007324-18008868:+,A3SS,chr3R,+,18007324-18008865:18007324-18008868,No,0.224,0.03294073674,0.2756673281,9d_male_vs_female,9d,A3SS,No,Higher inclusion in male,1611,FBgn0263995,cpo,chr3R,+,18008864,18009009,18008867,18009009,18007261,18007324,1611,"12,11,3","0,0,0","18,10,3","0,0,6",122,119,0.03294073674,0.2756673281,"1.0,1.0,1.0","1.0,1.0,0.328",0.224
AGE0001241,AGE_SEX,9d,Ray Lab Data - 9d_significant.csv,de062c71aa5996076f81567e08b590e48e73f510db466598124e5cf57aa18375,289,FBgn0261046;A3SS:chr3R:17475005-17475080:17474916-17475080:-,FBgn0261046;A3:3R:17475005-17475080:17474916-17475080:-,A3SS,chr3R,-,17475005-17475080:17474916-17475080,No,0.123,0.03233782251,0.2756673281,9d_male_vs_female,9d,A3SS,No,Higher inclusion in male,1245,FBgn0261046,Dscam3,chr3R,-,17473934,17475005,17473934,17474916,17475079,17475343,1245,"94,67,57","10,1,5","146,57,33","16,7,10",208,119,0.03233782251,0.2756673281,"0.843,0.975,0.867","0.839,0.823,0.654",0.123
AGE0001242,AGE_SEX,9d,Ray Lab Data - 9d_significant.csv,de062c71aa5996076f81567e08b590e48e73f510db466598124e5cf57aa18375,290,FBgn0004587;A3SS:chr3R:13666248-13666356:13666248-13666419:+,FBgn0004587;A3:3R:13666248-13666356:13666248-13666419:+,A3SS,chr3R,+,13666248-13666356:13666248-13666419,No,-0.06,0.03221314771,0.2756673281,9d_male_vs_female,9d,A3SS,No,Higher inclusion in female,666,FBgn0004587,B52,chr3R,+,13666355,13666891,13666418,13666891,13666083,13666248,666,"1,0,3","26,29,10","5,3,2","31,7,23",182,119,0.03221314771,0.2756673281,"0.025,0.0,0.164","0.095,0.219,0.054",-0.06
AGE0001243,AGE_SEX,9d,Ray Lab Data - 9d_significant.csv,de062c71aa5996076f81567e08b590e48e73f510db466598124e5cf57aa18375,291,FBgn0086683;A3SS:chr2L:23068144-23068200:23068101-23068200:-,FBgn0086683;A3:2L:23068144-23068200:23068101-23068200:-,A3SS,chr2L,-,23068144-23068200:23068101-23068200,No,0.036,0.03702618197,0.3030852379,9d_male_vs_female,9d,A3SS,No,Higher inclusion in male,1180,FBgn0086683,Spf45,chr2L,-,23067144,23068144,23067144,23068101,23068199,23068386,1180,"43,103,81","3,1,6","72,74,37","12,7,0",162,119,0.03702618197,0.3030852379,"0.913,0.987,0.908","0.815,0.886,1.0",0.036
AGE0001244,AGE_SEX,9d,Ray Lab Data - 9d_significant.csv,de062c71aa5996076f81567e08b590e48e73f510db466598124e5cf57aa18375,292,FBgn0264975;A3SS:chrX:8518398-8531525:8518398-8531697:+,FBgn0264975;A3:X:8518398-8531525:8518398-8531697:+,A3SS,chrX,+,8518398-8531525:8518398-8531697,No,-0.009,0.03715507737,0.3030852379,9d_male_vs_female,9d,A3SS,No,Higher inclusion in female,418,FBgn0264975,Nrg,chrX,+,8531524,8532019,8531696,8532019,8517508,8518398,418,"283,724,839","0,16,4","434,501,633","0,6,2",291,119,0.03715507737,0.3030852379,"1.0,0.949,0.988","1.0,0.972,0.992",-0.009
AGE0001245,AGE_SEX,9d,Ray Lab Data - 9d_significant.csv,de062c71aa5996076f81567e08b590e48e73f510db466598124e5cf57aa18375,293,FBgn0030320;A3SS:chrX:11608499-11608553:11608496-11608553:-,FBgn0030320;A3:X:11608499-11608553:11608496-11608553:-,A3SS,chrX,-,11608499-11608553:11608496-11608553,No,0.248,0.03854652672,0.3075250374,9d_male_vs_female,9d,A3SS,No,Higher inclusion in male,182,FBgn0030320,CG2247,chrX,-,11608233,11608499,11608233,11608496,11608552,11608640,182,"12,30,15","0,0,0","13,21,2","1,0,4",122,119,0.03854652672,0.3075250374,"1.0,1.0,1.0","0.927,1.0,0.328",0.248
AGE0001246,AGE_SEX,9d,Ray Lab Data - 9d_significant.csv,de062c71aa5996076f81567e08b590e48e73f510db466598124e5cf57aa18375,294,FBgn0035842;A3SS:chr3L:8135817-8135892:8135040-8135892:-,FBgn0035842;A3:3L:8135817-8135892:8135040-8135892:-,A3SS,chr3L,-,8135817-8135892:8135040-8135892,No,-0.126,0.03818719221,0.3075250374,9d_male_vs_female,9d,A3SS,No,Higher inclusion in female,30,FBgn0035842,Setx,chr3L,-,8134046,8135817,8134046,8135040,8135891,8136969,30,"89,73,86","1,1,3","136,39,77","0,0,0",896,119,0.03818719221,0.3075250374,"0.922,0.907,0.792","1.0,1.0,1.0",-0.126
AGE0001247,AGE_SEX,9d,Ray Lab Data - 9d_significant.csv,de062c71aa5996076f81567e08b590e48e73f510db466598124e5cf57aa18375,295,FBgn0024804;A3SS:chr3L:27420841-27420901:27420841-27420952:+,FBgn0024804;A3:3L:27420841-27420901:27420841-27420952:+,A3SS,chr3L,+,27420841-27420901:27420841-27420952,No,-0.013,0.04041222617,0.3189051761,9d_male_vs_female,9d,A3SS,No,Higher inclusion in female,1402,FBgn0024804,Dbp80,chr3L,+,27420900,27421014,27420951,27421014,27420678,27420841,1402,"244,419,483","0,7,11","315,361,377","0,3,1",170,119,0.04041222617,0.3189051761,"1.0,0.977,0.968","1.0,0.988,0.996",-0.013
AGE0001248,AGE_SEX,9d,Ray Lab Data - 9d_significant.csv,de062c71aa5996076f81567e08b590e48e73f510db466598124e5cf57aa18375,296,FBgn0028577;A3SS:chr3L:1501406-1501799:1501397-1501799:-,FBgn0028577;A3:3L:1501406-1501799:1501397-1501799:-,A3SS,chr3L,-,1501406-1501799:1501397-1501799,No,-0.142,0.04459724023,0.3452757242,9d_male_vs_female,9d,A3SS,No,Higher inclusion in female,226,FBgn0028577,hfp,chr3L,-,1501345,1501406,1501345,1501397,1501798,1501892,226,"11,47,33","16,34,45","32,31,38","22,19,23",128,119,0.04459724023,0.3452757242,"0.39,0.562,0.405","0.575,0.603,0.606",-0.142
AGE0001249,AGE_SEX,9d,Ray Lab Data - 9d_significant.csv,de062c71aa5996076f81567e08b590e48e73f510db466598124e5cf57aa18375,297,FBgn0264606;A3SS:chr3L:2689938-2697696:2689932-2697696:-,FBgn0264606;A3:3L:2689938-2697696:2689932-2697696:-,A3SS,chr3L,-,2689938-2697696:2689932-2697696,No,-0.033,0.04470512132,0.3452757242,9d_male_vs_female,9d,A3SS,No,Higher inclusion in female,336,FBgn0264606,Fife,chr3L,-,2689488,2689938,2689488,2689932,2697695,2697926,336,"444,449,549","94,132,113","877,291,308","143,55,67",125,119,0.04470512132,0.3452757242,"0.818,0.764,0.822","0.854,0.834,0.814",-0.033
AGE0001250,AGE_SEX,9d,Ray Lab Data - 9d_significant.csv,de062c71aa5996076f81567e08b590e48e73f510db466598124e5cf57aa18375,298,FBgn0014037;A3SS:chr3L:19897413-19909247:19897408-19909247:-,FBgn0014037;A3:3L:19897413-19909247:19897408-19909247:-,A3SS,chr3L,-,19897413-19909247:19897408-19909247,No,-0.301,0.04532246841,0.3463590744,9d_male_vs_female,9d,A3SS,No,Higher inclusion in female,104,FBgn0014037,Su(Tpl),chr3L,-,19897317,19897413,19897317,19897408,19909246,19909410,104,"7,1,2","3,1,3","14,2,2","3,0,1",124,119,0.04532246841,0.3463590744,"0.691,0.49,0.39","0.817,1.0,0.657",-0.301
AGE0001251,AGE_SEX,9d,Ray Lab Data - 9d_significant.csv,de062c71aa5996076f81567e08b590e48e73f510db466598124e5cf57aa18375,299,FBgn0000479;A3SS:chrX:3256211-3258611:3256211-3258614:+,FBgn0000479;A3:X:3256211-3258611:3256211-3258614:+,A3SS,chrX,+,3256211-3258611:3256211-3258614,No,0.048,0.04943962892,0.3738871937,9d_male_vs_female,9d,A3SS,No,Higher inclusion in male,1249,FBgn0000479,Pde4,chrX,+,3258610,3258878,3258613,3258878,3256067,3256211,1249,"71,251,337","24,85,59","94,203,108","30,79,41",122,119,0.04943962892,0.3738871937,"0.743,0.742,0.848","0.753,0.715,0.72",0.048
AGE0001252,AGE_SEX,9d,Ray Lab Data - 9d_significant.csv,de062c71aa5996076f81567e08b590e48e73f510db466598124e5cf57aa18375,300,FBgn0086675;A5SS:chrX:12918013-12918577:12917814-12918577:+,FBgn0086675;A5:X:12918013-12918577:12917814-12918577:+,A5SS,chrX,+,12918013-12918577:12917814-12918577,Yes,-0.505,0,0,9d_male_vs_female,9d,A5SS,Yes,Higher inclusion in female,1638,FBgn0086675,fne,chrX,+,12917476,12918013,12917476,12917814,12918576,12919709,1638,"36,17,24","72,101,78","180,92,171","18,39,47",318,119,0,0,"0.158,0.059,0.103","0.789,0.469,0.577",-0.505
AGE0001253,AGE_SEX,9d,Ray Lab Data - 9d_significant.csv,de062c71aa5996076f81567e08b590e48e73f510db466598124e5cf57aa18375,301,FBgn0259923;A5SS:chrX:16694371-16694618:16694371-16694951:-,FBgn0259923;A5:X:16694371-16694618:16694371-16694951:-,A5SS,chrX,-,16694371-16694618:16694371-16694951,Yes,-0.258,0.0000000001155409102,0.00000003701160489,9d_male_vs_female,9d,A5SS,Yes,Higher inclusion in female,924,FBgn0259923,Septin4,chrX,-,16694617,16695144,16694950,16695144,16694042,16694371,924,"31,63,92","2,9,7","125,117,107","0,0,0",452,119,0.0000000001155409102,0.00000003701160489,"0.803,0.648,0.776","1.0,1.0,1.0",-0.258
AGE0001254,AGE_SEX,9d,Ray Lab Data - 9d_significant.csv,de062c71aa5996076f81567e08b590e48e73f510db466598124e5cf57aa18375,302,FBgn0259923;A5SS:chrX:16694371-16694614:16694371-16694951:-,FBgn0259923;A5:X:16694371-16694614:16694371-16694951:-,A5SS,chrX,-,16694371-16694614:16694371-16694951,Yes,-0.256,0.0000000001066871036,0.00000003701160489,9d_male_vs_female,9d,A5SS,Yes,Higher inclusion in female,923,FBgn0259923,Septin4,chrX,-,16694613,16695144,16694950,16695144,16694042,16694371,923,"31,64,95","2,9,7","131,122,109","0,0,0",456,119,0.0000000001066871036,0.00000003701160489,"0.802,0.65,0.78","1.0,1.0,1.0",-0.256
AGE0001255,AGE_SEX,9d,Ray Lab Data - 9d_significant.csv,de062c71aa5996076f81567e08b590e48e73f510db466598124e5cf57aa18375,303,FBgn0014396;A5SS:chr2L:3506756-3507189:3506756-3507196:-,FBgn0014396;A5:2L:3506756-3507189:3506756-3507196:-,A5SS,chr2L,-,3506756-3507189:3506756-3507196,Yes,0.595,0.000000669952239,0.0001073040169,9d_male_vs_female,9d,A5SS,Yes,Higher inclusion in male,1990,FBgn0014396,tim,chr2L,-,3507188,3507218,3507195,3507218,3506557,3506756,1990,"6,1,10","7,0,2","0,0,1","14,2,1",126,119,0.000000669952239,0.0001073040169,"0.447,1.0,0.825","0.0,0.0,0.486",0.595
AGE0001256,AGE_SEX,9d,Ray Lab Data - 9d_significant.csv,de062c71aa5996076f81567e08b590e48e73f510db466598124e5cf57aa18375,304,FBgn0259994;A5SS:chrX:5629024-5629385:5629024-5629397:-,FBgn0259994;A5:X:5629024-5629385:5629024-5629397:-,A5SS,chrX,-,5629024-5629385:5629024-5629397,Yes,-0.184,0.000001871256121,0.0001998085702,9d_male_vs_female,9d,A5SS,Yes,Higher inclusion in female,2538,FBgn0259994,OtopLa,chrX,-,5629384,5629745,5629396,5629745,5628220,5629024,2538,"0,0,0","1,14,27","7,2,5","31,15,12",131,119,0.000001871256121,0.0001998085702,"0.0,0.0,0.0","0.17,0.108,0.275",-0.184
AGE0001257,AGE_SEX,9d,Ray Lab Data - 9d_significant.csv,de062c71aa5996076f81567e08b590e48e73f510db466598124e5cf57aa18375,305,FBgn0004656;A5SS:chrX:8060158-8061264:8060158-8061376:-,FBgn0004656;A5:X:8060158-8061264:8060158-8061376:-,A5SS,chrX,-,8060158-8061264:8060158-8061376,Yes,0.148,0.000006321915368,0.0006075360668,9d_male_vs_female,9d,A5SS,Yes,Higher inclusion in male,1788,FBgn0004656,fs(1)h,chrX,-,8061263,8061436,8061375,8061436,8059866,8060158,1788,"182,403,407","10,40,25","181,168,191","53,27,26",231,119,0.000006321915368,0.0006075360668,"0.904,0.838,0.893","0.638,0.762,0.791",0.148
AGE0001258,AGE_SEX,9d,Ray Lab Data - 9d_significant.csv,de062c71aa5996076f81567e08b590e48e73f510db466598124e5cf57aa18375,306,FBgn0002590;A5SS:chrX:17147200-17147688:17147200-17148204:-,FBgn0002590;A5:X:17147200-17147688:17147200-17148204:-,A5SS,chrX,-,17147200-17147688:17147200-17148204,Yes,-0.601,0.000007622850502,0.000635297165,9d_male_vs_female,9d,A5SS,Yes,Higher inclusion in female,116,FBgn0002590,RpS5a,chrX,-,17147687,17148264,17148203,17148264,17146797,17147200,116,"0,0,0","1,3,2","5,5,2","1,2,0",635,119,0.000007622850502,0.000635297165,"0.0,0.0,0.0","0.484,0.319,1.0",-0.601
AGE0001259,AGE_SEX,9d,Ray Lab Data - 9d_significant.csv,de062c71aa5996076f81567e08b590e48e73f510db466598124e5cf57aa18375,307,FBgn0038294;A5SS:chr3R:15176433-15176539:15176433-15178280:-,FBgn0038294;A5:3R:15176433-15176539:15176433-15178280:-,A5SS,chr3R,-,15176433-15176539:15176433-15178280,Yes,0.333,0.000007932951072,0.000635297165,9d_male_vs_female,9d,A5SS,Yes,Higher inclusion in male,2159,FBgn0038294,Mf,chr3R,-,15176538,15178489,15178279,15178489,15176363,15176433,2159,"9,1,21","0,0,0","16,0,1","0,28,0",1860,119,0.000007932951072,0.000635297165,"1.0,1.0,1.0","1.0,0.0,1.0",0.333
AGE0001260,AGE_SEX,9d,Ray Lab Data - 9d_significant.csv,de062c71aa5996076f81567e08b590e48e73f510db466598124e5cf57aa18375,308,FBgn0010263;A5SS:chr2L:2960991-2961218:2960986-2961218:+,FBgn0010263;A5:2L:2960991-2961218:2960986-2961218:+,A5SS,chr2L,+,2960991-2961218:2960986-2961218,Yes,0.103,0.00001482158758,0.001095657359,9d_male_vs_female,9d,A5SS,Yes,Higher inclusion in male,2218,FBgn0010263,Rbp9,chr2L,+,2960894,2960991,2960894,2960986,2961217,2961672,2218,"9,7,0","26,105,25","0,0,0","67,52,9",124,119,0.00001482158758,0.001095657359,"0.249,0.06,0.0","0.0,0.0,0.0",0.103
AGE0001261,AGE_SEX,9d,Ray Lab Data - 9d_significant.csv,de062c71aa5996076f81567e08b590e48e73f510db466598124e5cf57aa18375,309,FBgn0030897;A5SS:chrX:18155594-18161059:18155590-18161059:+,FBgn0030897;A5:X:18155594-18161059:18155590-18161059:+,A5SS,chrX,+,18155594-18161059:18155590-18161059,Yes,0.105,0.00001765993136,0.001197072453,9d_male_vs_female,9d,A5SS,Yes,Higher inclusion in male,2385,FBgn0030897,Frq1,chrX,+,18155368,18155594,18155368,18155590,18161058,18161292,2385,"15,36,51","0,0,1","31,41,28","6,8,0",123,119,0.00001765993136,0.001197072453,"1.0,1.0,0.98","0.833,0.832,1.0",0.105
AGE0001262,AGE_SEX,9d,Ray Lab Data - 9d_significant.csv,de062c71aa5996076f81567e08b590e48e73f510db466598124e5cf57aa18375,310,FBgn0011760;A5SS:chrX:4688672-4691637:4688317-4691637:+,FBgn0011760;A5:X:4688672-4691637:4688317-4691637:+,A5SS,chrX,+,4688672-4691637:4688317-4691637,Yes,-0.1,0.00001868479375,0.001197072453,9d_male_vs_female,9d,A5SS,Yes,Higher inclusion in female,1028,FBgn0011760,ctp,chrX,+,4688202,4688672,4688202,4688317,4691636,4691844,1028,"443,1224,1179","138,470,464","947,1188,1045","235,267,262",474,119,0.00001868479375,0.001197072453,"0.446,0.395,0.389","0.503,0.528,0.5",-0.1
AGE0001263,AGE_SEX,9d,Ray Lab Data - 9d_significant.csv,de062c71aa5996076f81567e08b590e48e73f510db466598124e5cf57aa18375,311,FBgn0051635;A5SS:chr2L:6646947-6647422:6646947-6648946:-,FBgn0051635;A5:2L:6646947-6647422:6646947-6648946:-,A5SS,chr2L,-,6646947-6647422:6646947-6648946,Yes,-0.113,0.00002087605284,0.001253867924,9d_male_vs_female,9d,A5SS,Yes,Higher inclusion in female,1625,FBgn0051635,CG31635,chr2L,-,6647421,6649114,6648945,6649114,6645971,6646947,1625,"406,751,731","2,13,12","609,432,439","2,1,1",1643,119,0.00002087605284,0.001253867924,"0.936,0.807,0.815","0.957,0.969,0.97",-0.113
AGE0001264,AGE_SEX,9d,Ray Lab Data - 9d_significant.csv,de062c71aa5996076f81567e08b590e48e73f510db466598124e5cf57aa18375,312,FBgn0261509;A5SS:chr2L:1555753-1556324:1555205-1556324:+,FBgn0261509;A5:2L:1555753-1556324:1555205-1556324:+,A5SS,chr2L,+,1555753-1556324:1555205-1556324,Yes,-0.206,0.00005212470797,0.002782880242,9d_male_vs_female,9d,A5SS,Yes,Higher inclusion in female,1307,FBgn0261509,haf,chr2L,+,1555128,1555753,1555128,1555205,1556323,1556915,1307,"19,41,46","0,3,4","89,23,31","0,0,0",667,119,0.00005212470797,0.002782880242,"1.0,0.709,0.672","1.0,1.0,1.0",-0.206
AGE0001265,AGE_SEX,9d,Ray Lab Data - 9d_significant.csv,de062c71aa5996076f81567e08b590e48e73f510db466598124e5cf57aa18375,313,FBgn0039602;A5SS:chr3R:28820517-28820572:28820505-28820572:+,FBgn0039602;A5:3R:28820517-28820572:28820505-28820572:+,A5SS,chr3R,+,28820517-28820572:28820505-28820572,Yes,0.111,0.00005590259305,0.002827494312,9d_male_vs_female,9d,A5SS,Yes,Higher inclusion in male,497,FBgn0039602,CG1647,chr3R,+,28820220,28820517,28820220,28820505,28820571,28820718,497,"26,29,21","0,0,0","25,8,14","8,0,1",131,119,0.00005590259305,0.002827494312,"1.0,1.0,1.0","0.739,1.0,0.927",0.111
AGE0001266,AGE_SEX,9d,Ray Lab Data - 9d_significant.csv,de062c71aa5996076f81567e08b590e48e73f510db466598124e5cf57aa18375,314,FBgn0022361;A5SS:chr4:558300-560095:558269-560095:+,FBgn0022361;A5:4:558300-560095:558269-560095:+,A5SS,chr4,+,558300-560095:558269-560095,Yes,0.475,0.00009851079567,0.004733443732,9d_male_vs_female,9d,A5SS,Yes,Higher inclusion in male,2150,FBgn0022361,Pur-alpha,chr4,+,558222,558300,558222,558269,560094,560300,2150,"12,7,5","0,0,1","8,4,0","4,1,2",150,119,0.00009851079567,0.004733443732,"1.0,1.0,0.799","0.613,0.76,0.0",0.475
AGE0001267,AGE_SEX,9d,Ray Lab Data - 9d_significant.csv,de062c71aa5996076f81567e08b590e48e73f510db466598124e5cf57aa18375,315,FBgn0032006;A5SS:chr2L:8230331-8239075:8230331-8239692:-,FBgn0032006;A5:2L:8230331-8239075:8230331-8239692:-,A5SS,chr2L,-,8230331-8239075:8230331-8239692,Yes,-0.22,0.0001350181009,0.005641408479,9d_male_vs_female,9d,A5SS,Yes,Higher inclusion in female,1402,FBgn0032006,Pvr,chr2L,-,8239074,8239878,8239691,8239878,8230124,8230331,1402,"51,106,172","13,1,1","116,102,144","0,0,1",736,119,0.0001350181009,0.005641408479,"0.388,0.945,0.965","1.0,1.0,0.959",-0.22
AGE0001268,AGE_SEX,9d,Ray Lab Data - 9d_significant.csv,de062c71aa5996076f81567e08b590e48e73f510db466598124e5cf57aa18375,316,FBgn0040297;A5SS:chr2L:21124614-21125347:21124521-21125347:+,FBgn0040297;A5:2L:21124614-21125347:21124521-21125347:+,A5SS,chr2L,+,21124614-21125347:21124521-21125347,Yes,-0.149,0.0002767585056,0.01108187183,9d_male_vs_female,9d,A5SS,Yes,Higher inclusion in female,982,FBgn0040297,Nhe2,chr2L,+,21124439,21124614,21124439,21124521,21125346,21125439,982,"12,6,11","7,0,1","12,2,7","0,0,1",212,119,0.0002767585056,0.01108187183,"0.49,1.0,0.861","1.0,1.0,0.797",-0.149
AGE0001269,AGE_SEX,9d,Ray Lab Data - 9d_significant.csv,de062c71aa5996076f81567e08b590e48e73f510db466598124e5cf57aa18375,317,FBgn0013751;A5SS:chr3L:3860423-3860636:3860411-3860636:+,FBgn0013751;A5:3L:3860423-3860636:3860411-3860636:+,A5SS,chr3L,+,3860423-3860636:3860411-3860636,Yes,0.343,0.0003360138604,0.01241958923,9d_male_vs_female,9d,A5SS,Yes,Higher inclusion in male,1837,FBgn0013751,Awh,chr3L,+,3860189,3860423,3860189,3860411,3860635,3860761,1837,"13,0,3","2,13,4","0,0,2","17,14,6",131,119,0.0003360138604,0.01241958923,"0.855,0.0,0.405","0.0,0.0,0.232",0.343
AGE0001270,AGE_SEX,9d,Ray Lab Data - 9d_significant.csv,de062c71aa5996076f81567e08b590e48e73f510db466598124e5cf57aa18375,318,FBgn0027330;A5SS:chrX:8716946-8717083:8716946-8717087:-,FBgn0027330;A5:X:8716946-8717083:8716946-8717087:-,A5SS,chrX,-,8716946-8717083:8716946-8717087,Yes,-0.102,0.0004660928711,0.01599697318,9d_male_vs_female,9d,A5SS,Yes,Higher inclusion in female,1800,FBgn0027330,l(1)G0020,chrX,-,8717082,8718056,8717086,8718056,8716712,8716946,1800,"0,0,1","27,22,27","0,4,4","7,21,17",123,119,0.0004660928711,0.01599697318,"0.0,0.0,0.035","0.0,0.156,0.185",-0.102
AGE0001271,AGE_SEX,9d,Ray Lab Data - 9d_significant.csv,de062c71aa5996076f81567e08b590e48e73f510db466598124e5cf57aa18375,319,FBgn0261260;A5SS:chrX:9472657-9499874:9472657-9499886:-,FBgn0261260;A5:X:9472657-9499874:9472657-9499886:-,A5SS,chrX,-,9472657-9499874:9472657-9499886,Yes,-0.193,0.000557428057,0.01833948821,9d_male_vs_female,9d,A5SS,Yes,Higher inclusion in female,2589,FBgn0261260,mgl,chrX,-,9499873,9500129,9499885,9500129,9471998,9472657,2589,"34,77,46","22,34,37","55,54,69","7,18,20",131,119,0.000557428057,0.01833948821,"0.584,0.673,0.53","0.877,0.732,0.758",-0.193
AGE0001272,AGE_SEX,9d,Ray Lab Data - 9d_significant.csv,de062c71aa5996076f81567e08b590e48e73f510db466598124e5cf57aa18375,320,FBgn0026418;A5SS:chr3L:14037136-14037478:14037111-14037478:+,FBgn0026418;A5:3L:14037136-14037478:14037111-14037478:+,A5SS,chr3L,+,14037136-14037478:14037111-14037478,Yes,-0.135,0.0005725126392,0.01833948821,9d_male_vs_female,9d,A5SS,Yes,Higher inclusion in female,51,FBgn0026418,Hsp110,chr3L,+,14037018,14037136,14037018,14037111,14037477,14037750,51,"8,17,19","1,2,5","12,6,13","1,0,0",144,119,0.0005725126392,0.01833948821,"0.869,0.875,0.758","0.908,1.0,1.0",-0.135
AGE0001273,AGE_SEX,9d,Ray Lab Data - 9d_significant.csv,de062c71aa5996076f81567e08b590e48e73f510db466598124e5cf57aa18375,321,FBgn0039890;A5SS:chr4:189248-193545:189248-193673:-,FBgn0039890;A5:4:189248-193545:189248-193673:-,A5SS,chr4,-,189248-193545:189248-193673,Yes,0.339,0.0007696517713,0.02175398095,9d_male_vs_female,9d,A5SS,Yes,Higher inclusion in male,2093,FBgn0039890,Abcd1,chr4,-,193544,193829,193672,193829,188577,189248,2093,"2,16,2","0,2,0","6,14,25","3,9,2",247,119,0.0007696517713,0.02175398095,"1.0,0.794,1.0","0.491,0.428,0.858",0.339
AGE0001274,AGE_SEX,9d,Ray Lab Data - 9d_significant.csv,de062c71aa5996076f81567e08b590e48e73f510db466598124e5cf57aa18375,322,FBgn0034180;A5SS:chr2R:17015202-17015659:17015202-17015663:-,FBgn0034180;A5:2R:17015202-17015659:17015202-17015663:-,A5SS,chr2R,-,17015202-17015659:17015202-17015663,Yes,-0.362,0.0008299670721,0.02278852446,9d_male_vs_female,9d,A5SS,Yes,Higher inclusion in female,900,FBgn0034180,Ehbp1,chr2R,-,17015658,17015894,17015662,17015894,17014948,17015202,900,"0,3,2","2,3,1","5,3,1","0,1,1",123,119,0.0008299670721,0.02278852446,"0.0,0.492,0.659","1.0,0.744,0.492",-0.362
AGE0001275,AGE_SEX,9d,Ray Lab Data - 9d_significant.csv,de062c71aa5996076f81567e08b590e48e73f510db466598124e5cf57aa18375,323,FBgn0004370;A5SS:chrX:11622357-11623753:11622185-11623753:+,FBgn0004370;A5:X:11622357-11623753:11622185-11623753:+,A5SS,chrX,+,11622357-11623753:11622185-11623753,Yes,-0.11,0.001009516241,0.02554929502,9d_male_vs_female,9d,A5SS,Yes,Higher inclusion in female,1945,FBgn0004370,Ptp10D,chrX,+,11622014,11622357,11622014,11622185,11623752,11624216,1945,"76,107,119","7,7,11","165,102,143","6,2,3",291,119,0.001009516241,0.02554929502,"0.816,0.862,0.816","0.918,0.954,0.951",-0.11
AGE0001276,AGE_SEX,9d,Ray Lab Data - 9d_significant.csv,de062c71aa5996076f81567e08b590e48e73f510db466598124e5cf57aa18375,324,FBgn0031016;A5SS:chrX:19353653-19362967:19353583-19362967:+,FBgn0031016;A5:X:19353653-19362967:19353583-19362967:+,A5SS,chrX,+,19353653-19362967:19353583-19362967,Yes,-0.157,0.001158080819,0.02853629915,9d_male_vs_female,9d,A5SS,Yes,Higher inclusion in female,2255,FBgn0031016,kek5,chrX,+,19353180,19353653,19353180,19353583,19362966,19363021,2255,"94,135,102","13,32,31","172,105,71","34,5,0",189,119,0.001158080819,0.02853629915,"0.82,0.726,0.674","0.761,0.93,1.0",-0.157
AGE0001277,AGE_SEX,9d,Ray Lab Data - 9d_significant.csv,de062c71aa5996076f81567e08b590e48e73f510db466598124e5cf57aa18375,325,FBgn0035542;A5SS:chr3L:4419262-4419429:4419172-4419429:+,FBgn0035542;A5:3L:4419262-4419429:4419172-4419429:+,A5SS,chr3L,+,4419262-4419429:4419172-4419429,Yes,-0.142,0.001249836244,0.03002731576,9d_male_vs_female,9d,A5SS,Yes,Higher inclusion in female,2189,FBgn0035542,TP53INP,chr3L,+,4418781,4419262,4418781,4419172,4419428,4419663,2189,"1,1,0","3,0,1","5,0,9","2,1,0",209,119,0.001249836244,0.03002731576,"0.16,1.0,0.0","0.587,0.0,1.0",-0.142
AGE0001278,AGE_SEX,9d,Ray Lab Data - 9d_significant.csv,de062c71aa5996076f81567e08b590e48e73f510db466598124e5cf57aa18375,326,FBgn0285944;A5SS:chrX:16483859-16486341:16483859-16486380:-,FBgn0285944;A5:X:16483859-16486341:16483859-16486380:-,A5SS,chrX,-,16483859-16486341:16483859-16486380,Yes,-0.128,0.001385553865,0.03247603084,9d_male_vs_female,9d,A5SS,Yes,Higher inclusion in female,958,FBgn0285944,para,chrX,-,16486340,16486584,16486379,16486584,16483677,16483859,958,"15,1,9","7,0,0","16,5,2","0,0,0",158,119,0.001385553865,0.03247603084,"0.617,1.0,1.0","1.0,1.0,1.0",-0.128
AGE0001279,AGE_SEX,9d,Ray Lab Data - 9d_significant.csv,de062c71aa5996076f81567e08b590e48e73f510db466598124e5cf57aa18375,327,FBgn0052000;A5SS:chr4:136777-136879:136371-136879:+,FBgn0052000;A5:4:136777-136879:136371-136879:+,A5SS,chr4,+,136777-136879:136371-136879,Yes,-0.12,0.001454882473,0.03328909658,9d_male_vs_female,9d,A5SS,Yes,Higher inclusion in female,2113,FBgn0052000,anne,chr4,+,136271,136777,136271,136371,136878,137167,2113,"51,62,69","0,6,1","52,41,68","0,0,0",525,119,0.001454882473,0.03328909658,"1.0,0.701,0.94","1.0,1.0,1.0",-0.12
AGE0001280,AGE_SEX,9d,Ray Lab Data - 9d_significant.csv,de062c71aa5996076f81567e08b590e48e73f510db466598124e5cf57aa18375,328,FBgn0264908;A5SS:chr3L:15893961-15898832:15893961-15898835:-,FBgn0264908;A5:3L:15893961-15898832:15893961-15898835:-,A5SS,chr3L,-,15893961-15898832:15893961-15898835,Yes,-0.356,0.001568299388,0.03425308435,9d_male_vs_female,9d,A5SS,Yes,Higher inclusion in female,749,FBgn0264908,pHCl-1,chr3L,-,15898831,15898920,15898834,15898920,15893619,15893961,749,"0,4,3","4,0,2","3,2,1","0,1,0",122,119,0.001568299388,0.03425308435,"0.0,1.0,0.594","1.0,0.661,1.0",-0.356
AGE0001281,AGE_SEX,9d,Ray Lab Data - 9d_significant.csv,de062c71aa5996076f81567e08b590e48e73f510db466598124e5cf57aa18375,329,FBgn0029002;A5SS:chr3L:274813-274867:274807-274867:+,FBgn0029002;A5:3L:274813-274867:274807-274867:+,A5SS,chr3L,+,274813-274867:274807-274867,Yes,0.129,0.00155535124,0.03425308435,9d_male_vs_female,9d,A5SS,Yes,Higher inclusion in male,353,FBgn0029002,miple2,chr3L,+,274594,274813,274594,274807,274866,275018,353,"7,15,4","12,202,210","1,3,3","66,129,155",125,119,0.00155535124,0.03425308435,"0.357,0.066,0.018","0.014,0.022,0.018",0.129
AGE0001282,AGE_SEX,9d,Ray Lab Data - 9d_significant.csv,de062c71aa5996076f81567e08b590e48e73f510db466598124e5cf57aa18375,330,FBgn0026375;A5SS:chrX:17642830-17643014:17642830-17643023:-,FBgn0026375;A5:X:17642830-17643014:17642830-17643023:-,A5SS,chrX,-,17642830-17643014:17642830-17643023,Yes,-0.276,0.0021515012,0.04494766637,9d_male_vs_female,9d,A5SS,Yes,Higher inclusion in female,109,FBgn0026375,RhoGAPp190,chrX,-,17643013,17643247,17643022,17643247,17642777,17642830,109,"17,5,19","9,7,19","40,6,5","10,2,1",128,119,0.0021515012,0.04494766637,"0.637,0.399,0.482","0.788,0.736,0.823",-0.276
AGE0001283,AGE_SEX,9d,Ray Lab Data - 9d_significant.csv,de062c71aa5996076f81567e08b590e48e73f510db466598124e5cf57aa18375,331,FBgn0000179;A5SS:chrX:4451039-4478148:4451030-4478148:+,FBgn0000179;A5:X:4451039-4478148:4451030-4478148:+,A5SS,chrX,+,4451039-4478148:4451030-4478148,Yes,-0.173,0.002296062274,0.04694714565,9d_male_vs_female,9d,A5SS,Yes,Higher inclusion in female,1137,FBgn0000179,bi,chrX,+,4450876,4451039,4450876,4451030,4478147,4478294,1137,"1,6,8","0,0,8","2,5,2","0,0,0",128,119,0.002296062274,0.04694714565,"1.0,1.0,0.482","1.0,1.0,1.0",-0.173
AGE0001284,AGE_SEX,9d,Ray Lab Data - 9d_significant.csv,de062c71aa5996076f81567e08b590e48e73f510db466598124e5cf57aa18375,332,FBgn0030897;A5SS:chrX:18155732-18161013:18155594-18161013:+,FBgn0030897;A5:X:18155732-18161013:18155594-18161013:+,A5SS,chrX,+,18155732-18161013:18155594-18161013,No,0.072,0.000000000386643273,0.00000009289104633,9d_male_vs_female,9d,A5SS,No,Higher inclusion in male,2384,FBgn0030897,Frq1,chrX,+,18155368,18155732,18155368,18155594,18161012,18161292,2384,"555,1365,1862","27,54,43","1206,1076,1219","100,107,68",257,119,0.000000000386643273,0.00000009289104633,"0.905,0.921,0.952","0.848,0.823,0.892",0.072
AGE0001285,AGE_SEX,9d,Ray Lab Data - 9d_significant.csv,de062c71aa5996076f81567e08b590e48e73f510db466598124e5cf57aa18375,333,FBgn0003345;A5SS:chrX:15805177-15805558:15804913-15805558:+,FBgn0003345;A5:X:15805177-15805558:15804913-15805558:+,A5SS,chrX,+,15805177-15805558:15804913-15805558,No,0.083,0.0000001285908534,0.00002471516203,9d_male_vs_female,9d,A5SS,No,Higher inclusion in male,1205,FBgn0003345,sd,chrX,+,15804369,15805177,15804369,15804913,15805557,15806321,1205,"325,1238,1454","3,25,26","503,774,722","19,37,40",383,119,0.0000001285908534,0.00002471516203,"0.971,0.939,0.946","0.892,0.867,0.849",0.083
AGE0001286,AGE_SEX,9d,Ray Lab Data - 9d_significant.csv,de062c71aa5996076f81567e08b590e48e73f510db466598124e5cf57aa18375,334,FBgn0032938;A5SS:chr2L:21263179-21263648:21263123-21263648:+,FBgn0032938;A5:2L:21263179-21263648:21263123-21263648:+,A5SS,chr2L,+,21263179-21263648:21263123-21263648,No,-0.066,0.000001627898125,0.000198191444,9d_male_vs_female,9d,A5SS,No,Higher inclusion in female,822,FBgn0032938,CG8671,chr2L,+,21262955,21263179,21262955,21263123,21263647,21263786,822,"25,72,73","183,594,601","137,64,94","367,398,413",175,119,0.000001627898125,0.000198191444,"0.085,0.076,0.076","0.202,0.099,0.134",-0.066
AGE0001287,AGE_SEX,9d,Ray Lab Data - 9d_significant.csv,de062c71aa5996076f81567e08b590e48e73f510db466598124e5cf57aa18375,335,FBgn0035088;A5SS:chr2R:24970548-24970605:24970417-24970605:+,FBgn0035088;A5:2R:24970548-24970605:24970417-24970605:+,A5SS,chr2R,+,24970548-24970605:24970417-24970605,No,0.047,0.000001649876745,0.000198191444,9d_male_vs_female,9d,A5SS,No,Higher inclusion in male,360,FBgn0035088,CG3776,chr2R,+,24970252,24970548,24970252,24970417,24970604,24970855,360,"172,541,544","0,0,2","386,394,257","6,11,8",250,119,0.000001649876745,0.000198191444,"1.0,1.0,0.992","0.968,0.945,0.939",0.047
AGE0001288,AGE_SEX,9d,Ray Lab Data - 9d_significant.csv,de062c71aa5996076f81567e08b590e48e73f510db466598124e5cf57aa18375,336,FBgn0086758;A5SS:chr2L:1651712-1652775:1651411-1652775:+,FBgn0086758;A5:2L:1651712-1652775:1651411-1652775:+,A5SS,chr2L,+,1651712-1652775:1651411-1652775,No,-0.025,0.00003290932688,0.00186034489,9d_male_vs_female,9d,A5SS,No,Higher inclusion in female,1377,FBgn0086758,chinmo,chr2L,+,1651257,1651712,1651257,1651411,1652774,1653835,1377,"790,1165,1296","4,10,21","1719,1071,795","6,3,1",420,119,0.00003290932688,0.00186034489,"0.982,0.971,0.946","0.988,0.99,0.996",-0.025
AGE0001289,AGE_SEX,9d,Ray Lab Data - 9d_significant.csv,de062c71aa5996076f81567e08b590e48e73f510db466598124e5cf57aa18375,337,FBgn0016797;A5SS:chr3L:19232572-19234805:19232572-19235014:-,FBgn0016797;A5:3L:19232572-19234805:19232572-19235014:-,A5SS,chr3L,-,19232572-19234805:19232572-19235014,No,0.035,0.0001062182929,0.004860751404,9d_male_vs_female,9d,A5SS,No,Higher inclusion in male,85,FBgn0016797,fz2,chr3L,-,19234804,19235373,19235013,19235373,19232323,19232572,85,"674,2122,1639","11,28,30","1152,1478,1273","39,46,33",328,119,0.0001062182929,0.004860751404,"0.957,0.965,0.952","0.915,0.921,0.933",0.035
AGE0001290,AGE_SEX,9d,Ray Lab Data - 9d_significant.csv,de062c71aa5996076f81567e08b590e48e73f510db466598124e5cf57aa18375,338,FBgn0004656;A5SS:chrX:8060158-8060877:8060158-8060903:-,FBgn0004656;A5:X:8060158-8060877:8060158-8060903:-,A5SS,chrX,-,8060158-8060877:8060158-8060903,No,-0.089,0.0001341314248,0.005641408479,9d_male_vs_female,9d,A5SS,No,Higher inclusion in female,1787,FBgn0004656,fs(1)h,chrX,-,8060876,8060974,8060902,8060974,8059866,8060158,1787,"300,553,456","126,216,226","658,520,520","232,135,127",145,119,0.0001341314248,0.005641408479,"0.661,0.678,0.623","0.699,0.76,0.771",-0.089
AGE0001291,AGE_SEX,9d,Ray Lab Data - 9d_significant.csv,de062c71aa5996076f81567e08b590e48e73f510db466598124e5cf57aa18375,339,FBgn0030412;A5SS:chrX:12649182-12651110:12648783-12651110:+,FBgn0030412;A5:X:12649182-12651110:12648783-12651110:+,A5SS,chrX,+,12649182-12651110:12648783-12651110,No,-0.091,0.0002899072949,0.01114403642,9d_male_vs_female,9d,A5SS,No,Higher inclusion in female,170,FBgn0030412,Tomosyn,chrX,+,12648536,12649182,12648536,12648783,12651109,12651226,170,"56,121,138","1,0,8","113,58,59","0,0,0",518,119,0.0002899072949,0.01114403642,"0.928,1.0,0.799","1.0,1.0,1.0",-0.091
AGE0001292,AGE_SEX,9d,Ray Lab Data - 9d_significant.csv,de062c71aa5996076f81567e08b590e48e73f510db466598124e5cf57aa18375,340,FBgn0030719;A5SS:chrX:15991382-15991751:15991382-15991893:-,FBgn0030719;A5:X:15991382-15991751:15991382-15991893:-,A5SS,chrX,-,15991382-15991751:15991382-15991893,No,-0.027,0.0004341512757,0.01545256948,9d_male_vs_female,9d,A5SS,No,Higher inclusion in female,2213,FBgn0030719,eIF5,chrX,-,15991750,15991974,15991892,15991974,15991082,15991382,2213,"381,729,654","10,8,10","571,558,464","4,2,1",261,119,0.0004341512757,0.01545256948,"0.946,0.976,0.968","0.985,0.992,0.995",-0.027
AGE0001293,AGE_SEX,9d,Ray Lab Data - 9d_significant.csv,de062c71aa5996076f81567e08b590e48e73f510db466598124e5cf57aa18375,341,FBgn0003261;A5SS:chr3R:6001736-6002063:6001736-6003673:-,FBgn0003261;A5:3R:6001736-6002063:6001736-6003673:-,A5SS,chr3R,-,6001736-6002063:6001736-6003673,No,0.086,0.000719720103,0.02114109763,9d_male_vs_female,9d,A5SS,No,Higher inclusion in male,884,FBgn0003261,Rm62,chr3R,-,6002062,6003911,6003672,6003911,6001557,6001736,884,"734,731,848","0,8,0","1095,444,577","16,3,6",1729,119,0.000719720103,0.02114109763,"1.0,0.863,1.0","0.825,0.911,0.869",0.086
AGE0001294,AGE_SEX,9d,Ray Lab Data - 9d_significant.csv,de062c71aa5996076f81567e08b590e48e73f510db466598124e5cf57aa18375,342,FBgn0052675;A5SS:chrX:10762434-10763151:10762434-10764170:-,FBgn0052675;A5:X:10762434-10763151:10762434-10764170:-,A5SS,chrX,-,10762434-10763151:10762434-10764170,No,-0.048,0.0007259690134,0.02114109763,9d_male_vs_female,9d,A5SS,No,Higher inclusion in female,1849,FBgn0052675,Tango5,chrX,-,10763150,10764237,10764169,10764237,10761914,10762434,1849,"224,669,736","1,12,0","524,391,483","1,1,0",1138,119,0.0007259690134,0.02114109763,"0.959,0.854,1.0","0.982,0.976,1.0",-0.048
AGE0001295,AGE_SEX,9d,Ray Lab Data - 9d_significant.csv,de062c71aa5996076f81567e08b590e48e73f510db466598124e5cf57aa18375,343,FBgn0027932;A5SS:chr2L:8429462-8430281:8428067-8430281:+,FBgn0027932;A5:2L:8429462-8430281:8428067-8430281:+,A5SS,chr2L,+,8429462-8430281:8428067-8430281,No,0.022,0.0006930997066,0.02114109763,9d_male_vs_female,9d,A5SS,No,Higher inclusion in male,797,FBgn0027932,Akap200,chr2L,+,8427614,8429462,8427614,8428067,8430280,8430977,797,"93,43,28","81,306,332","24,33,28","122,288,204",1514,119,0.0006930997066,0.02114109763,"0.083,0.011,0.007","0.015,0.009,0.011",0.022
AGE0001296,AGE_SEX,9d,Ray Lab Data - 9d_significant.csv,de062c71aa5996076f81567e08b590e48e73f510db466598124e5cf57aa18375,344,FBgn0266487;A5SS:chr2R:12612884-12613567:12612851-12613567:+,FBgn0266487;A5:2R:12612884-12613567:12612851-12613567:+,A5SS,chr2R,+,12612884-12613567:12612851-12613567,No,-0.085,0.001010273892,0.02554929502,9d_male_vs_female,9d,A5SS,No,Higher inclusion in female,271,FBgn0266487,CG45086,chr2R,+,12612739,12612884,12612739,12612851,12613566,12614345,271,"242,341,263","108,184,118","435,209,172","118,83,54",152,119,0.001010273892,0.02554929502,"0.637,0.592,0.636","0.743,0.663,0.714",-0.085
AGE0001297,AGE_SEX,9d,Ray Lab Data - 9d_significant.csv,de062c71aa5996076f81567e08b590e48e73f510db466598124e5cf57aa18375,345,FBgn0003091;A5SS:chr2R:16925037-16926346:16924977-16926346:+,FBgn0003091;A5:2R:16925037-16926346:16924977-16926346:+,A5SS,chr2R,+,16925037-16926346:16924977-16926346,No,-0.061,0.001006934355,0.02554929502,9d_male_vs_female,9d,A5SS,No,Higher inclusion in female,1886,FBgn0003091,Pkc53E,chr2R,+,16924924,16925037,16924924,16924977,16926345,16926807,1886,"625,1951,1748","136,331,321","1610,1173,1321","115,151,252",179,119,0.001006934355,0.02554929502,"0.753,0.797,0.784","0.903,0.838,0.777",-0.061
AGE0001298,AGE_SEX,9d,Ray Lab Data - 9d_significant.csv,de062c71aa5996076f81567e08b590e48e73f510db466598124e5cf57aa18375,346,FBgn0267001;A5SS:chrX:12203978-12204139:12203878-12204139:+,FBgn0267001;A5:X:12203978-12204139:12203878-12204139:+,A5SS,chrX,+,12203978-12204139:12203878-12204139,No,0.068,0.001927939624,0.04117222175,9d_male_vs_female,9d,A5SS,No,Higher inclusion in male,256,FBgn0267001,Ten-a,chrX,+,12203797,12203978,12203797,12203878,12204138,12204409,256,"517,874,856","43,118,71","910,545,575","110,116,81",219,119,0.001927939624,0.04117222175,"0.867,0.801,0.868","0.818,0.719,0.794",0.068
AGE0001299,AGE_SEX,9d,Ray Lab Data - 9d_significant.csv,de062c71aa5996076f81567e08b590e48e73f510db466598124e5cf57aa18375,347,FBgn0004598;A5SS:chrX:16373423-16374926:16373357-16374926:+,FBgn0004598;A5:X:16373423-16374926:16373357-16374926:+,A5SS,chrX,+,16373423-16374926:16373357-16374926,No,-0.268,0.002645698923,0.05278521731,9d_male_vs_female,9d,A5SS,No,Higher inclusion in female,2477,FBgn0004598,Fur2,chrX,+,16373221,16373423,16373221,16373357,16374925,16375859,2477,"2,5,1","0,3,2","1,2,8","0,1,0",185,119,0.002645698923,0.05278521731,"1.0,0.517,0.243","1.0,0.563,1.0",-0.268
AGE0001300,AGE_SEX,9d,Ray Lab Data - 9d_significant.csv,de062c71aa5996076f81567e08b590e48e73f510db466598124e5cf57aa18375,348,FBgn0035397;A5SS:chr3L:3071307-3073081:3071297-3073081:+,FBgn0035397;A5:3L:3071307-3073081:3071297-3073081:+,A5SS,chr3L,+,3071307-3073081:3071297-3073081,No,0.096,0.002691441882,0.05278521731,9d_male_vs_female,9d,A5SS,No,Higher inclusion in male,376,FBgn0035397,PAN3,chr3L,+,3071132,3071307,3071132,3071297,3073080,3073478,376,"21,51,73","0,4,4","43,60,36","7,13,3",129,119,0.002691441882,0.05278521731,"1.0,0.922,0.944","0.85,0.81,0.917",0.096
AGE0001301,AGE_SEX,9d,Ray Lab Data - 9d_significant.csv,de062c71aa5996076f81567e08b590e48e73f510db466598124e5cf57aa18375,349,FBgn0283657;A5SS:chrX:3720513-3721376:3720322-3721376:+,FBgn0283657;A5:X:3720513-3721376:3720322-3721376:+,A5SS,chrX,+,3720513-3721376:3720322-3721376,No,-0.108,0.003063518993,0.05888083505,9d_male_vs_female,9d,A5SS,No,Higher inclusion in female,2050,FBgn0283657,Tlk,chrX,+,3720006,3720513,3720006,3720322,3721375,3721647,2050,"104,308,422","99,479,555","367,398,486","164,458,392",310,119,0.003063518993,0.05888083505,"0.287,0.198,0.226","0.462,0.25,0.322",-0.108
AGE0001302,AGE_SEX,9d,Ray Lab Data - 9d_significant.csv,de062c71aa5996076f81567e08b590e48e73f510db466598124e5cf57aa18375,350,FBgn0265959;A5SS:chr3L:20248325-20255898:20248150-20255898:+,FBgn0265959;A5:3L:20248325-20255898:20248150-20255898:+,A5SS,chr3L,+,20248325-20255898:20248150-20255898,No,0.352,0.003408472852,0.06422632178,9d_male_vs_female,9d,A5SS,No,Higher inclusion in male,846,FBgn0265959,rdgC,chr3L,+,20248079,20248325,20248079,20248150,20255897,20256638,846,"16,1,12","3,1,0","6,8,4","9,6,3",294,119,0.003408472852,0.06422632178,"0.683,0.288,1.0","0.212,0.351,0.351",0.352
AGE0001303,AGE_SEX,9d,Ray Lab Data - 9d_significant.csv,de062c71aa5996076f81567e08b590e48e73f510db466598124e5cf57aa18375,351,FBgn0016976;A5SS:chrX:22995914-23004550:22995914-23004612:-,FBgn0016976;A5:X:22995914-23004550:22995914-23004612:-,A5SS,chrX,-,22995914-23004550:22995914-23004612,No,-0.075,0.003643534569,0.06606484379,9d_male_vs_female,9d,A5SS,No,Higher inclusion in female,2404,FBgn0016976,stnA,chrX,-,23004549,23004648,23004611,23004648,22994483,22995914,2404,"161,187,153","438,1029,1096","355,188,129","493,586,639",181,119,0.003643534569,0.06606484379,"0.195,0.107,0.084","0.321,0.174,0.117",-0.075
AGE0001304,AGE_SEX,9d,Ray Lab Data - 9d_significant.csv,de062c71aa5996076f81567e08b590e48e73f510db466598124e5cf57aa18375,352,FBgn0011259;A5SS:chr2L:8543715-8544544:8543674-8544544:+,FBgn0011259;A5:2L:8543715-8544544:8543674-8544544:+,A5SS,chr2L,+,8543715-8544544:8543674-8544544,No,-0.04,0.00358393027,0.06606484379,9d_male_vs_female,9d,A5SS,No,Higher inclusion in female,1419,FBgn0011259,Sema1a,chr2L,+,8543329,8543715,8543329,8543674,8544543,8545233,1419,"179,619,601","15,41,53","355,427,484","10,17,32",160,119,0.00358393027,0.06606484379,"0.899,0.918,0.894","0.964,0.949,0.918",-0.04
AGE0001305,AGE_SEX,9d,Ray Lab Data - 9d_significant.csv,de062c71aa5996076f81567e08b590e48e73f510db466598124e5cf57aa18375,353,FBgn0039904;A5SS:chr4:360284-360587:359980-360587:+,FBgn0039904;A5:4:360284-360587:359980-360587:+,A5SS,chr4,+,360284-360587:359980-360587,No,0.509,0.00394447744,0.07019708926,9d_male_vs_female,9d,A5SS,No,Higher inclusion in male,1828,FBgn0039904,Hcf,chr4,+,359937,360284,359937,359980,360586,361006,1828,"1,35,16","0,0,0","9,3,3","1,1,2",423,119,0.00394447744,0.07019708926,"1.0,1.0,1.0","0.717,0.458,0.297",0.509
AGE0001306,AGE_SEX,9d,Ray Lab Data - 9d_significant.csv,de062c71aa5996076f81567e08b590e48e73f510db466598124e5cf57aa18375,354,FBgn0030719;A5SS:chrX:15991382-15991822:15991382-15991893:-,FBgn0030719;A5:X:15991382-15991822:15991382-15991893:-,A5SS,chrX,-,15991382-15991822:15991382-15991893,No,-0.019,0.004056689386,0.07088142727,9d_male_vs_female,9d,A5SS,No,Higher inclusion in female,2214,FBgn0030719,eIF5,chrX,-,15991821,15991974,15991892,15991974,15991082,15991382,2214,"404,807,726","10,8,10","636,622,515","4,2,1",190,119,0.004056689386,0.07088142727,"0.962,0.984,0.978","0.99,0.995,0.997",-0.019
AGE0001307,AGE_SEX,9d,Ray Lab Data - 9d_significant.csv,de062c71aa5996076f81567e08b590e48e73f510db466598124e5cf57aa18375,355,FBgn0000179;A5SS:chrX:4427539-4428198:4427352-4428198:+,FBgn0000179;A5:X:4427539-4428198:4427352-4428198:+,A5SS,chrX,+,4427539-4428198:4427352-4428198,No,0.045,0.004140732634,0.07105792967,9d_male_vs_female,9d,A5SS,No,Higher inclusion in male,1136,FBgn0000179,bi,chrX,+,4427134,4427539,4427134,4427352,4428197,4429498,1136,"235,635,1183","5,19,21","261,357,732","14,14,28",306,119,0.004140732634,0.07105792967,"0.948,0.929,0.956","0.879,0.908,0.91",0.045
AGE0001308,AGE_SEX,9d,Ray Lab Data - 9d_significant.csv,de062c71aa5996076f81567e08b590e48e73f510db466598124e5cf57aa18375,356,FBgn0264574;A5SS:chr3L:914609-915639:914218-915639:+,FBgn0264574;A5:3L:914609-915639:914218-915639:+,A5SS,chr3L,+,914609-915639:914218-915639,No,0.224,0.004579981552,0.07721688196,9d_male_vs_female,9d,A5SS,No,Higher inclusion in male,320,FBgn0264574,Glut1,chr3L,+,914073,914609,914073,914218,915638,915809,320,"44,45,111","1,4,5","80,37,67","15,9,5",510,119,0.004579981552,0.07721688196,"0.911,0.724,0.838","0.554,0.49,0.758",0.224
AGE0001309,AGE_SEX,9d,Ray Lab Data - 9d_significant.csv,de062c71aa5996076f81567e08b590e48e73f510db466598124e5cf57aa18375,357,FBgn0262976;A5SS:chrX:8408778-8408865:8408778-8409403:-,FBgn0262976;A5:X:8408778-8408865:8408778-8409403:-,A5SS,chrX,-,8408778-8408865:8408778-8409403,No,0.147,0.004708223806,0.07801039788,9d_male_vs_female,9d,A5SS,No,Higher inclusion in male,945,FBgn0262976,lawc,chrX,-,8408864,8410098,8409402,8410098,8408518,8408778,945,"148,176,143","2,7,6","179,135,138","16,12,7",657,119,0.004708223806,0.07801039788,"0.931,0.82,0.812","0.67,0.671,0.781",0.147
AGE0001310,AGE_SEX,9d,Ray Lab Data - 9d_significant.csv,de062c71aa5996076f81567e08b590e48e73f510db466598124e5cf57aa18375,358,FBgn0039904;A5SS:chr4:360358-360587:359980-360587:+,FBgn0039904;A5:4:360358-360587:359980-360587:+,A5SS,chr4,+,360358-360587:359980-360587,No,0.476,0.004839782785,0.07883103824,9d_male_vs_female,9d,A5SS,No,Higher inclusion in male,1829,FBgn0039904,Hcf,chr4,+,359937,360358,359937,359980,360586,361006,1829,"1,22,16","0,0,0","9,7,3","1,1,2",497,119,0.004839782785,0.07883103824,"1.0,1.0,1.0","0.683,0.626,0.264",0.476
AGE0001311,AGE_SEX,9d,Ray Lab Data - 9d_significant.csv,de062c71aa5996076f81567e08b590e48e73f510db466598124e5cf57aa18375,359,FBgn0264822;A5SS:chr4:960038-962401:959846-962401:+,FBgn0264822;A5:4:960038-962401:959846-962401:+,A5SS,chr4,+,960038-962401:959846-962401,No,0.12,0.004950412186,0.07928910184,9d_male_vs_female,9d,A5SS,No,Higher inclusion in male,704,FBgn0264822,asRNA:CR44030,chr4,+,959674,960038,959674,959846,962400,962692,704,"4,10,7","0,1,0","16,8,2","8,0,0",311,119,0.004950412186,0.07928910184,"1.0,0.793,1.0","0.434,1.0,1.0",0.12
AGE0001312,AGE_SEX,9d,Ray Lab Data - 9d_significant.csv,de062c71aa5996076f81567e08b590e48e73f510db466598124e5cf57aa18375,360,FBgn0263397;A5SS:chr2R:14276526-14277281:14276406-14277281:+,FBgn0263397;A5:2R:14276526-14277281:14276406-14277281:+,A5SS,chr2R,+,14276526-14277281:14276406-14277281,No,-0.048,0.005182111914,0.08163950081,9d_male_vs_female,9d,A5SS,No,Higher inclusion in female,2467,FBgn0263397,Ih,chr2R,+,14276129,14276526,14276129,14276406,14277280,14279642,2467,"307,1220,1284","35,104,134","550,872,958","38,63,60",239,119,0.005182111914,0.08163950081,"0.814,0.854,0.827","0.878,0.873,0.888",-0.048
AGE0001313,AGE_SEX,9d,Ray Lab Data - 9d_significant.csv,de062c71aa5996076f81567e08b590e48e73f510db466598124e5cf57aa18375,361,FBgn0028875;A5SS:chr2L:14040394-14041321:14040221-14041321:+,FBgn0028875;A5:2L:14040394-14041321:14040221-14041321:+,A5SS,chr2L,+,14040394-14041321:14040221-14041321,No,-0.078,0.005554552482,0.08609556347,9d_male_vs_female,9d,A5SS,No,Higher inclusion in female,1571,FBgn0028875,nAChRalpha5,chr2L,+,14040169,14040394,14040169,14040221,14041320,14042234,1571,"348,604,567","116,162,146","499,386,442","98,84,87",292,119,0.005554552482,0.08609556347,"0.55,0.603,0.613","0.675,0.652,0.674",-0.078
AGE0001314,AGE_SEX,9d,Ray Lab Data - 9d_significant.csv,de062c71aa5996076f81567e08b590e48e73f510db466598124e5cf57aa18375,362,FBgn0004638;A5SS:chr2R:13502091-13502691:13502091-13502789:-,FBgn0004638;A5:2R:13502091-13502691:13502091-13502789:-,A5SS,chr2R,-,13502091-13502691:13502091-13502789,No,0.179,0.005858800755,0.08936996073,9d_male_vs_female,9d,A5SS,No,Higher inclusion in male,1963,FBgn0004638,drk,chr2R,-,13502690,13502841,13502788,13502841,13501812,13502091,1963,"19,7,7","0,0,0","37,11,1","0,7,0",217,119,0.005858800755,0.08936996073,"1.0,1.0,1.0","1.0,0.463,1.0",0.179
AGE0001315,AGE_SEX,9d,Ray Lab Data - 9d_significant.csv,de062c71aa5996076f81567e08b590e48e73f510db466598124e5cf57aa18375,363,FBgn0003218;A5SS:chrX:13762945-13767787:13762868-13767787:+,FBgn0003218;A5:X:13762945-13767787:13762868-13767787:+,A5SS,chrX,+,13762945-13767787:13762868-13767787,No,-0.173,0.005999487067,0.09008604799,9d_male_vs_female,9d,A5SS,No,Higher inclusion in female,1750,FBgn0003218,rdgB,chrX,+,13762751,13762945,13762751,13762868,13767786,13768157,1750,"11,11,6","1,4,1","13,8,7","2,0,0",196,119,0.005999487067,0.09008604799,"0.87,0.625,0.785","0.798,1.0,1.0",-0.173
AGE0001316,AGE_SEX,9d,Ray Lab Data - 9d_significant.csv,de062c71aa5996076f81567e08b590e48e73f510db466598124e5cf57aa18375,364,FBgn0032516;A5SS:chr2L:13386257-13386488:13386257-13386530:-,FBgn0032516;A5:2L:13386257-13386488:13386257-13386530:-,A5SS,chr2L,-,13386257-13386488:13386257-13386530,No,0.196,0.006425193022,0.09328760576,9d_male_vs_female,9d,A5SS,No,Higher inclusion in male,1679,FBgn0032516,Ing5,chr2L,-,13386487,13386690,13386529,13386690,13386098,13386257,1679,"3,3,2","2,15,22","0,0,3","23,21,15",161,119,0.006425193022,0.09328760576,"0.526,0.129,0.063","0.0,0.0,0.129",0.196
AGE0001317,AGE_SEX,9d,Ray Lab Data - 9d_significant.csv,de062c71aa5996076f81567e08b590e48e73f510db466598124e5cf57aa18375,365,FBgn0086758;A5SS:chr2L:1651429-1652775:1651411-1652775:+,FBgn0086758;A5:2L:1651429-1652775:1651411-1652775:+,A5SS,chr2L,+,1651429-1652775:1651411-1652775,No,-0.184,0.006583694333,0.09328760576,9d_male_vs_female,9d,A5SS,No,Higher inclusion in female,1376,FBgn0086758,chinmo,chr2L,+,1651257,1651429,1651257,1651411,1652774,1653835,1376,"12,38,27","4,10,21","19,28,21","6,3,1",137,119,0.006583694333,0.09328760576,"0.723,0.767,0.528","0.733,0.89,0.948",-0.184
AGE0001318,AGE_SEX,9d,Ray Lab Data - 9d_significant.csv,de062c71aa5996076f81567e08b590e48e73f510db466598124e5cf57aa18375,366,FBgn0051635;A5SS:chr2L:6646947-6647921:6646947-6647998:-,FBgn0051635;A5:2L:6646947-6647921:6646947-6647998:-,A5SS,chr2L,-,6646947-6647921:6646947-6647998,No,-0.04,0.006600996037,0.09328760576,9d_male_vs_female,9d,A5SS,No,Higher inclusion in female,1628,FBgn0051635,CG31635,chr2L,-,6647920,6648145,6647997,6648145,6645971,6646947,1628,"168,396,396","9,36,27","197,304,295","8,11,14",196,119,0.006600996037,0.09328760576,"0.919,0.87,0.899","0.937,0.944,0.928",-0.04
AGE0001319,AGE_SEX,9d,Ray Lab Data - 9d_significant.csv,de062c71aa5996076f81567e08b590e48e73f510db466598124e5cf57aa18375,367,FBgn0026418;A5SS:chr3L:14037412-14037478:14037136-14037478:+,FBgn0026418;A5:3L:14037412-14037478:14037136-14037478:+,A5SS,chr3L,+,14037412-14037478:14037136-14037478,No,-0.023,0.006470913124,0.09328760576,9d_male_vs_female,9d,A5SS,No,Higher inclusion in female,53,FBgn0026418,Hsp110,chr3L,+,14037018,14037412,14037018,14037136,14037477,14037750,53,"428,1062,1019","6,12,16","682,920,812","2,3,10",395,119,0.006470913124,0.09328760576,"0.956,0.964,0.95","0.99,0.989,0.961",-0.023
AGE0001320,AGE_SEX,9d,Ray Lab Data - 9d_significant.csv,de062c71aa5996076f81567e08b590e48e73f510db466598124e5cf57aa18375,368,FBgn0037098;A5SS:chr3L:21554180-21554381:21554180-21554554:-,FBgn0037098;A5:3L:21554180-21554381:21554180-21554554:-,A5SS,chr3L,-,21554180-21554381:21554180-21554554,No,-0.433,0.006764706064,0.0942156888,9d_male_vs_female,9d,A5SS,No,Higher inclusion in female,2228,FBgn0037098,Wnk,chr3L,-,21554380,21554928,21554553,21554928,21554024,21554180,2228,"0,7,0","12,6,7","19,12,0","0,3,4",292,119,0.006764706064,0.0942156888,"0.0,0.322,0.0","1.0,0.62,0.0",-0.433
AGE0001321,AGE_SEX,9d,Ray Lab Data - 9d_significant.csv,de062c71aa5996076f81567e08b590e48e73f510db466598124e5cf57aa18375,369,FBgn0051140;A5SS:chr3R:23963233-23965805:23963223-23965805:+,FBgn0051140;A5:3R:23963233-23965805:23963223-23965805:+,A5SS,chr3R,+,23963233-23965805:23963223-23965805,No,0.257,0.00688309097,0.09449500603,9d_male_vs_female,9d,A5SS,No,Higher inclusion in male,1035,FBgn0051140,CG31140,chr3R,+,23963179,23963233,23963179,23963223,23965804,23966702,1035,"23,2,2","1,5,3","2,0,1","1,5,4",129,119,0.00688309097,0.09449500603,"0.955,0.27,0.381","0.649,0.0,0.187",0.257
AGE0001322,AGE_SEX,9d,Ray Lab Data - 9d_significant.csv,de062c71aa5996076f81567e08b590e48e73f510db466598124e5cf57aa18375,370,FBgn0267001;A5SS:chrX:12203996-12204139:12203978-12204139:+,FBgn0267001;A5:X:12203996-12204139:12203978-12204139:+,A5SS,chrX,+,12203996-12204139:12203978-12204139,No,-0.084,0.007047126652,0.09538434807,9d_male_vs_female,9d,A5SS,No,Higher inclusion in female,260,FBgn0267001,Ten-a,chrX,+,12203797,12203996,12203797,12203978,12204138,12204409,260,"42,168,194","67,289,311","90,151,172","104,145,237",137,119,0.007047126652,0.09538434807,"0.353,0.336,0.351","0.429,0.475,0.387",-0.084
AGE0001323,AGE_SEX,9d,Ray Lab Data - 9d_significant.csv,de062c71aa5996076f81567e08b590e48e73f510db466598124e5cf57aa18375,371,FBgn0037659;A5SS:chr3R:9052627-9053536:9052575-9053536:+,FBgn0037659;A5:3R:9052627-9053536:9052575-9053536:+,A5SS,chr3R,+,9052627-9053536:9052575-9053536,No,0.069,0.00811080553,0.1082567238,9d_male_vs_female,9d,A5SS,No,Higher inclusion in male,777,FBgn0037659,Kdm2,chr3R,+,9052494,9052627,9052494,9052575,9053535,9053759,777,"1,45,28","0,0,2","32,15,19","6,1,0",171,119,0.00811080553,0.1082567238,"1.0,1.0,0.907","0.788,0.913,1.0",0.069
AGE0001324,AGE_SEX,9d,Ray Lab Data - 9d_significant.csv,de062c71aa5996076f81567e08b590e48e73f510db466598124e5cf57aa18375,372,FBgn0263456;A5SS:chr3L:9137964-9138582:9137889-9138582:+,FBgn0263456;A5:3L:9137964-9138582:9137889-9138582:+,A5SS,chr3L,+,9137964-9138582:9137889-9138582,No,-0.182,0.008388854785,0.110434102,9d_male_vs_female,9d,A5SS,No,Higher inclusion in female,392,FBgn0263456,nwk,chr3L,+,9137859,9137964,9137859,9137889,9138581,9138697,392,"9,4,6","6,1,2","13,4,8","0,2,1",194,119,0.008388854785,0.110434102,"0.479,0.71,0.648","1.0,0.551,0.831",-0.182
AGE0001325,AGE_SEX,9d,Ray Lab Data - 9d_significant.csv,de062c71aa5996076f81567e08b590e48e73f510db466598124e5cf57aa18375,373,FBgn0263289;A5SS:chr3R:26536592-26537371:26536397-26537371:+,FBgn0263289;A5:3R:26536592-26537371:26536397-26537371:+,A5SS,chr3R,+,26536592-26537371:26536397-26537371,No,-0.32,0.009407089591,0.1172857108,9d_male_vs_female,9d,A5SS,No,Higher inclusion in female,402,FBgn0263289,scrib,chr3R,+,26536349,26536592,26536349,26536397,26537370,26537784,402,"1,16,15","9,0,0","24,9,1","0,0,0",314,119,0.009407089591,0.1172857108,"0.04,1.0,1.0","1.0,1.0,1.0",-0.32
AGE0001326,AGE_SEX,9d,Ray Lab Data - 9d_significant.csv,de062c71aa5996076f81567e08b590e48e73f510db466598124e5cf57aa18375,374,FBgn0263289;A5SS:chr3R:26536601-26537371:26536397-26537371:+,FBgn0263289;A5:3R:26536601-26537371:26536397-26537371:+,A5SS,chr3R,+,26536601-26537371:26536397-26537371,No,-0.32,0.00915352466,0.1172857108,9d_male_vs_female,9d,A5SS,No,Higher inclusion in female,403,FBgn0263289,scrib,chr3R,+,26536349,26536601,26536349,26536397,26537370,26537784,403,"1,16,15","9,0,0","24,10,1","0,0,0",323,119,0.00915352466,0.1172857108,"0.039,1.0,1.0","1.0,1.0,1.0",-0.32
AGE0001327,AGE_SEX,9d,Ray Lab Data - 9d_significant.csv,de062c71aa5996076f81567e08b590e48e73f510db466598124e5cf57aa18375,375,FBgn0052767;A5SS:chrX:5082239-5082882:5082239-5082891:-,FBgn0052767;A5:X:5082239-5082882:5082239-5082891:-,A5SS,chrX,-,5082239-5082882:5082239-5082891,No,-0.245,0.009301157812,0.1172857108,9d_male_vs_female,9d,A5SS,No,Higher inclusion in female,1130,FBgn0052767,CG32767,chrX,-,5082881,5083025,5082890,5083025,5081485,5082239,1130,"7,9,11","35,14,13","22,16,4","18,5,5",128,119,0.009301157812,0.1172857108,"0.157,0.374,0.44","0.532,0.748,0.427",-0.245
AGE0001328,AGE_SEX,9d,Ray Lab Data - 9d_significant.csv,de062c71aa5996076f81567e08b590e48e73f510db466598124e5cf57aa18375,376,FBgn0263995;A5SS:chr3R:17944286-17947194:17944213-17947194:+,FBgn0263995;A5:3R:17944286-17947194:17944213-17947194:+,A5SS,chr3R,+,17944286-17947194:17944213-17947194,No,0.071,0.009266729136,0.1172857108,9d_male_vs_female,9d,A5SS,No,Higher inclusion in male,1605,FBgn0263995,cpo,chr3R,+,17944105,17944286,17944105,17944213,17947193,17947598,1605,"9,27,22","0,0,1","29,31,28","7,0,0",192,119,0.009266729136,0.1172857108,"1.0,1.0,0.932","0.72,1.0,1.0",0.071
AGE0001329,AGE_SEX,9d,Ray Lab Data - 9d_significant.csv,de062c71aa5996076f81567e08b590e48e73f510db466598124e5cf57aa18375,377,FBgn0267001;A5SS:chrX:12203984-12204139:12203878-12204139:+,FBgn0267001;A5:X:12203984-12204139:12203878-12204139:+,A5SS,chrX,+,12203984-12204139:12203878-12204139,No,0.058,0.009519547811,0.1172857108,9d_male_vs_female,9d,A5SS,No,Higher inclusion in male,257,FBgn0267001,Ten-a,chrX,+,12203797,12203984,12203797,12203878,12204138,12204409,257,"548,787,777","43,118,71","915,602,545","110,116,81",225,119,0.009519547811,0.1172857108,"0.871,0.779,0.853","0.815,0.733,0.781",0.058
AGE0001330,AGE_SEX,9d,Ray Lab Data - 9d_significant.csv,de062c71aa5996076f81567e08b590e48e73f510db466598124e5cf57aa18375,378,FBgn0261239;A5SS:chr2L:21237420-21238281:21237346-21238281:+,FBgn0261239;A5:2L:21237420-21238281:21237346-21238281:+,A5SS,chr2L,+,21237420-21238281:21237346-21238281,No,-0.472,0.009750071171,0.1181149888,9d_male_vs_female,9d,A5SS,No,Higher inclusion in female,2586,FBgn0261239,Hr39,chr2L,+,21237249,21237420,21237249,21237346,21238280,21238565,2586,"8,1,0","1,4,7","3,1,2","3,0,0",193,119,0.009750071171,0.1181149888,"0.831,0.134,0.0","0.381,1.0,1.0",-0.472
AGE0001331,AGE_SEX,9d,Ray Lab Data - 9d_significant.csv,de062c71aa5996076f81567e08b590e48e73f510db466598124e5cf57aa18375,379,FBgn0264270;A5SS:chrX:7092122-7097945:7092122-7098001:-,FBgn0264270;A5:X:7092122-7097945:7092122-7098001:-,A5SS,chrX,-,7092122-7097945:7092122-7098001,No,0.109,0.009832673367,0.1181149888,9d_male_vs_female,9d,A5SS,No,Higher inclusion in male,1696,FBgn0264270,Sxl,chrX,-,7097944,7098053,7098000,7098053,7091673,7092122,1696,"58,29,27","1,3,1","95,25,49","3,6,10",175,119,0.009832673367,0.1181149888,"0.975,0.868,0.948","0.956,0.739,0.769",0.109
AGE0001332,AGE_SEX,9d,Ray Lab Data - 9d_significant.csv,de062c71aa5996076f81567e08b590e48e73f510db466598124e5cf57aa18375,380,FBgn0004648;A5SS:chrX:500974-501985:500608-501985:+,FBgn0004648;A5:X:500974-501985:500608-501985:+,A5SS,chrX,+,500974-501985:500608-501985,No,0.248,0.01033337904,0.1196631325,9d_male_vs_female,9d,A5SS,No,Higher inclusion in male,721,FBgn0004648,svr,chrX,+,499957,500974,499957,500608,501984,502220,721,"2,34,22","0,0,3","25,27,28","12,3,1",485,119,0.01033337904,0.1196631325,"1.0,1.0,0.643","0.338,0.688,0.873",0.248
AGE0001333,AGE_SEX,9d,Ray Lab Data - 9d_significant.csv,de062c71aa5996076f81567e08b590e48e73f510db466598124e5cf57aa18375,381,FBgn0039431;A5SS:chr3R:26532422-26534954:26532422-26535159:-,FBgn0039431;A5:3R:26532422-26534954:26532422-26535159:-,A5SS,chr3R,-,26532422-26534954:26532422-26535159,No,-0.037,0.01033510926,0.1196631325,9d_male_vs_female,9d,A5SS,No,Higher inclusion in female,519,FBgn0039431,plum,chr3R,-,26534953,26535217,26535158,26535217,26532112,26532422,519,"432,518,562","18,32,32","827,485,350","20,14,20",324,119,0.01033510926,0.1196631325,"0.898,0.856,0.866","0.938,0.927,0.865",-0.037
AGE0001334,AGE_SEX,9d,Ray Lab Data - 9d_significant.csv,de062c71aa5996076f81567e08b590e48e73f510db466598124e5cf57aa18375,382,FBgn0003435;A5SS:chr2R:19629070-19630853:19629070-19631037:-,FBgn0003435;A5:2R:19629070-19630853:19629070-19631037:-,A5SS,chr2R,-,19629070-19630853:19629070-19631037,No,0.019,0.01017703732,0.1196631325,9d_male_vs_female,9d,A5SS,No,Higher inclusion in male,1974,FBgn0003435,sm,chr2R,-,19630852,19631508,19631036,19631508,19628480,19629070,1974,"8,105,94","177,482,259","31,42,46","268,382,209",303,119,0.01017703732,0.1196631325,"0.017,0.079,0.125","0.043,0.041,0.08",0.019
AGE0001335,AGE_SEX,9d,Ray Lab Data - 9d_significant.csv,de062c71aa5996076f81567e08b590e48e73f510db466598124e5cf57aa18375,383,FBgn0026076;A5SS:chrX:15852739-15853053:15852739-15853143:-,FBgn0026076;A5:X:15852739-15853053:15852739-15853143:-,A5SS,chrX,-,15852739-15853053:15852739-15853143,No,-0.093,0.01051511805,0.1202979577,9d_male_vs_female,9d,A5SS,No,Higher inclusion in female,2318,FBgn0026076,UBL3,chrX,-,15853052,15853175,15853142,15853175,15851584,15852739,2318,"23,81,81","3,6,4","24,61,75","0,3,1",209,119,0.01051511805,0.1202979577,"0.814,0.885,0.92","1.0,0.92,0.977",-0.093
AGE0001336,AGE_SEX,9d,Ray Lab Data - 9d_significant.csv,de062c71aa5996076f81567e08b590e48e73f510db466598124e5cf57aa18375,384,FBgn0020445;A5SS:chr2L:3353714-3353839:3353714-3354591:-,FBgn0020445;A5:2L:3353714-3353839:3353714-3354591:-,A5SS,chr2L,-,3353714-3353839:3353714-3354591,No,-0.3,0.01214165398,0.1356759241,9d_male_vs_female,9d,A5SS,No,Higher inclusion in female,650,FBgn0020445,E23,chr2L,-,3353838,3354829,3354590,3354829,3352475,3353714,650,"17,4,14","0,5,0","42,10,5","0,0,0",871,119,0.01214165398,0.1356759241,"1.0,0.099,1.0","1.0,1.0,1.0",-0.3
AGE0001337,AGE_SEX,9d,Ray Lab Data - 9d_significant.csv,de062c71aa5996076f81567e08b590e48e73f510db466598124e5cf57aa18375,385,FBgn0039431;A5SS:chr3R:26532422-26535008:26532422-26535159:-,FBgn0039431;A5:3R:26532422-26535008:26532422-26535159:-,A5SS,chr3R,-,26532422-26535008:26532422-26535159,No,-0.032,0.01209807623,0.1356759241,9d_male_vs_female,9d,A5SS,No,Higher inclusion in female,520,FBgn0039431,plum,chr3R,-,26535007,26535217,26535158,26535217,26532112,26532422,520,"412,453,482","18,32,32","792,398,293","20,14,20",270,119,0.01209807623,0.1356759241,"0.91,0.862,0.869","0.946,0.926,0.866",-0.032
AGE0001338,AGE_SEX,9d,Ray Lab Data - 9d_significant.csv,de062c71aa5996076f81567e08b590e48e73f510db466598124e5cf57aa18375,386,FBgn0026076;A5SS:chrX:15852739-15853042:15852739-15853143:-,FBgn0026076;A5:X:15852739-15853042:15852739-15853143:-,A5SS,chrX,-,15852739-15853042:15852739-15853143,No,-0.081,0.01240931993,0.1370730627,9d_male_vs_female,9d,A5SS,No,Higher inclusion in female,2317,FBgn0026076,UBL3,chrX,-,15853041,15853175,15853142,15853175,15851584,15852739,2317,"27,103,112","3,6,4","31,75,99","0,3,1",220,119,0.01240931993,0.1370730627,"0.83,0.903,0.938","1.0,0.931,0.982",-0.081
AGE0001339,AGE_SEX,9d,Ray Lab Data - 9d_significant.csv,de062c71aa5996076f81567e08b590e48e73f510db466598124e5cf57aa18375,387,FBgn0261260;A5SS:chrX:9473266-9499874:9473266-9499886:-,FBgn0261260;A5:X:9473266-9499874:9473266-9499886:-,A5SS,chrX,-,9473266-9499874:9473266-9499886,No,-0.2,0.01273660971,0.1382316789,9d_male_vs_female,9d,A5SS,No,Higher inclusion in female,2590,FBgn0261260,mgl,chrX,-,9499873,9500129,9499885,9500129,9471998,9473266,2590,"43,37,34","46,15,61","33,27,26","10,11,13",131,119,0.01273660971,0.1382316789,"0.459,0.691,0.336","0.75,0.69,0.645",-0.2
AGE0001340,AGE_SEX,9d,Ray Lab Data - 9d_significant.csv,de062c71aa5996076f81567e08b590e48e73f510db466598124e5cf57aa18375,388,FBgn0032151;A5SS:chr2L:9878025-9885726:9878025-9885932:-,FBgn0032151;A5:2L:9878025-9885726:9878025-9885932:-,A5SS,chr2L,-,9878025-9885726:9878025-9885932,No,0.101,0.01280189326,0.1382316789,9d_male_vs_female,9d,A5SS,No,Higher inclusion in male,2361,FBgn0032151,nAChRalpha6,chr2L,-,9885725,9886250,9885931,9886250,9877101,9878025,2361,"345,1751,1628","24,337,163","451,1129,1143","112,190,183",325,119,0.01280189326,0.1382316789,"0.84,0.655,0.785","0.596,0.685,0.696",0.101
AGE0001341,AGE_SEX,9d,Ray Lab Data - 9d_significant.csv,de062c71aa5996076f81567e08b590e48e73f510db466598124e5cf57aa18375,389,FBgn0004373;A5SS:chr3L:314317-318991:314317-319747:-,FBgn0004373;A5:3L:314317-318991:314317-319747:-,A5SS,chr3L,-,314317-318991:314317-319747,No,-0.112,0.01425105593,0.1521696083,9d_male_vs_female,9d,A5SS,No,Higher inclusion in female,664,FBgn0004373,fwd,chr3L,-,318990,319884,319746,319884,313023,314317,664,"152,133,105","4,5,5","276,115,94","1,4,1",875,119,0.01425105593,0.1521696083,"0.838,0.783,0.741","0.974,0.796,0.927",-0.112
AGE0001342,AGE_SEX,9d,Ray Lab Data - 9d_significant.csv,de062c71aa5996076f81567e08b590e48e73f510db466598124e5cf57aa18375,390,FBgn0058263;A5SS:chr2R:2495023-2521441:2495023-2522393:-,FBgn0058263;A5:2R:2495023-2521441:2495023-2522393:-,A5SS,chr2R,-,2495023-2521441:2495023-2522393,No,0.074,0.01445557267,0.1526572015,9d_male_vs_female,9d,A5SS,No,Higher inclusion in male,1889,FBgn0058263,MFS17,chr2R,-,2521440,2522511,2522392,2522511,2494741,2495023,1889,"210,777,817","35,148,216","438,545,570","103,181,172",1071,119,0.01445557267,0.1526572015,"0.4,0.368,0.296","0.321,0.251,0.269",0.074
AGE0001343,AGE_SEX,9d,Ray Lab Data - 9d_significant.csv,de062c71aa5996076f81567e08b590e48e73f510db466598124e5cf57aa18375,391,FBgn0267001;A5SS:chrX:12203996-12204139:12203878-12204139:+,FBgn0267001;A5:X:12203996-12204139:12203878-12204139:+,A5SS,chrX,+,12203996-12204139:12203878-12204139,No,0.061,0.01505682318,0.1572783378,9d_male_vs_female,9d,A5SS,No,Higher inclusion in male,258,FBgn0267001,Ten-a,chrX,+,12203797,12203996,12203797,12203878,12204138,12204409,258,"492,753,739","43,118,71","896,551,510","110,116,81",237,119,0.01505682318,0.1572783378,"0.852,0.762,0.839","0.804,0.705,0.76",0.061
AGE0001344,AGE_SEX,9d,Ray Lab Data - 9d_significant.csv,de062c71aa5996076f81567e08b590e48e73f510db466598124e5cf57aa18375,392,FBgn0011754;A5SS:chrX:11695279-11695824:11695263-11695824:+,FBgn0011754;A5:X:11695279-11695824:11695263-11695824:+,A5SS,chrX,+,11695279-11695824:11695263-11695824,No,-0.178,0.01708773285,0.1765732395,9d_male_vs_female,9d,A5SS,No,Higher inclusion in female,2152,FBgn0011754,PhKgamma,chrX,+,11695136,11695279,11695136,11695263,11695823,11695939,2152,"6,12,5","0,3,2","5,8,3","0,0,0",135,119,0.01708773285,0.1765732395,"1.0,0.779,0.688","1.0,1.0,1.0",-0.178
AGE0001345,AGE_SEX,9d,Ray Lab Data - 9d_significant.csv,de062c71aa5996076f81567e08b590e48e73f510db466598124e5cf57aa18375,393,FBgn0259170;A5SS:chrX:10324356-10325676:10324356-10325784:-,FBgn0259170;A5:X:10324356-10325676:10324356-10325784:-,A5SS,chrX,-,10324356-10325676:10324356-10325784,No,0.256,0.01733387007,0.1768670091,9d_male_vs_female,9d,A5SS,No,Higher inclusion in male,2500,FBgn0259170,alpha-Man-Ia,chrX,-,10325675,10325958,10325783,10325958,10323565,10324356,2500,"3,10,6","0,0,0","11,32,4","0,0,7",227,119,0.01733387007,0.1768670091,"1.0,1.0,1.0","1.0,1.0,0.231",0.256
AGE0001346,AGE_SEX,9d,Ray Lab Data - 9d_significant.csv,de062c71aa5996076f81567e08b590e48e73f510db466598124e5cf57aa18375,394,FBgn0005278;A5SS:chr2L:108346-108588:108226-108588:+,FBgn0005278;A5:2L:108346-108588:108226-108588:+,A5SS,chr2L,+,108346-108588:108226-108588,No,-0.091,0.01748425168,0.1768670091,9d_male_vs_female,9d,A5SS,No,Higher inclusion in female,2111,FBgn0005278,Sams,chr2L,+,108132,108346,108132,108226,108587,108809,2111,"31,25,50","5,0,5","37,20,11","3,0,0",239,119,0.01748425168,0.1768670091,"0.755,1.0,0.833","0.86,1.0,1.0",-0.091
AGE0001347,AGE_SEX,9d,Ray Lab Data - 9d_significant.csv,de062c71aa5996076f81567e08b590e48e73f510db466598124e5cf57aa18375,395,FBgn0039723;A5SS:chr3R:29927797-29927870:29927517-29927870:+,FBgn0039723;A5:3R:29927797-29927870:29927517-29927870:+,A5SS,chr3R,+,29927797-29927870:29927517-29927870,No,0.333,0.01767768808,0.1769610234,9d_male_vs_female,9d,A5SS,No,Higher inclusion in male,490,FBgn0039723,CG15522,chr3R,+,29927254,29927797,29927254,29927517,29927869,29928121,490,"3,3,10","0,0,0","19,0,7","0,4,0",399,119,0.01767768808,0.1769610234,"1.0,1.0,1.0","1.0,0.0,1.0",0.333
AGE0001348,AGE_SEX,9d,Ray Lab Data - 9d_significant.csv,de062c71aa5996076f81567e08b590e48e73f510db466598124e5cf57aa18375,396,FBgn0010263;A5SS:chr2L:2960991-2961215:2960986-2961215:+,FBgn0010263;A5:2L:2960991-2961215:2960986-2961215:+,A5SS,chr2L,+,2960991-2961215:2960986-2961215,No,0.255,0.01793673659,0.1777031327,9d_male_vs_female,9d,A5SS,No,Higher inclusion in male,2217,FBgn0010263,Rbp9,chr2L,+,2960894,2960991,2960894,2960986,2961214,2961672,2217,"1,0,4","8,1,2","0,0,0","13,6,3",124,119,0.01793673659,0.1777031327,"0.107,0.0,0.657","0.0,0.0,0.0",0.255
AGE0001349,AGE_SEX,9d,Ray Lab Data - 9d_significant.csv,de062c71aa5996076f81567e08b590e48e73f510db466598124e5cf57aa18375,397,FBgn0045800;A5SS:chr2R:17699449-17699858:17699444-17699858:+,FBgn0045800;A5:2R:17699449-17699858:17699444-17699858:+,A5SS,chr2R,+,17699449-17699858:17699444-17699858,No,-0.063,0.01850282695,0.1814409867,9d_male_vs_female,9d,A5SS,No,Higher inclusion in female,1739,FBgn0045800,Uhg1,chr2R,+,17699350,17699449,17699350,17699444,17699857,17699897,1739,"22,20,31","2,5,2","14,26,22","2,1,0",124,119,0.01850282695,0.1814409867,"0.913,0.793,0.937","0.87,0.961,1.0",-0.063
AGE0001350,AGE_SEX,9d,Ray Lab Data - 9d_significant.csv,de062c71aa5996076f81567e08b590e48e73f510db466598124e5cf57aa18375,398,FBgn0011747;A5SS:chr4:129442-129555:129442-129670:-,FBgn0011747;A5:4:129442-129555:129442-129670:-,A5SS,chr4,-,129442-129555:129442-129670,No,-0.214,0.01888704131,0.1833378455,9d_male_vs_female,9d,A5SS,No,Higher inclusion in female,2096,FBgn0011747,Ank,chr4,-,129554,129754,129669,129754,129321,129442,2096,"14,11,16","22,0,2","16,13,7","0,3,0",234,119,0.01888704131,0.1833378455,"0.244,1.0,0.803","1.0,0.688,1.0",-0.214
AGE0001351,AGE_SEX,9d,Ray Lab Data - 9d_significant.csv,de062c71aa5996076f81567e08b590e48e73f510db466598124e5cf57aa18375,399,FBgn0052423;A5SS:chr3L:5163969-5166935:5163969-5166968:-,FBgn0052423;A5:3L:5163969-5166935:5163969-5166968:-,A5SS,chr3L,-,5163969-5166935:5163969-5166968,No,-0.122,0.01909783972,0.1835302397,9d_male_vs_female,9d,A5SS,No,Higher inclusion in female,2284,FBgn0052423,shep,chr3L,-,5166934,5167059,5166967,5167059,5163833,5163969,2284,"2,11,1","0,5,0","10,5,11","0,0,0",152,119,0.01909783972,0.1835302397,"1.0,0.633,1.0","1.0,1.0,1.0",-0.122
AGE0001352,AGE_SEX,9d,Ray Lab Data - 9d_significant.csv,de062c71aa5996076f81567e08b590e48e73f510db466598124e5cf57aa18375,400,FBgn0005536;A5SS:chr3L:16052174-16052755:16052150-16052755:+,FBgn0005536;A5:3L:16052174-16052755:16052150-16052755:+,A5SS,chr3L,+,16052174-16052755:16052150-16052755,No,0.056,0.01934954979,0.1841080925,9d_male_vs_female,9d,A5SS,No,Higher inclusion in male,65,FBgn0005536,Mbs,chr3L,+,16051958,16052174,16051958,16052150,16052754,16053560,65,"1,3,14","50,50,41","0,4,4","67,58,49",143,119,0.01934954979,0.1841080925,"0.016,0.048,0.221","0.0,0.054,0.064",0.056
AGE0001353,AGE_SEX,9d,Ray Lab Data - 9d_significant.csv,de062c71aa5996076f81567e08b590e48e73f510db466598124e5cf57aa18375,401,FBgn0036958;A5SS:chr3L:20240532-20241119:20240532-20241319:-,FBgn0036958;A5:3L:20240532-20241119:20240532-20241319:-,A5SS,chr3L,-,20240532-20241119:20240532-20241319,No,-0.083,0.02000013266,0.1884326224,9d_male_vs_female,9d,A5SS,No,Higher inclusion in female,95,FBgn0036958,CG17233,chr3L,-,20241118,20241518,20241318,20241518,20239862,20240532,95,"18,30,45","0,8,0","63,40,37","0,3,0",319,119,0.02000013266,0.1884326224,"1.0,0.583,1.0","1.0,0.833,1.0",-0.083
AGE0001354,AGE_SEX,9d,Ray Lab Data - 9d_significant.csv,de062c71aa5996076f81567e08b590e48e73f510db466598124e5cf57aa18375,402,FBgn0004598;A5SS:chrX:16373187-16374926:16373174-16374926:+,FBgn0004598;A5:X:16373187-16374926:16373174-16374926:+,A5SS,chrX,+,16373187-16374926:16373174-16374926,No,0.023,0.02052594819,0.1915090894,9d_male_vs_female,9d,A5SS,No,Higher inclusion in male,2476,FBgn0004598,Fur2,chrX,+,16373085,16373187,16373085,16373174,16374925,16375859,2476,"34,6,6","1,0,1","32,9,4","5,1,0",132,119,0.02052594819,0.1915090894,"0.968,1.0,0.844","0.852,0.89,1.0",0.023
AGE0001355,AGE_SEX,9d,Ray Lab Data - 9d_significant.csv,de062c71aa5996076f81567e08b590e48e73f510db466598124e5cf57aa18375,403,FBgn0051635;A5SS:chr2L:6646947-6647951:6646947-6647998:-,FBgn0051635;A5:2L:6646947-6647951:6646947-6647998:-,A5SS,chr2L,-,6646947-6647951:6646947-6647998,No,-0.055,0.02117086841,0.1956269668,9d_male_vs_female,9d,A5SS,No,Higher inclusion in female,1629,FBgn0051635,CG31635,chr2L,-,6647950,6648145,6647997,6648145,6645971,6646947,1629,"69,244,161","9,36,27","93,165,105","8,11,14",166,119,0.02117086841,0.1956269668,"0.846,0.829,0.81","0.893,0.915,0.843",-0.055
AGE0001356,AGE_SEX,9d,Ray Lab Data - 9d_significant.csv,de062c71aa5996076f81567e08b590e48e73f510db466598124e5cf57aa18375,404,FBgn0017418;A5SS:chrX:18137050-18137421:18137050-18137576:-,FBgn0017418;A5:X:18137050-18137421:18137050-18137576:-,A5SS,chrX,-,18137050-18137421:18137050-18137576,No,-0.011,0.02180109524,0.1995319288,9d_male_vs_female,9d,A5SS,No,Higher inclusion in female,2116,FBgn0017418,ari-1,chrX,-,18137420,18137685,18137575,18137685,18136441,18137050,2116,"2,6,4","108,141,165","20,1,3","148,112,118",274,119,0.02180109524,0.1995319288,"0.008,0.018,0.01","0.055,0.004,0.011",-0.011
AGE0001357,AGE_SEX,9d,Ray Lab Data - 9d_significant.csv,de062c71aa5996076f81567e08b590e48e73f510db466598124e5cf57aa18375,405,FBgn0036391;A5SS:chr3L:13986168-13992829:13986168-13992976:-,FBgn0036391;A5:3L:13986168-13992829:13986168-13992976:-,A5SS,chr3L,-,13986168-13992829:13986168-13992976,No,-0.27,0.02290163201,0.2039303207,9d_male_vs_female,9d,A5SS,No,Higher inclusion in female,1159,FBgn0036391,CG17364,chr3L,-,13992828,13993400,13992975,13993400,13985120,13986168,1159,"7,15,10","53,41,44","4,28,17","35,25,3",266,119,0.02290163201,0.2039303207,"0.056,0.141,0.092","0.049,0.334,0.717",-0.27
AGE0001358,AGE_SEX,9d,Ray Lab Data - 9d_significant.csv,de062c71aa5996076f81567e08b590e48e73f510db466598124e5cf57aa18375,406,FBgn0039431;A5SS:chr3R:26532422-26534724:26532422-26535159:-,FBgn0039431;A5:3R:26532422-26534724:26532422-26535159:-,A5SS,chr3R,-,26532422-26534724:26532422-26535159,No,-0.042,0.02291828786,0.2039303207,9d_male_vs_female,9d,A5SS,No,Higher inclusion in female,517,FBgn0039431,plum,chr3R,-,26534723,26535217,26535158,26535217,26532112,26532422,517,"586,667,720","18,32,32","1010,584,462","20,14,20",554,119,0.02291828786,0.2039303207,"0.875,0.817,0.829","0.916,0.9,0.832",-0.042
AGE0001359,AGE_SEX,9d,Ray Lab Data - 9d_significant.csv,de062c71aa5996076f81567e08b590e48e73f510db466598124e5cf57aa18375,407,FBgn0027111;A5SS:chr3L:267869-268220:267853-268220:+,FBgn0027111;A5:3L:267869-268220:267853-268220:+,A5SS,chr3L,+,267869-268220:267853-268220,No,-0.018,0.02290876439,0.2039303207,9d_male_vs_female,9d,A5SS,No,Higher inclusion in female,2408,FBgn0027111,miple1,chr3L,+,267763,267869,267763,267853,268219,268459,2408,"128,122,111","8,4,6","207,70,54","1,4,2",135,119,0.02290876439,0.2039303207,"0.934,0.964,0.942","0.995,0.939,0.96",-0.018
AGE0001360,AGE_SEX,9d,Ray Lab Data - 9d_significant.csv,de062c71aa5996076f81567e08b590e48e73f510db466598124e5cf57aa18375,408,FBgn0001218;A5SS:chrX:11805042-11806078:11805042-11806244:-,FBgn0001218;A5:X:11805042-11806078:11805042-11806244:-,A5SS,chrX,-,11805042-11806078:11805042-11806244,No,-0.08,0.02446494929,0.2154636258,9d_male_vs_female,9d,A5SS,No,Higher inclusion in female,171,FBgn0001218,Hsc70-3,chrX,-,11806077,11806353,11806243,11806353,11804896,11805042,171,"2,35,78","2,2,8","1,25,57","1,0,2",285,119,0.02446494929,0.2154636258,"0.295,0.88,0.803","0.295,1.0,0.922",-0.08
AGE0001361,AGE_SEX,9d,Ray Lab Data - 9d_significant.csv,de062c71aa5996076f81567e08b590e48e73f510db466598124e5cf57aa18375,409,FBgn0266098;A5SS:chrX:5086201-5089342:5085889-5089342:+,FBgn0266098;A5:X:5086201-5089342:5085889-5089342:+,A5SS,chrX,+,5086201-5089342:5085889-5089342,No,0.032,0.02466284998,0.2154636258,9d_male_vs_female,9d,A5SS,No,Higher inclusion in male,1048,FBgn0266098,rg,chrX,+,5085758,5086201,5085758,5085889,5089341,5090145,1048,"887,1371,1274","32,27,28","1373,1126,856","32,49,38",431,119,0.02466284998,0.2154636258,"0.884,0.933,0.926","0.922,0.864,0.861",0.032
AGE0001362,AGE_SEX,9d,Ray Lab Data - 9d_significant.csv,de062c71aa5996076f81567e08b590e48e73f510db466598124e5cf57aa18375,410,FBgn0051140;A5SS:chr3R:23963233-23965805:23963211-23965805:+,FBgn0051140;A5:3R:23963233-23965805:23963211-23965805:+,A5SS,chr3R,+,23963233-23965805:23963211-23965805,No,0.39,0.02659435139,0.2264504514,9d_male_vs_female,9d,A5SS,No,Higher inclusion in male,1034,FBgn0051140,CG31140,chr3R,+,23963179,23963233,23963179,23963211,23965804,23966702,1034,"23,2,5","0,2,4","6,0,1","5,1,2",141,119,0.02659435139,0.2264504514,"1.0,0.458,0.513","0.503,0.0,0.297",0.39
AGE0001363,AGE_SEX,9d,Ray Lab Data - 9d_significant.csv,de062c71aa5996076f81567e08b590e48e73f510db466598124e5cf57aa18375,411,FBgn0058263;A5SS:chr2R:2495023-2520579:2495023-2522393:-,FBgn0058263;A5:2R:2495023-2520579:2495023-2522393:-,A5SS,chr2R,-,2495023-2520579:2495023-2522393,No,0.117,0.02662736837,0.2264504514,9d_male_vs_female,9d,A5SS,No,Higher inclusion in male,1888,FBgn0058263,MFS17,chr2R,-,2520578,2522511,2522392,2522511,2494741,2495023,1888,"662,1591,1463","35,148,216","986,947,996","103,181,172",1933,119,0.02662736837,0.2264504514,"0.538,0.398,0.294","0.371,0.244,0.263",0.117
AGE0001364,AGE_SEX,9d,Ray Lab Data - 9d_significant.csv,de062c71aa5996076f81567e08b590e48e73f510db466598124e5cf57aa18375,412,FBgn0003392;A5SS:chrX:15892440-15892828:15892251-15892828:+,FBgn0003392;A5:X:15892440-15892828:15892251-15892828:+,A5SS,chrX,+,15892440-15892828:15892251-15892828,No,0.008,0.02641468658,0.2264504514,9d_male_vs_female,9d,A5SS,No,Higher inclusion in male,1892,FBgn0003392,shi,chrX,+,15892199,15892440,15892199,15892251,15892827,15893150,1892,"983,2221,1999","14,16,6","1472,1292,978","23,15,7",308,119,0.02641468658,0.2264504514,"0.964,0.982,0.992","0.961,0.971,0.982",0.008
AGE0001365,AGE_SEX,9d,Ray Lab Data - 9d_significant.csv,de062c71aa5996076f81567e08b590e48e73f510db466598124e5cf57aa18375,413,FBgn0000108;A5SS:chrX:575362-575471:575350-575471:+,FBgn0000108;A5:X:575362-575471:575350-575471:+,A5SS,chrX,+,575362-575471:575350-575471,No,-0.043,0.02763362639,0.2316982115,9d_male_vs_female,9d,A5SS,No,Higher inclusion in female,531,FBgn0000108,Appl,chrX,+,575167,575362,575167,575350,575470,579044,531,"157,273,272","551,797,839","401,224,193","1041,496,527",131,119,0.02763362639,0.2316982115,"0.206,0.237,0.227","0.259,0.291,0.25",-0.043
AGE0001366,AGE_SEX,9d,Ray Lab Data - 9d_significant.csv,de062c71aa5996076f81567e08b590e48e73f510db466598124e5cf57aa18375,414,FBgn0052057;A5SS:chr3L:10182515-10186023:10182515-10186085:-,FBgn0052057;A5:3L:10182515-10186023:10182515-10186085:-,A5SS,chr3L,-,10182515-10186023:10182515-10186085,No,-0.024,0.02772663301,0.2316982115,9d_male_vs_female,9d,A5SS,No,Higher inclusion in female,773,FBgn0052057,dpr10,chr3L,-,10186022,10186108,10186084,10186108,10182242,10182515,773,"15,87,50","0,3,6","71,32,32","0,1,2",181,119,0.02772663301,0.2316982115,"1.0,0.95,0.846","1.0,0.955,0.913",-0.024
AGE0001367,AGE_SEX,9d,Ray Lab Data - 9d_significant.csv,de062c71aa5996076f81567e08b590e48e73f510db466598124e5cf57aa18375,415,FBgn0003392;A5SS:chrX:15892569-15892828:15892251-15892828:+,FBgn0003392;A5:X:15892569-15892828:15892251-15892828:+,A5SS,chrX,+,15892569-15892828:15892251-15892828,No,0.007,0.02819419319,0.2335743074,9d_male_vs_female,9d,A5SS,No,Higher inclusion in male,1893,FBgn0003392,shi,chrX,+,15892199,15892569,15892199,15892251,15892827,15893150,1893,"1374,3491,3159","14,16,6","2077,2108,1610","23,15,7",437,119,0.02819419319,0.2335743074,"0.964,0.983,0.993","0.961,0.975,0.984",0.007
AGE0001368,AGE_SEX,9d,Ray Lab Data - 9d_significant.csv,de062c71aa5996076f81567e08b590e48e73f510db466598124e5cf57aa18375,416,FBgn0003392;A5SS:chrX:15892417-15892828:15892251-15892828:+,FBgn0003392;A5:X:15892417-15892828:15892251-15892828:+,A5SS,chrX,+,15892417-15892828:15892251-15892828,No,0.008,0.0290379583,0.2385083584,9d_male_vs_female,9d,A5SS,No,Higher inclusion in male,1891,FBgn0003392,shi,chrX,+,15892199,15892417,15892199,15892251,15892827,15893150,1891,"893,1994,1777","14,16,6","1363,1145,876","23,15,7",285,119,0.0290379583,0.2385083584,"0.964,0.981,0.992","0.961,0.97,0.981",0.008
AGE0001369,AGE_SEX,9d,Ray Lab Data - 9d_significant.csv,de062c71aa5996076f81567e08b590e48e73f510db466598124e5cf57aa18375,417,FBgn0266598;A5SS:chr3R:8000872-8000920:8000872-8000926:-,FBgn0266598;A5:3R:8000872-8000920:8000872-8000926:-,A5SS,chr3R,-,8000872-8000920:8000872-8000926,No,0.415,0.03121869011,0.2391341894,9d_male_vs_female,9d,A5SS,No,Higher inclusion in male,269,FBgn0266598,Kmn2,chr3R,-,8000919,8001015,8000925,8001015,8000547,8000872,269,"1,10,6","0,8,6","1,3,5","2,10,15",125,119,0.03121869011,0.2391341894,"1.0,0.543,0.488","0.322,0.222,0.241",0.415
AGE0001370,AGE_SEX,9d,Ray Lab Data - 9d_significant.csv,de062c71aa5996076f81567e08b590e48e73f510db466598124e5cf57aa18375,418,FBgn0013799;A5SS:chr3L:19820010-19828317:19820001-19828317:+,FBgn0013799;A5:3L:19820010-19828317:19820001-19828317:+,A5SS,chr3L,+,19820010-19828317:19820001-19828317,No,-0.339,0.03135370225,0.2391341894,9d_male_vs_female,9d,A5SS,No,Higher inclusion in female,2304,FBgn0013799,Deaf1,chr3L,+,19819101,19820010,19819101,19820001,19828316,19828945,2304,"1,7,1","2,16,2","1,7,9","6,0,2",128,119,0.03135370225,0.2391341894,"0.317,0.289,0.317","0.134,1.0,0.807",-0.339
AGE0001371,AGE_SEX,9d,Ray Lab Data - 9d_significant.csv,de062c71aa5996076f81567e08b590e48e73f510db466598124e5cf57aa18375,419,FBgn0039890;A5SS:chr4:191386-193545:191386-193673:-,FBgn0039890;A5:4:191386-193545:191386-193673:-,A5SS,chr4,-,191386-193545:191386-193673,No,-0.27,0.03130595442,0.2391341894,9d_male_vs_female,9d,A5SS,No,Higher inclusion in female,2095,FBgn0039890,Abcd1,chr4,-,193544,193829,193672,193829,191308,191386,2095,"2,16,3","7,10,14","8,11,34","11,8,4",247,119,0.03130595442,0.2391341894,"0.121,0.435,0.094","0.259,0.398,0.804",-0.27
AGE0001372,AGE_SEX,9d,Ray Lab Data - 9d_significant.csv,de062c71aa5996076f81567e08b590e48e73f510db466598124e5cf57aa18375,420,FBgn0053547;A5SS:chr3R:17875545-17875784:17875545-17876332:-,FBgn0053547;A5:3R:17875545-17875784:17875545-17876332:-,A5SS,chr3R,-,17875545-17875784:17875545-17876332,No,-0.114,0.02966353407,0.2391341894,9d_male_vs_female,9d,A5SS,No,Higher inclusion in female,2144,FBgn0053547,Rim,chr3R,-,17875783,17877198,17876331,17877198,17875040,17875545,2144,"149,113,107","7,19,3","200,64,89","1,4,4",667,119,0.02966353407,0.2391341894,"0.792,0.515,0.864","0.973,0.741,0.799",-0.114
AGE0001373,AGE_SEX,9d,Ray Lab Data - 9d_significant.csv,de062c71aa5996076f81567e08b590e48e73f510db466598124e5cf57aa18375,421,FBgn0085383;A5SS:chr3R:28146968-28147500:28146927-28147500:+,FBgn0085383;A5:3R:28146968-28147500:28146927-28147500:+,A5SS,chr3R,+,28146968-28147500:28146927-28147500,No,0.094,0.03090040903,0.2391341894,9d_male_vs_female,9d,A5SS,No,Higher inclusion in male,1644,FBgn0085383,CG34354,chr3R,+,28146879,28146968,28146879,28146927,28147499,28148251,1644,"10,42,29","0,2,1","17,30,18","2,3,2",160,119,0.03090040903,0.2391341894,"1.0,0.94,0.956","0.863,0.881,0.87",0.094
AGE0001374,AGE_SEX,9d,Ray Lab Data - 9d_significant.csv,de062c71aa5996076f81567e08b590e48e73f510db466598124e5cf57aa18375,422,FBgn0003435;A5SS:chr2R:19546059-19573988:19546059-19574003:-,FBgn0003435;A5:2R:19546059-19573988:19546059-19574003:-,A5SS,chr2R,-,19546059-19573988:19546059-19574003,No,-0.056,0.03103041301,0.2391341894,9d_male_vs_female,9d,A5SS,No,Higher inclusion in female,1972,FBgn0003435,sm,chr2R,-,19573987,19574066,19574002,19574066,19546011,19546059,1972,"13,16,11","6,0,0","32,7,10","1,1,0",134,119,0.03103041301,0.2391341894,"0.658,1.0,1.0","0.966,0.861,1.0",-0.056
AGE0001375,AGE_SEX,9d,Ray Lab Data - 9d_significant.csv,de062c71aa5996076f81567e08b590e48e73f510db466598124e5cf57aa18375,423,FBgn0052057;A5SS:chr3L:10182515-10185925:10182515-10186023:-,FBgn0052057;A5:3L:10182515-10185925:10182515-10186023:-,A5SS,chr3L,-,10182515-10185925:10182515-10186023,No,-0.027,0.03116932432,0.2391341894,9d_male_vs_female,9d,A5SS,No,Higher inclusion in female,771,FBgn0052057,dpr10,chr3L,-,10185924,10186108,10186022,10186108,10182242,10182515,771,"317,282,223","3,12,7","428,146,124","6,2,1",217,119,0.03116932432,0.2391341894,"0.983,0.928,0.946","0.975,0.976,0.986",-0.027
AGE0001376,AGE_SEX,9d,Ray Lab Data - 9d_significant.csv,de062c71aa5996076f81567e08b590e48e73f510db466598124e5cf57aa18375,424,FBgn0003392;A5SS:chrX:15892581-15892828:15892251-15892828:+,FBgn0003392;A5:X:15892581-15892828:15892251-15892828:+,A5SS,chrX,+,15892581-15892828:15892251-15892828,No,0.007,0.03123706281,0.2391341894,9d_male_vs_female,9d,A5SS,No,Higher inclusion in male,1894,FBgn0003392,shi,chrX,+,15892199,15892581,15892199,15892251,15892827,15893150,1894,"1376,3453,3138","14,16,6","2103,2083,1631","23,15,7",449,119,0.03123706281,0.2391341894,"0.963,0.983,0.993","0.96,0.974,0.984",0.007
AGE0001377,AGE_SEX,9d,Ray Lab Data - 9d_significant.csv,de062c71aa5996076f81567e08b590e48e73f510db466598124e5cf57aa18375,425,FBgn0004587;A5SS:chr3R:13661592-13661702:13661432-13661702:+,FBgn0004587;A5:3R:13661592-13661702:13661432-13661702:+,A5SS,chr3R,+,13661592-13661702:13661432-13661702,No,-0.002,0.02962831092,0.2391341894,9d_male_vs_female,9d,A5SS,No,Higher inclusion in female,601,FBgn0004587,B52,chr3R,+,13661310,13661592,13661310,13661432,13661701,13661859,601,"4,0,0","23,41,34","12,0,0","63,20,28",279,119,0.02962831092,0.2391341894,"0.069,0.0,0.0","0.075,0.0,0.0",-0.002
AGE0001378,AGE_SEX,9d,Ray Lab Data - 9d_significant.csv,de062c71aa5996076f81567e08b590e48e73f510db466598124e5cf57aa18375,426,FBgn0260742;A5SS:chr3R:11966286-11966455:11966286-11966488:-,FBgn0260742;A5:3R:11966286-11966455:11966286-11966488:-,A5SS,chr3R,-,11966286-11966455:11966286-11966488,No,0.333,0.0320790443,0.2412478236,9d_male_vs_female,9d,A5SS,No,Higher inclusion in male,2553,FBgn0260742,CG12213,chr3R,-,11966454,11966739,11966487,11966739,11965544,11966286,2553,"1,5,11","0,0,0","1,0,2","0,5,0",152,119,0.0320790443,0.2412478236,"1.0,1.0,1.0","1.0,0.0,1.0",0.333
AGE0001379,AGE_SEX,9d,Ray Lab Data - 9d_significant.csv,de062c71aa5996076f81567e08b590e48e73f510db466598124e5cf57aa18375,427,FBgn0267253;A5SS:chrX:9510664-9550430:9510664-9550434:-,FBgn0267253;A5:X:9510664-9550430:9510664-9550434:-,A5SS,chrX,-,9510664-9550430:9510664-9550434,No,0.198,0.0321329047,0.2412478236,9d_male_vs_female,9d,A5SS,No,Higher inclusion in male,1691,FBgn0267253,CG32700,chrX,-,9550429,9550838,9550433,9550838,9510159,9510664,1691,"4,6,5","0,2,1","6,3,5","3,3,1",123,119,0.0321329047,0.2412478236,"1.0,0.744,0.829","0.659,0.492,0.829",0.198
AGE0001380,AGE_SEX,9d,Ray Lab Data - 9d_significant.csv,de062c71aa5996076f81567e08b590e48e73f510db466598124e5cf57aa18375,428,FBgn0020445;A5SS:chr2L:3353714-3354474:3353714-3354591:-,FBgn0020445;A5:2L:3353714-3354474:3353714-3354591:-,A5SS,chr2L,-,3353714-3354474:3353714-3354591,No,-0.238,0.03280639337,0.2421549522,9d_male_vs_female,9d,A5SS,No,Higher inclusion in female,651,FBgn0020445,E23,chr2L,-,3354473,3354829,3354590,3354829,3352475,3353714,651,"21,4,14","0,5,0","26,8,5","0,0,0",236,119,0.03280639337,0.2421549522,"1.0,0.287,1.0","1.0,1.0,1.0",-0.238
AGE0001381,AGE_SEX,9d,Ray Lab Data - 9d_significant.csv,de062c71aa5996076f81567e08b590e48e73f510db466598124e5cf57aa18375,429,FBgn0027492;A5SS:chr3R:27568591-27581681:27568591-27582002:-,FBgn0027492;A5:3R:27568591-27581681:27568591-27582002:-,A5SS,chr3R,-,27568591-27581681:27568591-27582002,No,0.149,0.03282496657,0.2421549522,9d_male_vs_female,9d,A5SS,No,Higher inclusion in male,1618,FBgn0027492,wdb,chr3R,-,27581680,27582241,27582001,27582241,27568278,27568591,1618,"122,189,220","28,33,13","212,151,149","55,62,25",440,119,0.03282496657,0.2421549522,"0.541,0.608,0.821","0.51,0.397,0.617",0.149
AGE0001382,AGE_SEX,9d,Ray Lab Data - 9d_significant.csv,de062c71aa5996076f81567e08b590e48e73f510db466598124e5cf57aa18375,430,FBgn0001991;A5SS:chr2L:16168557-16169487:16168471-16169487:+,FBgn0001991;A5:2L:16168557-16169487:16168471-16169487:+,A5SS,chr2L,+,16168557-16169487:16168471-16169487,No,-0.035,0.0330096761,0.2421549522,9d_male_vs_female,9d,A5SS,No,Higher inclusion in female,737,FBgn0001991,Ca-alpha1D,chr2L,+,16168345,16168557,16168345,16168471,16169486,16169906,737,"78,109,103","0,4,4","101,89,105","0,0,1",205,119,0.0330096761,0.2421549522,"1.0,0.941,0.937","1.0,1.0,0.984",-0.035
AGE0001383,AGE_SEX,9d,Ray Lab Data - 9d_significant.csv,de062c71aa5996076f81567e08b590e48e73f510db466598124e5cf57aa18375,431,FBgn0003218;A5SS:chrX:13762945-13767787:13762830-13767787:+,FBgn0003218;A5:X:13762945-13767787:13762830-13767787:+,A5SS,chrX,+,13762945-13767787:13762830-13767787,No,-0.075,0.0348290697,0.2516596691,9d_male_vs_female,9d,A5SS,No,Higher inclusion in female,1749,FBgn0003218,rdgB,chrX,+,13762751,13762945,13762751,13762830,13767786,13768157,1749,"14,22,28","0,1,4","24,13,15","1,0,0",234,119,0.0348290697,0.2516596691,"1.0,0.918,0.781","0.924,1.0,1.0",-0.075
AGE0001384,AGE_SEX,9d,Ray Lab Data - 9d_significant.csv,de062c71aa5996076f81567e08b590e48e73f510db466598124e5cf57aa18375,432,FBgn0035914;A5SS:chr3L:8604914-8609734:8604858-8609734:+,FBgn0035914;A5:3L:8604914-8609734:8604858-8609734:+,A5SS,chr3L,+,8604914-8609734:8604858-8609734,No,0.058,0.03472146922,0.2516596691,9d_male_vs_female,9d,A5SS,No,Higher inclusion in male,67,FBgn0035914,CG6282,chr3L,+,8604656,8604914,8604656,8604858,8609733,8610356,67,"5,24,13","0,6,0","10,7,4","0,1,1",175,119,0.03472146922,0.2516596691,"1.0,0.731,1.0","1.0,0.826,0.731",0.058
AGE0001385,AGE_SEX,9d,Ray Lab Data - 9d_significant.csv,de062c71aa5996076f81567e08b590e48e73f510db466598124e5cf57aa18375,433,FBgn0039924;A5SS:chr4:1196477-1196708:1196477-1196758:-,FBgn0039924;A5:4:1196477-1196708:1196477-1196758:-,A5SS,chr4,-,1196477-1196708:1196477-1196758,No,0.058,0.03552399823,0.2539829511,9d_male_vs_female,9d,A5SS,No,Higher inclusion in male,2374,FBgn0039924,PIP4K,chr4,-,1196707,1196848,1196757,1196848,1196319,1196477,2374,"88,79,74","8,6,5","179,61,50","27,9,5",169,119,0.03552399823,0.2539829511,"0.886,0.903,0.912","0.824,0.827,0.876",0.058
AGE0001386,AGE_SEX,9d,Ray Lab Data - 9d_significant.csv,de062c71aa5996076f81567e08b590e48e73f510db466598124e5cf57aa18375,434,FBgn0003392;A5SS:chrX:15892360-15892828:15892251-15892828:+,FBgn0003392;A5:X:15892360-15892828:15892251-15892828:+,A5SS,chrX,+,15892360-15892828:15892251-15892828,No,0.008,0.03567918668,0.2539829511,9d_male_vs_female,9d,A5SS,No,Higher inclusion in male,1890,FBgn0003392,shi,chrX,+,15892199,15892360,15892199,15892251,15892827,15893150,1890,"763,1582,1393","14,16,6","1186,897,689","23,15,7",228,119,0.03567918668,0.2539829511,"0.966,0.981,0.992","0.964,0.969,0.981",0.008
AGE0001387,AGE_SEX,9d,Ray Lab Data - 9d_significant.csv,de062c71aa5996076f81567e08b590e48e73f510db466598124e5cf57aa18375,435,FBgn0037898;A5SS:chr3R:11430274-11430339:11430270-11430339:+,FBgn0037898;A5:3R:11430274-11430339:11430270-11430339:+,A5SS,chr3R,+,11430274-11430339:11430270-11430339,No,0.283,0.03622670525,0.2559842922,9d_male_vs_female,9d,A5SS,No,Higher inclusion in male,722,FBgn0037898,Dtd,chr3R,+,11430179,11430274,11430179,11430270,11430338,11430571,722,"10,7,15","4,6,7","14,1,4","15,4,6",123,119,0.03622670525,0.2559842922,"0.707,0.53,0.675","0.475,0.195,0.392",0.283
AGE0001388,AGE_SEX,9d,Ray Lab Data - 9d_significant.csv,de062c71aa5996076f81567e08b590e48e73f510db466598124e5cf57aa18375,436,FBgn0010825;A5SS:chr3L:8469691-8470154:8469682-8470154:+,FBgn0010825;A5:3L:8469691-8470154:8469682-8470154:+,A5SS,chr3L,+,8469691-8470154:8469682-8470154,No,0.324,0.03677683354,0.2579747228,9d_male_vs_female,9d,A5SS,No,Higher inclusion in male,334,FBgn0010825,Gug,chr3L,+,8469564,8469691,8469564,8469682,8470153,8470187,334,"2,3,3","5,0,9","0,5,0","15,4,8",128,119,0.03677683354,0.2579747228,"0.271,1.0,0.237","0.0,0.537,0.0",0.324
AGE0001389,AGE_SEX,9d,Ray Lab Data - 9d_significant.csv,de062c71aa5996076f81567e08b590e48e73f510db466598124e5cf57aa18375,437,FBgn0003415;A5SS:chr3L:21025548-21026928:21025548-21027140:-,FBgn0003415;A5:3L:21025548-21026928:21025548-21027140:-,A5SS,chr3L,-,21025548-21026928:21025548-21027140,No,0.139,0.03836111186,0.2671378877,9d_male_vs_female,9d,A5SS,No,Higher inclusion in male,1100,FBgn0003415,skd,chr3L,-,21026927,21027434,21027139,21027434,21024951,21025548,1100,"99,105,114","30,24,58","79,59,113","88,29,43",331,119,0.03836111186,0.2671378877,"0.543,0.611,0.414","0.244,0.422,0.486",0.139
AGE0001390,AGE_SEX,9d,Ray Lab Data - 9d_significant.csv,de062c71aa5996076f81567e08b590e48e73f510db466598124e5cf57aa18375,438,FBgn0028496;A5SS:chr2R:18496868-18497756:18496868-18497842:-,FBgn0028496;A5:2R:18496868-18497756:18496868-18497842:-,A5SS,chr2R,-,18496868-18497756:18496868-18497842,No,-0.259,0.03900444315,0.2677376419,9d_male_vs_female,9d,A5SS,No,Higher inclusion in female,1731,FBgn0028496,CG30116,chr2R,-,18497755,18498026,18497841,18498026,18496746,18496868,1731,"8,47,10","6,9,8","36,23,27","10,4,1",205,119,0.03900444315,0.2677376419,"0.436,0.752,0.42","0.676,0.769,0.94",-0.259
AGE0001391,AGE_SEX,9d,Ray Lab Data - 9d_significant.csv,de062c71aa5996076f81567e08b590e48e73f510db466598124e5cf57aa18375,439,FBgn0020496;A5SS:chr3R:13025044-13025389:13025029-13025389:+,FBgn0020496;A5:3R:13025044-13025389:13025029-13025389:+,A5SS,chr3R,+,13025044-13025389:13025029-13025389,No,0.071,0.03885092004,0.2677376419,9d_male_vs_female,9d,A5SS,No,Higher inclusion in male,2243,FBgn0020496,CtBP,chr3R,+,13024799,13025044,13024799,13025029,13025388,13026275,2243,"38,80,83","0,8,6","76,60,56","21,8,1",134,119,0.03885092004,0.2677376419,"1.0,0.899,0.925","0.763,0.869,0.98",0.071
AGE0001392,AGE_SEX,9d,Ray Lab Data - 9d_significant.csv,de062c71aa5996076f81567e08b590e48e73f510db466598124e5cf57aa18375,440,FBgn0003218;A5SS:chrX:13762868-13767787:13762830-13767787:+,FBgn0003218;A5:X:13762868-13767787:13762830-13767787:+,A5SS,chrX,+,13762868-13767787:13762830-13767787,No,-0.059,0.03989890207,0.2719350702,9d_male_vs_female,9d,A5SS,No,Higher inclusion in female,1748,FBgn0003218,rdgB,chrX,+,13762751,13762868,13762751,13762830,13767786,13768157,1748,"4,15,23","0,1,4","13,5,8","1,0,0",157,119,0.03989890207,0.2719350702,"1.0,0.919,0.813","0.908,1.0,1.0",-0.059
AGE0001393,AGE_SEX,9d,Ray Lab Data - 9d_significant.csv,de062c71aa5996076f81567e08b590e48e73f510db466598124e5cf57aa18375,441,FBgn0003567;A5SS:chr3R:14307970-14308276:14307970-14308524:-,FBgn0003567;A5:3R:14307970-14308276:14307970-14308524:-,A5SS,chr3R,-,14307970-14308276:14307970-14308524,No,-0.196,0.04318604318,0.2922661091,9d_male_vs_female,9d,A5SS,No,Higher inclusion in female,2541,FBgn0003567,su(Hw),chr3R,-,14308275,14308589,14308523,14308589,14307097,14307970,2541,"2,0,11","16,2,6","0,0,1","19,5,0",367,119,0.04318604318,0.2922661091,"0.039,0.0,0.373","0.0,0.0,1.0",-0.196
AGE0001394,AGE_SEX,9d,Ray Lab Data - 9d_significant.csv,de062c71aa5996076f81567e08b590e48e73f510db466598124e5cf57aa18375,442,FBgn0051961;A5SS:chr2L:4187499-4187567:4187499-4187711:-,FBgn0051961;A5:2L:4187499-4187567:4187499-4187711:-,A5SS,chr2L,-,4187499-4187567:4187499-4187711,No,-0.278,0.04434850244,0.2980343416,9d_male_vs_female,9d,A5SS,No,Higher inclusion in female,806,FBgn0051961,Tbcc,chr2L,-,4187566,4187793,4187710,4187793,4186249,4187499,806,"7,13,3","0,1,3","11,2,6","0,0,0",263,119,0.04434850244,0.2980343416,"1.0,0.855,0.312","1.0,1.0,1.0",-0.278
AGE0001395,AGE_SEX,9d,Ray Lab Data - 9d_significant.csv,de062c71aa5996076f81567e08b590e48e73f510db466598124e5cf57aa18375,443,FBgn0027930;A5SS:chr3R:4308454-4308620:4308427-4308620:+,FBgn0027930;A5:3R:4308454-4308620:4308427-4308620:+,A5SS,chr3R,+,4308454-4308620:4308427-4308620,No,0.071,0.04551616309,0.3037571717,9d_male_vs_female,9d,A5SS,No,Higher inclusion in male,917,FBgn0027930,MP1,chr3R,+,4308263,4308454,4308263,4308427,4308619,4308833,917,"6,35,37","0,0,0","35,19,27","0,0,6",146,119,0.04551616309,0.3037571717,"1.0,1.0,1.0","1.0,1.0,0.786",0.071
AGE0001396,AGE_SEX,9d,Ray Lab Data - 9d_significant.csv,de062c71aa5996076f81567e08b590e48e73f510db466598124e5cf57aa18375,444,FBgn0003392;A5SS:chrX:15892581-15892828:15892440-15892828:+,FBgn0003392;A5:X:15892581-15892828:15892440-15892828:+,A5SS,chrX,+,15892581-15892828:15892440-15892828,No,-0.024,0.04600777596,0.3049205014,9d_male_vs_female,9d,A5SS,No,Higher inclusion in female,1903,FBgn0003392,shi,chrX,+,15892199,15892581,15892199,15892440,15892827,15893150,1903,"411,1266,1194","18,34,55","647,812,672","16,21,19",260,119,0.04600777596,0.3049205014,"0.913,0.945,0.909","0.949,0.947,0.942",-0.024
AGE0001397,AGE_SEX,9d,Ray Lab Data - 9d_significant.csv,de062c71aa5996076f81567e08b590e48e73f510db466598124e5cf57aa18375,445,FBgn0063649;A5SS:chr3R:16158306-16158858:16158295-16158858:+,FBgn0063649;A5:3R:16158306-16158858:16158295-16158858:+,A5SS,chr3R,+,16158306-16158858:16158295-16158858,No,0.272,0.0468555051,0.3073067775,9d_male_vs_female,9d,A5SS,No,Higher inclusion in male,476,FBgn0063649,CG6006,chr3R,+,16158160,16158306,16158160,16158295,16158857,16159204,476,"3,9,2","2,4,4","0,1,4","2,8,2",130,119,0.0468555051,0.3073067775,"0.579,0.673,0.314","0.0,0.103,0.647",0.272
AGE0001398,AGE_SEX,9d,Ray Lab Data - 9d_significant.csv,de062c71aa5996076f81567e08b590e48e73f510db466598124e5cf57aa18375,446,FBgn0039920;A5SS:chr4:671616-680440:671166-680440:+,FBgn0039920;A5:4:671616-680440:671166-680440:+,A5SS,chr4,+,671616-680440:671166-680440,No,-0.1,0.04700738428,0.3073067775,9d_male_vs_female,9d,A5SS,No,Higher inclusion in female,2086,FBgn0039920,CG11360,chr4,+,671141,671616,671141,671166,680439,681135,2086,"45,116,95","93,48,55","134,107,75","94,42,22",569,119,0.04700738428,0.3073067775,"0.092,0.336,0.265","0.23,0.348,0.416",-0.1
AGE0001399,AGE_SEX,9d,Ray Lab Data - 9d_significant.csv,de062c71aa5996076f81567e08b590e48e73f510db466598124e5cf57aa18375,447,FBgn0036446;A5SS:chr3L:14763434-14763754:14763262-14763754:+,FBgn0036446;A5:3L:14763434-14763754:14763262-14763754:+,A5SS,chr3L,+,14763434-14763754:14763262-14763754,No,0.125,0.04854123898,0.3130747024,9d_male_vs_female,9d,A5SS,No,Higher inclusion in male,1522,FBgn0036446,Mgat4a,chr3L,+,14763203,14763434,14763203,14763262,14763753,14767703,1522,"21,18,53","0,2,2","48,14,12","4,0,5",291,119,0.04854123898,0.3130747024,"1.0,0.786,0.916","0.831,1.0,0.495",0.125
AGE0001400,AGE_SEX,9d,Ray Lab Data - 9d_significant.csv,de062c71aa5996076f81567e08b590e48e73f510db466598124e5cf57aa18375,448,FBgn0011754;A5SS:chrX:11695384-11695824:11695263-11695824:+,FBgn0011754;A5:X:11695384-11695824:11695263-11695824:+,A5SS,chrX,+,11695384-11695824:11695263-11695824,No,-0.109,0.04826616227,0.3130747024,9d_male_vs_female,9d,A5SS,No,Higher inclusion in female,2153,FBgn0011754,PhKgamma,chrX,+,11695136,11695384,11695136,11695263,11695823,11695939,2153,"20,28,23","0,3,2","45,31,17","0,0,0",240,119,0.04826616227,0.3130747024,"1.0,0.822,0.851","1.0,1.0,1.0",-0.109
AGE0001401,AGE_SEX,9d,Ray Lab Data - 9d_significant.csv,de062c71aa5996076f81567e08b590e48e73f510db466598124e5cf57aa18375,449,FBgn0028577;A5SS:chr3L:1500388-1501346:1500388-1501351:-,FBgn0028577;A5:3L:1500388-1501346:1500388-1501351:-,A5SS,chr3L,-,1500388-1501346:1500388-1501351,No,-0.239,0.04992716213,0.3177483629,9d_male_vs_female,9d,A5SS,No,Higher inclusion in female,214,FBgn0028577,hfp,chr3L,-,1501345,1501406,1501350,1501406,1500244,1500388,214,"9,14,5","10,13,14","23,8,10","1,13,6",124,119,0.04992716213,0.3177483629,"0.463,0.508,0.255","0.957,0.371,0.615",-0.239
AGE0001402,AGE_SEX,9d,Ray Lab Data - 9d_significant.csv,de062c71aa5996076f81567e08b590e48e73f510db466598124e5cf57aa18375,450,FBgn0030897;A5SS:chrX:18155594-18161013:18155590-18161013:+,FBgn0030897;A5:X:18155594-18161013:18155590-18161013:+,A5SS,chrX,+,18155594-18161013:18155590-18161013,No,-0.083,0.0497876949,0.3177483629,9d_male_vs_female,9d,A5SS,No,Higher inclusion in female,2382,FBgn0030897,Frq1,chrX,+,18155368,18155594,18155368,18155590,18161012,18161292,2382,"42,89,88","11,33,62","130,136,92","23,41,33",123,119,0.0497876949,0.3177483629,"0.787,0.723,0.579","0.845,0.762,0.73",-0.083
AGE0001403,AGE_SEX,9d,Ray Lab Data - 9d_significant.csv,de062c71aa5996076f81567e08b590e48e73f510db466598124e5cf57aa18375,451,FBgn0028931;RI:chr2L:13790959:13791164-13791218:13791595:+,FBgn0028931;RI:2L:13790959:13791164-13791218:13791595:+,RI,chr2L,+,13790959:13791164-13791218:13791595,Yes,0.914,0,0,9d_male_vs_female,9d,RI,Yes,Higher inclusion in male,374,FBgn0028931,CG16863,chr2L,+,13790958,13791595,13790958,13791164,13791217,13791595,374,"1,2,1","0,0,0","1,0,0","2,3,5",172,119,0,0,"1.0,1.0,1.0","0.257,0.0,0.0",0.914
AGE0001404,AGE_SEX,9d,Ray Lab Data - 9d_significant.csv,de062c71aa5996076f81567e08b590e48e73f510db466598124e5cf57aa18375,452,FBgn0039581;RI:chr3R:28341372:28341459-28342185:28342214:+,FBgn0039581;RI:3R:28341372:28341459-28342185:28342214:+,RI,chr3R,+,28341372:28341459-28342185:28342214,Yes,-0.192,0.000001102206762,0.0002042756532,9d_male_vs_female,9d,RI,Yes,Higher inclusion in female,347,FBgn0039581,Moca-cyp,chr3R,+,28341371,28342214,28341371,28341459,28342184,28342214,347,"53,96,68","71,67,87","168,59,76","89,12,23",844,119,0.000001102206762,0.0002042756532,"0.095,0.168,0.099","0.21,0.409,0.318",-0.192
AGE0001405,AGE_SEX,9d,Ray Lab Data - 9d_significant.csv,de062c71aa5996076f81567e08b590e48e73f510db466598124e5cf57aa18375,453,FBgn0038294;RI:chr3R:15176364:15176433-15178280:15178489:-,FBgn0038294;RI:3R:15176364:15176433-15178280:15178489:-,RI,chr3R,-,15176364:15176433-15178280:15178489,Yes,0.333,0.000006593010894,0.0009164285142,9d_male_vs_female,9d,RI,Yes,Higher inclusion in male,1367,FBgn0038294,Mf,chr3R,-,15176363,15178489,15176363,15176433,15178279,15178489,1367,"9,1,21","0,0,0","16,1,1","0,28,0",1965,119,0.000006593010894,0.0009164285142,"1.0,1.0,1.0","1.0,0.002,1.0",0.333
AGE0001406,AGE_SEX,9d,Ray Lab Data - 9d_significant.csv,de062c71aa5996076f81567e08b590e48e73f510db466598124e5cf57aa18375,454,FBgn0262527;RI:chr3R:15798087:15798477-15798721:15799036:+,FBgn0262527;RI:3R:15798087:15798477-15798721:15799036:+,RI,chr3R,+,15798087:15798477-15798721:15799036,Yes,0.279,0.00004307096452,0.004789491255,9d_male_vs_female,9d,RI,Yes,Higher inclusion in male,915,FBgn0262527,nsl1,chr3R,+,15798086,15799036,15798086,15798477,15798720,15799036,915,"19,31,28","0,0,0","20,10,4","2,5,0",362,119,0.00004307096452,0.004789491255,"1.0,1.0,1.0","0.767,0.397,1.0",0.279
AGE0001407,AGE_SEX,9d,Ray Lab Data - 9d_significant.csv,de062c71aa5996076f81567e08b590e48e73f510db466598124e5cf57aa18375,455,FBgn0037719;RI:chr3R:9589468:9589782-9589883:9591002:-,FBgn0037719;RI:3R:9589468:9589782-9589883:9591002:-,RI,chr3R,-,9589468:9589782-9589883:9591002,Yes,-0.195,0.00007090588113,0.006570611652,9d_male_vs_female,9d,RI,Yes,Higher inclusion in female,1259,FBgn0037719,bocks,chr3R,-,9589467,9591002,9589467,9589782,9589882,9591002,1259,"5,25,39","1,9,2","4,9,25","0,1,0",219,119,0.00007090588113,0.006570611652,"0.731,0.601,0.914","1.0,0.83,1.0",-0.195
AGE0001408,AGE_SEX,9d,Ray Lab Data - 9d_significant.csv,de062c71aa5996076f81567e08b590e48e73f510db466598124e5cf57aa18375,456,FBgn0019662;RI:chr3L:7352235:7352733-7353343:7353622:+,FBgn0019662;RI:3L:7352235:7352733-7353343:7353622:+,RI,chr3L,+,7352235:7352733-7353343:7353622,Yes,0.152,0.00008750064176,0.006950050974,9d_male_vs_female,9d,RI,Yes,Higher inclusion in male,20,FBgn0019662,qm,chr3L,+,7352234,7353622,7352234,7352733,7353342,7353622,20,"38,166,153","11,40,38","31,97,76","18,49,39",728,119,0.00008750064176,0.006950050974,"0.361,0.404,0.397","0.22,0.244,0.242",0.152
AGE0001409,AGE_SEX,9d,Ray Lab Data - 9d_significant.csv,de062c71aa5996076f81567e08b590e48e73f510db466598124e5cf57aa18375,457,FBgn0032656;RI:chr2L:17971872:17972003-17972263:17974868:+,FBgn0032656;RI:2L:17971872:17972003-17972263:17974868:+,RI,chr2L,+,17971872:17972003-17972263:17974868,Yes,0.48,0.0001834780601,0.01133486683,9d_male_vs_female,9d,RI,Yes,Higher inclusion in male,794,FBgn0032656,CG5674,chr2L,+,17971871,17974868,17971871,17972003,17972262,17974868,794,"2,8,15","0,0,6","0,2,0","11,0,4",378,119,0.0001834780601,0.01133486683,"1.0,1.0,0.44","0.0,1.0,0.0",0.48
AGE0001410,AGE_SEX,9d,Ray Lab Data - 9d_significant.csv,de062c71aa5996076f81567e08b590e48e73f510db466598124e5cf57aa18375,458,FBgn0003261;RI:chr3R:6002063:6003098-6003673:6003911:-,FBgn0003261;RI:3R:6002063:6003098-6003673:6003911:-,RI,chr3R,-,6002063:6003098-6003673:6003911,Yes,0.355,0.0003380317229,0.0156621365,9d_male_vs_female,9d,RI,Yes,Higher inclusion in male,623,FBgn0003261,Rm62,chr3R,-,6002062,6003911,6002062,6003098,6003672,6003911,623,"20,13,11","0,2,0","31,5,12","11,1,1",693,119,0.0003380317229,0.0156621365,"1.0,0.527,1.0","0.326,0.462,0.673",0.355
AGE0001411,AGE_SEX,9d,Ray Lab Data - 9d_significant.csv,de062c71aa5996076f81567e08b590e48e73f510db466598124e5cf57aa18375,459,FBgn0024807;RI:chrX:21628361:21628754-21629974:21630148:-,FBgn0024807;RI:X:21628361:21628754-21629974:21630148:-,RI,chrX,-,21628361:21628754-21629974:21630148,Yes,0.271,0.0003303554953,0.0156621365,9d_male_vs_female,9d,RI,Yes,Higher inclusion in male,1373,FBgn0024807,DIP1,chrX,-,21628360,21630148,21628360,21628754,21629973,21630148,1373,"7,162,157","0,0,0","55,41,90","2,4,0",1338,119,0.0003303554953,0.0156621365,"1.0,1.0,1.0","0.71,0.477,1.0",0.271
AGE0001412,AGE_SEX,9d,Ray Lab Data - 9d_significant.csv,de062c71aa5996076f81567e08b590e48e73f510db466598124e5cf57aa18375,460,FBgn0039560;RI:chr3R:27942435:27942483-27942585:27942778:+,FBgn0039560;RI:3R:27942435:27942483-27942585:27942778:+,RI,chr3R,+,27942435:27942483-27942585:27942778,Yes,-0.178,0.0003253296882,0.0156621365,9d_male_vs_female,9d,RI,Yes,Higher inclusion in female,348,FBgn0039560,BOD1,chr3R,+,27942434,27942778,27942434,27942483,27942584,27942778,348,"59,62,38","17,8,8","98,56,46","0,0,10",220,119,0.0003253296882,0.0156621365,"0.652,0.807,0.72","1.0,1.0,0.713",-0.178
AGE0001413,AGE_SEX,9d,Ray Lab Data - 9d_significant.csv,de062c71aa5996076f81567e08b590e48e73f510db466598124e5cf57aa18375,461,FBgn0031948;RI:chr2L:7786160:7786424-7786701:7787031:-,FBgn0031948;RI:2L:7786160:7786424-7786701:7787031:-,RI,chr2L,-,7786160:7786424-7786701:7787031,Yes,0.295,0.0003676694973,0.01572494157,9d_male_vs_female,9d,RI,Yes,Higher inclusion in male,838,FBgn0031948,CG7149,chr2L,-,7786159,7787031,7786159,7786424,7786700,7787031,838,"57,35,75","2,4,4","34,63,29","23,13,4",395,119,0.0003676694973,0.01572494157,"0.896,0.725,0.85","0.308,0.593,0.686",0.295
AGE0001414,AGE_SEX,9d,Ray Lab Data - 9d_significant.csv,de062c71aa5996076f81567e08b590e48e73f510db466598124e5cf57aa18375,462,FBgn0015546;RI:chr2L:14364682:14365237-14365629:14366840:+,FBgn0015546;RI:2L:14364682:14365237-14365629:14366840:+,RI,chr2L,+,14364682:14365237-14365629:14366840,Yes,-0.259,0.0005415815686,0.02007462348,9d_male_vs_female,9d,RI,Yes,Higher inclusion in female,1421,FBgn0015546,spel1,chr2L,+,14364681,14366840,14364681,14365237,14365628,14366840,1421,"12,60,76","4,1,11","123,102,44","1,0,3",510,119,0.0005415815686,0.02007462348,"0.412,0.933,0.617","0.966,1.0,0.774",-0.259
AGE0001415,AGE_SEX,9d,Ray Lab Data - 9d_significant.csv,de062c71aa5996076f81567e08b590e48e73f510db466598124e5cf57aa18375,463,FBgn0047135;RI:chr3L:3198752:3198866-3198993:3199047:-,FBgn0047135;RI:3L:3198752:3198866-3198993:3199047:-,RI,chr3L,-,3198752:3198866-3198993:3199047,Yes,-0.192,0.001178820673,0.03641246079,9d_male_vs_female,9d,RI,Yes,Higher inclusion in female,130,FBgn0047135,CG32276,chr3L,-,3198751,3199047,3198751,3198866,3198992,3199047,130,"0,2,0","10,3,2","3,0,6","3,4,3",245,119,0.001178820673,0.03641246079,"0.0,0.245,0.0","0.327,0.0,0.493",-0.192
AGE0001416,AGE_SEX,9d,Ray Lab Data - 9d_significant.csv,de062c71aa5996076f81567e08b590e48e73f510db466598124e5cf57aa18375,464,FBgn0033951;RI:chr2R:14645270:14645309-14645374:14645556:+,FBgn0033951;RI:2R:14645270:14645309-14645374:14645556:+,RI,chr2R,+,14645270:14645309-14645374:14645556,Yes,-0.159,0.001526306702,0.04466455402,9d_male_vs_female,9d,RI,Yes,Higher inclusion in female,392,FBgn0033951,CG10139,chr2R,+,14645269,14645556,14645269,14645309,14645373,14645556,392,"18,28,6","2,2,3","25,6,7","0,1,0",183,119,0.001526306702,0.04466455402,"0.854,0.901,0.565","1.0,0.796,1.0",-0.159
AGE0001417,AGE_SEX,9d,Ray Lab Data - 9d_significant.csv,de062c71aa5996076f81567e08b590e48e73f510db466598124e5cf57aa18375,465,FBgn0285879;RI:chrX:16146864:16147209-16148918:16148977:-,FBgn0285879;RI:X:16146864:16147209-16148918:16148977:-,RI,chrX,-,16146864:16147209-16148918:16148977,Yes,0.143,0.001623498407,0.04513325571,9d_male_vs_female,9d,RI,Yes,Higher inclusion in male,163,FBgn0285879,disco-r,chrX,-,16146863,16148977,16146863,16147209,16148917,16148977,163,"115,319,329","0,0,0","146,308,330","4,1,2",1827,119,0.001623498407,0.04513325571,"1.0,1.0,1.0","0.704,0.953,0.915",0.143
AGE0001418,AGE_SEX,9d,Ray Lab Data - 9d_significant.csv,de062c71aa5996076f81567e08b590e48e73f510db466598124e5cf57aa18375,466,FBgn0020378;RI:chrX:9729648:9729883-9730300:9730677:+,FBgn0020378;RI:X:9729648:9729883-9730300:9730677:+,RI,chrX,+,9729648:9729883-9730300:9730677,Yes,-0.143,0.001805641317,0.04780650343,9d_male_vs_female,9d,RI,Yes,Higher inclusion in female,1196,FBgn0020378,Sp1,chrX,+,9729647,9730677,9729647,9729883,9730299,9730677,1196,"1,89,63","0,6,9","35,161,89","0,1,4",535,119,0.001805641317,0.04780650343,"1.0,0.767,0.609","1.0,0.973,0.832",-0.143
AGE0001419,AGE_SEX,9d,Ray Lab Data - 9d_significant.csv,de062c71aa5996076f81567e08b590e48e73f510db466598124e5cf57aa18375,467,FBgn0031896;RI:chr2L:7196313:7196695-7196751:7196857:-,FBgn0031896;RI:2L:7196313:7196695-7196751:7196857:-,RI,chr2L,-,7196313:7196695-7196751:7196857,No,-0.083,0.0000006272417252,0.0001743731996,9d_male_vs_female,9d,RI,No,Higher inclusion in female,523,FBgn0031896,CG4502,chr2L,-,7196312,7196857,7196312,7196695,7196750,7196857,523,"126,336,252","12,42,5","153,319,209","0,13,0",174,119,0.0000006272417252,0.0001743731996,"0.878,0.845,0.972","1.0,0.944,1.0",-0.083
AGE0001420,AGE_SEX,9d,Ray Lab Data - 9d_significant.csv,de062c71aa5996076f81567e08b590e48e73f510db466598124e5cf57aa18375,468,FBgn0086778;RI:chrX:19347638:19347733-19347836:19348447:-,FBgn0086778;RI:X:19347638:19347733-19347836:19348447:-,RI,chrX,-,19347638:19347733-19347836:19348447,No,-0.061,0.0001089539641,0.007572300504,9d_male_vs_female,9d,RI,No,Higher inclusion in female,1558,FBgn0086778,nAChRalpha7,chrX,-,19347637,19348447,19347637,19347733,19347835,19348447,1558,"478,956,1190","56,128,90","894,726,994","61,52,53",221,119,0.0001089539641,0.007572300504,"0.821,0.801,0.877","0.888,0.883,0.91",-0.061
AGE0001421,AGE_SEX,9d,Ray Lab Data - 9d_significant.csv,de062c71aa5996076f81567e08b590e48e73f510db466598124e5cf57aa18375,469,FBgn0050392;RI:chr2R:21290914:21290970-21291032:21291581:-,FBgn0050392;RI:2R:21290914:21290970-21291032:21291581:-,RI,chr2R,-,21290914:21290970-21291032:21291581,No,-0.063,0.0004365537989,0.0173374223,9d_male_vs_female,9d,RI,No,Higher inclusion in female,585,FBgn0050392,CG30392,chr2R,-,21290913,21291581,21290913,21290970,21291031,21291581,585,"96,499,673","14,7,18","261,439,434","3,5,5",180,119,0.0004365537989,0.0173374223,"0.819,0.979,0.961","0.983,0.983,0.983",-0.063
AGE0001422,AGE_SEX,9d,Ray Lab Data - 9d_significant.csv,de062c71aa5996076f81567e08b590e48e73f510db466598124e5cf57aa18375,470,FBgn0284257;RI:chr2R:18430737:18430885-18431173:18431357:-,FBgn0284257;RI:2R:18430737:18430885-18431173:18431357:-,RI,chr2R,-,18430737:18430885-18431173:18431357,No,-0.074,0.001158511751,0.03641246079,9d_male_vs_female,9d,RI,No,Higher inclusion in female,164,FBgn0284257,Ttd14,chr2R,-,18430736,18431357,18430736,18430885,18431172,18431357,164,"132,260,192","99,257,193","236,215,135","139,116,105",406,119,0.001158511751,0.03641246079,"0.281,0.229,0.226","0.332,0.352,0.274",-0.074
AGE0001423,AGE_SEX,9d,Ray Lab Data - 9d_significant.csv,de062c71aa5996076f81567e08b590e48e73f510db466598124e5cf57aa18375,471,FBgn0052772;RI:chrX:4909102:4909319-4909452:4909797:+,FBgn0052772;RI:X:4909102:4909319-4909452:4909797:+,RI,chrX,+,4909102:4909319-4909452:4909797,No,-0.018,0.001156785557,0.03641246079,9d_male_vs_female,9d,RI,No,Higher inclusion in female,1166,FBgn0052772,CG32772,chrX,+,4909101,4909797,4909101,4909319,4909451,4909797,1166,"278,720,896","2,15,12","600,566,609","4,2,3",251,119,0.001156785557,0.03641246079,"0.985,0.958,0.973","0.986,0.993,0.99",-0.018
AGE0001424,AGE_SEX,9d,Ray Lab Data - 9d_significant.csv,de062c71aa5996076f81567e08b590e48e73f510db466598124e5cf57aa18375,472,FBgn0267649;RI:chr3R:21358005:21358596-21358792:21359768:-,FBgn0267649;RI:3R:21358005:21358596-21358792:21359768:-,RI,chr3R,-,21358005:21358596-21358792:21359768,No,-0.11,0.002227202102,0.05628747131,9d_male_vs_female,9d,RI,No,Higher inclusion in female,645,FBgn0267649,pre-mod(mdg4)-H,chr3R,-,21358004,21359768,21358004,21358596,21358791,21359768,645,"23,52,116","1,6,7","70,80,58","1,2,1",314,119,0.002227202102,0.05628747131,"0.897,0.767,0.863","0.964,0.938,0.956",-0.11
AGE0001425,AGE_SEX,9d,Ray Lab Data - 9d_significant.csv,de062c71aa5996076f81567e08b590e48e73f510db466598124e5cf57aa18375,473,FBgn0050424;RI:chr2R:24967051:24967086-24967147:24967298:-,FBgn0050424;RI:2R:24967051:24967086-24967147:24967298:-,RI,chr2R,-,24967051:24967086-24967147:24967298,No,-0.107,0.002613712146,0.06318365014,9d_male_vs_female,9d,RI,No,Higher inclusion in female,251,FBgn0050424,cGlr2,chr2R,-,24967050,24967298,24967050,24967086,24967146,24967298,251,"11,41,27","1,2,4","29,26,21","1,0,0",179,119,0.002613712146,0.06318365014,"0.88,0.932,0.818","0.951,1.0,1.0",-0.107
AGE0001426,AGE_SEX,9d,Ray Lab Data - 9d_significant.csv,de062c71aa5996076f81567e08b590e48e73f510db466598124e5cf57aa18375,474,FBgn0263397;RI:chr2R:14276130:14276406-14277281:14279642:+,FBgn0263397;RI:2R:14276130:14276406-14277281:14279642:+,RI,chr2R,+,14276130:14276406-14277281:14279642,No,-0.056,0.002776754156,0.06432813796,9d_male_vs_female,9d,RI,No,Higher inclusion in female,1553,FBgn0263397,Ih,chr2R,+,14276129,14279642,14276129,14276406,14277280,14279642,1553,"1132,3883,4901","35,104,134","2168,2905,3480","38,63,60",993,119,0.002776754156,0.06432813796,"0.795,0.817,0.814","0.872,0.847,0.874",-0.056
AGE0001427,AGE_SEX,9d,Ray Lab Data - 9d_significant.csv,de062c71aa5996076f81567e08b590e48e73f510db466598124e5cf57aa18375,475,FBgn0032506;RI:chr2L:13354102:13354648-13354942:13355073:-,FBgn0032506;RI:2L:13354102:13354648-13354942:13355073:-,RI,chr2L,-,13354102:13354648-13354942:13355073,No,-0.051,0.004526070749,0.09678828218,9d_male_vs_female,9d,RI,No,Higher inclusion in female,469,FBgn0032506,CG9395,chr2L,-,13354101,13355073,13354101,13354648,13354941,13355073,469,"74,129,107","0,5,4","144,79,41","0,2,0",412,119,0.004526070749,0.09678828218,"1.0,0.882,0.885","1.0,0.919,1.0",-0.051
AGE0001428,AGE_SEX,9d,Ray Lab Data - 9d_significant.csv,de062c71aa5996076f81567e08b590e48e73f510db466598124e5cf57aa18375,476,FBgn0032233;RI:chr2L:10376478:10376553-10376766:10376884:+,FBgn0032233;RI:2L:10376478:10376553-10376766:10376884:+,RI,chr2L,+,10376478:10376553-10376766:10376884,No,-0.029,0.004470473233,0.09678828218,9d_male_vs_female,9d,RI,No,Higher inclusion in female,911,FBgn0032233,dpr19,chr2L,+,10376477,10376884,10376477,10376553,10376765,10376884,911,"209,275,342","4,0,13","334,205,206","1,4,0",331,119,0.004470473233,0.09678828218,"0.949,1.0,0.904","0.992,0.949,1.0",-0.029
AGE0001429,AGE_SEX,9d,Ray Lab Data - 9d_significant.csv,de062c71aa5996076f81567e08b590e48e73f510db466598124e5cf57aa18375,477,FBgn0021872;RI:chr2R:21144201:21144505-21144529:21145750:+,FBgn0021872;RI:2R:21144201:21144505-21144529:21145750:+,RI,chr2R,+,21144201:21144505-21144529:21145750,No,0.154,0.004984537532,0.09897867384,9d_male_vs_female,9d,RI,No,Higher inclusion in male,609,FBgn0021872,Xbp1,chr2R,+,21144200,21145750,21144200,21144505,21144528,21145750,609,"11,17,20","0,3,0","19,6,8","5,1,2",142,119,0.004984537532,0.09897867384,"1.0,0.826,1.0","0.761,0.834,0.77",0.154
AGE0001430,AGE_SEX,9d,Ray Lab Data - 9d_significant.csv,de062c71aa5996076f81567e08b590e48e73f510db466598124e5cf57aa18375,478,FBgn0266711;RI:chr2R:19445928:19446139-19446218:19446286:-,FBgn0266711;RI:2R:19445928:19446139-19446218:19446286:-,RI,chr2R,-,19445928:19446139-19446218:19446286,No,0.077,0.004979779167,0.09897867384,9d_male_vs_female,9d,RI,No,Higher inclusion in male,1578,FBgn0266711,EloC,chr2R,-,19445927,19446286,19445927,19446139,19446217,19446286,1578,"9,0,1","23,5,3","2,1,0","32,6,2",197,119,0.004979779167,0.09897867384,"0.191,0.0,0.168","0.036,0.091,0.0",0.077
AGE0001431,AGE_SEX,9d,Ray Lab Data - 9d_significant.csv,de062c71aa5996076f81567e08b590e48e73f510db466598124e5cf57aa18375,479,FBgn0053481;RI:chr4:252824:253013-253201:253329:-,FBgn0053481;RI:4:252824:253013-253201:253329:-,RI,chr4,-,252824:253013-253201:253329,No,0.158,0.005404024576,0.1036081953,9d_male_vs_female,9d,RI,No,Higher inclusion in male,442,FBgn0053481,dpr7,chr4,-,252823,253329,252823,253013,253200,253329,442,"40,37,25","2,0,2","35,23,19","8,1,3",306,119,0.005404024576,0.1036081953,"0.886,1.0,0.829","0.63,0.899,0.711",0.158
AGE0001432,AGE_SEX,9d,Ray Lab Data - 9d_significant.csv,de062c71aa5996076f81567e08b590e48e73f510db466598124e5cf57aa18375,480,FBgn0030838;RI:chrX:17302470:17302786-17302839:17303390:+,FBgn0030838;RI:X:17302470:17302786-17302839:17303390:+,RI,chrX,+,17302470:17302786-17302839:17303390,No,-0.354,0.005997925522,0.109576559,9d_male_vs_female,9d,RI,No,Higher inclusion in female,79,FBgn0030838,CG5445,chrX,+,17302469,17303390,17302469,17302786,17302838,17303390,79,"0,6,2","16,9,11","5,6,6","5,1,11",171,119,0.005997925522,0.109576559,"0.0,0.317,0.112","0.41,0.807,0.275",-0.354
AGE0001433,AGE_SEX,9d,Ray Lab Data - 9d_significant.csv,de062c71aa5996076f81567e08b590e48e73f510db466598124e5cf57aa18375,481,FBgn0260798;RI:chr2R:4470770:4470953-4471039:4471060:-,FBgn0260798;RI:2R:4470770:4470953-4471039:4471060:-,RI,chr2R,-,4470770:4470953-4471039:4471060,No,-0.036,0.006109484405,0.109576559,9d_male_vs_female,9d,RI,No,Higher inclusion in female,1599,FBgn0260798,Gprk1,chr2R,-,4470769,4471060,4470769,4470953,4471038,4471060,1599,"125,111,107","6,4,0","245,102,61","0,0,1",204,119,0.006109484405,0.109576559,"0.924,0.942,1.0","1.0,1.0,0.973",-0.036
AGE0001434,AGE_SEX,9d,Ray Lab Data - 9d_significant.csv,de062c71aa5996076f81567e08b590e48e73f510db466598124e5cf57aa18375,482,FBgn0031228;RI:chr2L:155335:155429-155638:155784:+,FBgn0031228;RI:2L:155335:155429-155638:155784:+,RI,chr2L,+,155335:155429-155638:155784,No,-0.034,0.006470955011,0.1124328433,9d_male_vs_female,9d,RI,No,Higher inclusion in female,689,FBgn0031228,ND-15,chr2L,+,155334,155784,155334,155429,155637,155784,689,"505,1150,1078","18,40,47","978,838,715","25,22,13",327,119,0.006470955011,0.1124328433,"0.911,0.913,0.893","0.934,0.933,0.952",-0.034
AGE0001435,AGE_SEX,9d,Ray Lab Data - 9d_significant.csv,de062c71aa5996076f81567e08b590e48e73f510db466598124e5cf57aa18375,483,FBgn0011708;RI:chr2L:16307346:16307389-16307483:16308329:+,FBgn0011708;RI:2L:16307346:16307389-16307483:16308329:+,RI,chr2L,+,16307346:16307389-16307483:16308329,No,0.188,0.006915941626,0.1165231377,9d_male_vs_female,9d,RI,No,Higher inclusion in male,1054,FBgn0011708,Syx5,chr2L,+,16307345,16308329,16307345,16307389,16307482,16308329,1054,"1,7,3","0,1,0","11,4,3","4,0,1",212,119,0.006915941626,0.1165231377,"1.0,0.797,1.0","0.607,1.0,0.627",0.188
AGE0001436,AGE_SEX,9d,Ray Lab Data - 9d_significant.csv,de062c71aa5996076f81567e08b590e48e73f510db466598124e5cf57aa18375,484,FBgn0004903;RI:chr3R:26872583:26873555-26873860:26873998:-,FBgn0004903;RI:3R:26872583:26873555-26873860:26873998:-,RI,chr3R,-,26872583:26873555-26873860:26873998,No,0.301,0.009715763854,0.1440169941,9d_male_vs_female,9d,RI,No,Higher inclusion in male,854,FBgn0004903,Rb97D,chr3R,-,26872582,26873998,26872582,26873555,26873859,26873998,854,"16,15,20","2,1,2","32,12,6","5,11,2",423,119,0.009715763854,0.1440169941,"0.692,0.808,0.738","0.643,0.235,0.458",0.301
AGE0001437,AGE_SEX,9d,Ray Lab Data - 9d_significant.csv,de062c71aa5996076f81567e08b590e48e73f510db466598124e5cf57aa18375,485,FBgn0040395;RI:chrX:2080610:2080634-2080745:2081659:+,FBgn0040395;RI:X:2080610:2080634-2080745:2081659:+,RI,chrX,+,2080610:2080634-2080745:2081659,No,0.169,0.009842888087,0.1440169941,9d_male_vs_female,9d,RI,No,Higher inclusion in male,785,FBgn0040395,Unc-76,chrX,+,2080609,2081659,2080609,2080634,2080744,2081659,785,"59,42,22","0,3,4","120,24,14","15,5,5",229,119,0.009842888087,0.1440169941,"1.0,0.879,0.741","0.806,0.714,0.593",0.169
AGE0001438,AGE_SEX,9d,Ray Lab Data - 9d_significant.csv,de062c71aa5996076f81567e08b590e48e73f510db466598124e5cf57aa18375,486,FBgn0052626;RI:chrX:13832904:13833022-13834815:13835149:-,FBgn0052626;RI:X:13832904:13833022-13834815:13835149:-,RI,chrX,-,13832904:13833022-13834815:13835149,No,0.15,0.009379319127,0.1440169941,9d_male_vs_female,9d,RI,No,Higher inclusion in male,1100,FBgn0052626,AMPdeam,chrX,-,13832903,13835149,13832903,13833022,13834814,13835149,1100,"57,15,21","0,0,0","98,23,36","5,0,0",1911,119,0.009379319127,0.1440169941,"1.0,1.0,1.0","0.55,1.0,1.0",0.15
AGE0001439,AGE_SEX,9d,Ray Lab Data - 9d_significant.csv,de062c71aa5996076f81567e08b590e48e73f510db466598124e5cf57aa18375,487,FBgn0027544;RI:chr3R:30419094:30421353-30421463:30422971:-,FBgn0027544;RI:3R:30419094:30421353-30421463:30422971:-,RI,chr3R,-,30419094:30421353-30421463:30422971,No,0.05,0.009028633506,0.1440169941,9d_male_vs_female,9d,RI,No,Higher inclusion in male,1207,FBgn0027544,CG2217,chr3R,-,30419093,30422971,30419093,30421353,30421462,30422971,1207,"37,16,20","0,1,2","27,14,37","2,0,8",228,119,0.009028633506,0.1440169941,"1.0,0.893,0.839","0.876,1.0,0.707",0.05
AGE0001440,AGE_SEX,9d,Ray Lab Data - 9d_significant.csv,de062c71aa5996076f81567e08b590e48e73f510db466598124e5cf57aa18375,488,FBgn0261550;RI:chr3R:20309344:20309630-20309904:20310638:+,FBgn0261550;RI:3R:20309344:20309630-20309904:20310638:+,RI,chr3R,+,20309344:20309630-20309904:20310638,No,-0.035,0.009611878712,0.1440169941,9d_male_vs_female,9d,RI,No,Higher inclusion in female,1144,FBgn0261550,Orp8,chr3R,+,20309343,20310638,20309343,20309630,20309903,20310638,1144,"1041,2500,2312","56,59,61","1894,1599,1843","46,36,32",392,119,0.009611878712,0.1440169941,"0.849,0.928,0.92","0.926,0.931,0.946",-0.035
AGE0001441,AGE_SEX,9d,Ray Lab Data - 9d_significant.csv,de062c71aa5996076f81567e08b590e48e73f510db466598124e5cf57aa18375,489,FBgn0043364;RI:chr2L:476446:478204-479407:479688:-,FBgn0043364;RI:2L:476446:478204-479407:479688:-,RI,chr2L,-,476446:478204-479407:479688,No,0.071,0.01017161346,0.1450106945,9d_male_vs_female,9d,RI,No,Higher inclusion in male,733,FBgn0043364,cbt,chr2L,-,476445,479688,476445,478204,479406,479688,733,"184,422,489","0,0,0","330,360,232","1,5,1",1321,119,0.01017161346,0.1450106945,"1.0,1.0,1.0","0.967,0.866,0.954",0.071
AGE0001442,AGE_SEX,9d,Ray Lab Data - 9d_significant.csv,de062c71aa5996076f81567e08b590e48e73f510db466598124e5cf57aa18375,490,FBgn0266177;RI:chr3R:21356811:21357364-21357476:21357758:-,FBgn0266177;RI:3R:21356811:21357364-21357476:21357758:-,RI,chr3R,-,21356811:21357364-21357476:21357758,No,0.313,0.01186481891,0.1643268212,9d_male_vs_female,9d,RI,No,Higher inclusion in male,189,FBgn0266177,pre-mod(mdg4)-I,chr3R,-,21356810,21357758,21356810,21357364,21357475,21357758,189,"6,30,19","0,4,2","11,16,33","18,4,5",230,119,0.01186481891,0.1643268212,"1.0,0.795,0.831","0.24,0.674,0.773",0.313
AGE0001443,AGE_SEX,9d,Ray Lab Data - 9d_significant.csv,de062c71aa5996076f81567e08b590e48e73f510db466598124e5cf57aa18375,491,FBgn0261854;RI:chr2R:14945114:14946090-14946150:14946417:-,FBgn0261854;RI:2R:14945114:14946090-14946150:14946417:-,RI,chr2R,-,14945114:14946090-14946150:14946417,No,-0.048,0.0121176253,0.1643268212,9d_male_vs_female,9d,RI,No,Higher inclusion in female,1495,FBgn0261854,aPKC,chr2R,-,14945113,14946417,14945113,14946090,14946149,14946417,1495,"46,37,37","182,175,216","80,35,25","193,108,123",178,119,0.0121176253,0.1643268212,"0.145,0.124,0.103","0.217,0.178,0.12",-0.048
AGE0001444,AGE_SEX,9d,Ray Lab Data - 9d_significant.csv,de062c71aa5996076f81567e08b590e48e73f510db466598124e5cf57aa18375,492,FBgn0025936;RI:chr4:611285:611438-611513:611655:+,FBgn0025936;RI:4:611285:611438-611513:611655:+,RI,chr4,+,611285:611438-611513:611655,No,0.326,0.01416166633,0.1731457314,9d_male_vs_female,9d,RI,No,Higher inclusion in male,659,FBgn0025936,Eph,chr4,+,611284,611655,611284,611438,611512,611655,659,"7,25,38","0,0,10","6,19,22","9,5,5",193,119,0.01416166633,0.1731457314,"1.0,1.0,0.701","0.291,0.701,0.731",0.326
AGE0001445,AGE_SEX,9d,Ray Lab Data - 9d_significant.csv,de062c71aa5996076f81567e08b590e48e73f510db466598124e5cf57aa18375,493,FBgn0001169;RI:chr3R:20621938:20622127-20622584:20623298:+,FBgn0001169;RI:3R:20621938:20622127-20622584:20623298:+,RI,chr3R,+,20621938:20622127-20622584:20623298,No,0.14,0.01363088778,0.1731457314,9d_male_vs_female,9d,RI,No,Higher inclusion in male,973,FBgn0001169,H,chr3R,+,20621937,20623298,20621937,20622127,20622583,20623298,973,"79,81,30","1,0,1","24,20,32","8,0,0",575,119,0.01363088778,0.1731457314,"0.942,1.0,0.861","0.383,1.0,1.0",0.14
AGE0001446,AGE_SEX,9d,Ray Lab Data - 9d_significant.csv,de062c71aa5996076f81567e08b590e48e73f510db466598124e5cf57aa18375,494,FBgn0266178;RI:chr3R:21358005:21359069-21359363:21359768:-,FBgn0266178;RI:3R:21358005:21359069-21359363:21359768:-,RI,chr3R,-,21358005:21359069-21359363:21359768,No,0.109,0.01401246257,0.1731457314,9d_male_vs_female,9d,RI,No,Higher inclusion in male,188,FBgn0266178,pre-mod(mdg4)-B,chr3R,-,21358004,21359768,21358004,21359069,21359362,21359768,188,"3,135,209","0,3,1","43,67,65","4,4,0",412,119,0.01401246257,0.1731457314,"1.0,0.929,0.984","0.756,0.829,1.0",0.109
AGE0001447,AGE_SEX,9d,Ray Lab Data - 9d_significant.csv,de062c71aa5996076f81567e08b590e48e73f510db466598124e5cf57aa18375,495,FBgn0053639;RI:chrX:18225097:18225524-18225648:18226076:-,FBgn0053639;RI:X:18225097:18225524-18225648:18226076:-,RI,chrX,-,18225097:18225524-18225648:18226076,No,-0.083,0.01432500656,0.1731457314,9d_male_vs_female,9d,RI,No,Higher inclusion in female,668,FBgn0053639,CG33639,chrX,-,18225096,18226076,18225096,18225524,18225647,18226076,668,"139,341,246","89,284,326","368,307,420","201,213,266",242,119,0.01432500656,0.1731457314,"0.434,0.371,0.271","0.474,0.415,0.437",-0.083
AGE0001448,AGE_SEX,9d,Ray Lab Data - 9d_significant.csv,de062c71aa5996076f81567e08b590e48e73f510db466598124e5cf57aa18375,496,FBgn0053092;RI:chr3R:21877936:21878071-21878172:21878577:+,FBgn0053092;RI:3R:21877936:21878071-21878172:21878577:+,RI,chr3R,+,21877936:21878071-21878172:21878577,No,-0.041,0.01422167231,0.1731457314,9d_male_vs_female,9d,RI,No,Higher inclusion in female,403,FBgn0053092,P5CDh2,chr3R,+,21877935,21878577,21877935,21878071,21878171,21878577,403,"24,60,83","0,3,4","22,43,38","0,1,0",219,119,0.01422167231,0.1731457314,"1.0,0.916,0.919","1.0,0.959,1.0",-0.041
AGE0001449,AGE_SEX,9d,Ray Lab Data - 9d_significant.csv,de062c71aa5996076f81567e08b590e48e73f510db466598124e5cf57aa18375,497,FBgn0026401;RI:chr2R:4726848:4727085-4727158:4727734:-,FBgn0026401;RI:2R:4726848:4727085-4727158:4727734:-,RI,chr2R,-,4726848:4727085-4727158:4727734,No,-0.078,0.01491544437,0.1738945275,9d_male_vs_female,9d,RI,No,Higher inclusion in female,999,FBgn0026401,Nipped-B,chr2R,-,4726847,4727734,4726847,4727085,4727157,4727734,999,"21,35,50","4,0,3","34,33,36","0,2,0",191,119,0.01491544437,0.1738945275,"0.766,1.0,0.912","1.0,0.911,1.0",-0.078
AGE0001450,AGE_SEX,9d,Ray Lab Data - 9d_significant.csv,de062c71aa5996076f81567e08b590e48e73f510db466598124e5cf57aa18375,498,FBgn0035357;RI:chr3L:2631715:2631916-2631977:2632121:+,FBgn0035357;RI:3L:2631715:2631916-2631977:2632121:+,RI,chr3L,+,2631715:2631916-2631977:2632121,No,0.056,0.01501247719,0.1738945275,9d_male_vs_female,9d,RI,No,Higher inclusion in male,134,FBgn0035357,MEP-1,chr3L,+,2631714,2632121,2631714,2631916,2631976,2632121,134,"19,7,0","50,80,120","2,5,1","65,56,57",179,119,0.01501247719,0.1738945275,"0.202,0.055,0.0","0.02,0.056,0.012",0.056
AGE0001451,AGE_SEX,9d,Ray Lab Data - 9d_significant.csv,de062c71aa5996076f81567e08b590e48e73f510db466598124e5cf57aa18375,499,FBgn0014189;RI:chr2L:5540169:5540300-5540972:5541090:-,FBgn0014189;RI:2L:5540169:5540300-5540972:5541090:-,RI,chr2L,-,5540169:5540300-5540972:5541090,No,-0.003,0.0159092599,0.1805213981,9d_male_vs_female,9d,RI,No,Higher inclusion in female,754,FBgn0014189,Hel25E,chr2L,-,5540168,5541090,5540168,5540300,5540971,5541090,754,"36,22,15","0,1,6","39,19,3","0,1,1",790,119,0.0159092599,0.1805213981,"1.0,0.768,0.274","1.0,0.741,0.311",-0.003
AGE0001452,AGE_SEX,9d,Ray Lab Data - 9d_significant.csv,de062c71aa5996076f81567e08b590e48e73f510db466598124e5cf57aa18375,500,FBgn0037094;RI:chr3L:21523186:21524067-21524722:21525716:+,FBgn0037094;RI:3L:21523186:21524067-21524722:21525716:+,RI,chr3L,+,21523186:21524067-21524722:21525716,No,0.182,0.01898978376,0.1992135806,9d_male_vs_female,9d,RI,No,Higher inclusion in male,1029,FBgn0037094,CG7611,chr3L,+,21523185,21525716,21523185,21524067,21524721,21525716,1029,"1,30,39","0,0,0","73,27,23","0,5,0",773,119,0.01898978376,0.1992135806,"1.0,1.0,1.0","1.0,0.454,1.0",0.182
AGE0001453,AGE_SEX,9d,Ray Lab Data - 9d_significant.csv,de062c71aa5996076f81567e08b590e48e73f510db466598124e5cf57aa18375,501,FBgn0259740;RI:chr3R:10851285:10851488-10851541:10851788:+,FBgn0259740;RI:3R:10851285:10851488-10851541:10851788:+,RI,chr3R,+,10851285:10851488-10851541:10851788,No,0.145,0.01875679021,0.1992135806,9d_male_vs_female,9d,RI,No,Higher inclusion in male,826,FBgn0259740,CG42394,chr3R,+,10851284,10851788,10851284,10851488,10851540,10851788,826,"110,106,96","26,1,24","97,139,116","34,84,16",171,119,0.01875679021,0.1992135806,"0.746,0.987,0.736","0.665,0.535,0.835",0.145
AGE0001454,AGE_SEX,9d,Ray Lab Data - 9d_significant.csv,de062c71aa5996076f81567e08b590e48e73f510db466598124e5cf57aa18375,502,FBgn0038890;RI:chr3R:21525829:21526902-21527263:21527401:+,FBgn0038890;RI:3R:21525829:21526902-21527263:21527401:+,RI,chr3R,+,21525829:21526902-21527263:21527401,No,0.132,0.01793779006,0.1992135806,9d_male_vs_female,9d,RI,No,Higher inclusion in male,408,FBgn0038890,sp3,chr3R,+,21525828,21527401,21525828,21526902,21527262,21527401,408,"39,38,53","0,0,3","64,41,35","2,4,2",479,119,0.01793779006,0.1992135806,"1.0,1.0,0.814","0.888,0.718,0.813",0.132
AGE0001455,AGE_SEX,9d,Ray Lab Data - 9d_significant.csv,de062c71aa5996076f81567e08b590e48e73f510db466598124e5cf57aa18375,503,FBgn0039149;RI:chr3R:24109336:24109588-24109656:24110010:+,FBgn0039149;RI:3R:24109336:24109588-24109656:24110010:+,RI,chr3R,+,24109336:24109588-24109656:24110010,No,-0.094,0.01841862978,0.1992135806,9d_male_vs_female,9d,RI,No,Higher inclusion in female,387,FBgn0039149,CG18428,chr3R,+,24109335,24110010,24109335,24109588,24109655,24110010,387,"88,152,134","37,73,76","138,152,92","34,64,30",186,119,0.01841862978,0.1992135806,"0.603,0.571,0.53","0.722,0.603,0.662",-0.094
AGE0001456,AGE_SEX,9d,Ray Lab Data - 9d_significant.csv,de062c71aa5996076f81567e08b590e48e73f510db466598124e5cf57aa18375,504,FBgn0053054;RI:chr3L:21197411:21197490-21197549:21197637:-,FBgn0053054;RI:3L:21197411:21197490-21197549:21197637:-,RI,chr3L,-,21197411:21197490-21197549:21197637,No,-0.015,0.01960436602,0.2018523613,9d_male_vs_female,9d,RI,No,Higher inclusion in female,672,FBgn0053054,Targ1,chr3L,-,21197410,21197637,21197410,21197490,21197548,21197637,672,"183,239,439","2,9,13","101,166,195","3,1,2",177,119,0.01960436602,0.2018523613,"0.984,0.947,0.958","0.958,0.991,0.985",-0.015
AGE0001457,AGE_SEX,9d,Ray Lab Data - 9d_significant.csv,de062c71aa5996076f81567e08b590e48e73f510db466598124e5cf57aa18375,505,FBgn0003638;RI:chrX:1040987:1042432-1043213:1043421:+,FBgn0003638;RI:X:1040987:1042432-1043213:1043421:+,RI,chrX,+,1040987:1042432-1043213:1043421,No,0.125,0.02166347335,0.2189980215,9d_male_vs_female,9d,RI,No,Higher inclusion in male,899,FBgn0003638,su(w[a]),chrX,+,1040986,1043421,1040986,1042432,1043212,1043421,899,"100,118,241","1,5,2","152,85,107","9,4,3",899,119,0.02166347335,0.2189980215,"0.93,0.758,0.941","0.691,0.738,0.825",0.125
AGE0001458,AGE_SEX,9d,Ray Lab Data - 9d_significant.csv,de062c71aa5996076f81567e08b590e48e73f510db466598124e5cf57aa18375,506,FBgn0260742;RI:chr3R:11965545:11966286-11966488:11966739:-,FBgn0260742;RI:3R:11965545:11966286-11966488:11966739:-,RI,chr3R,-,11965545:11966286-11966488:11966739,No,0.209,0.02320437579,0.2303863025,9d_male_vs_female,9d,RI,No,Higher inclusion in male,1598,FBgn0260742,CG12213,chr3R,-,11965544,11966739,11965544,11966286,11966487,11966739,1598,"2,16,22","0,0,0","25,8,4","0,5,0",320,119,0.02320437579,0.2303863025,"1.0,1.0,1.0","1.0,0.373,1.0",0.209
AGE0001459,AGE_SEX,9d,Ray Lab Data - 9d_significant.csv,de062c71aa5996076f81567e08b590e48e73f510db466598124e5cf57aa18375,507,FBgn0027088;RI:chr3L:15095142:15095185-15095274:15097686:+,FBgn0027088;RI:3L:15095142:15095185-15095274:15097686:+,RI,chr3L,+,15095142:15095185-15095274:15097686,No,0.1,0.02504788353,0.2443267235,9d_male_vs_female,9d,RI,No,Higher inclusion in male,1547,FBgn0027088,GlyRS,chr3L,+,15095141,15097686,15095141,15095185,15095273,15097686,1547,"3,4,4","8,11,6","2,0,2","10,11,4",207,119,0.02504788353,0.2443267235,"0.177,0.173,0.277","0.103,0.0,0.223",0.1
AGE0001460,AGE_SEX,9d,Ray Lab Data - 9d_significant.csv,de062c71aa5996076f81567e08b590e48e73f510db466598124e5cf57aa18375,508,FBgn0021764;RI:chrX:686834:687074-687573:687858:+,FBgn0021764;RI:X:686834:687074-687573:687858:+,RI,chrX,+,686834:687074-687573:687858,No,-0.253,0.0292927082,0.2760465383,9d_male_vs_female,9d,RI,No,Higher inclusion in female,1171,FBgn0021764,sdk,chrX,+,686833,687858,686833,687074,687572,687858,1171,"44,4,34","0,4,0","60,14,19","1,0,0",617,119,0.0292927082,0.2760465383,"1.0,0.162,1.0","0.92,1.0,1.0",-0.253
AGE0001461,AGE_SEX,9d,Ray Lab Data - 9d_significant.csv,de062c71aa5996076f81567e08b590e48e73f510db466598124e5cf57aa18375,509,FBgn0261403;RI:chr2R:5307288:5307352-5307473:5307652:+,FBgn0261403;RI:2R:5307288:5307352-5307473:5307652:+,RI,chr2R,+,5307288:5307352-5307473:5307652,No,0.149,0.02912456574,0.2760465383,9d_male_vs_female,9d,RI,No,Higher inclusion in male,589,FBgn0261403,sxc,chr2R,+,5307287,5307652,5307287,5307352,5307472,5307652,589,"52,35,19","0,5,6","44,25,12","24,8,1",239,119,0.02912456574,0.2760465383,"1.0,0.777,0.612","0.477,0.609,0.857",0.149
AGE0001462,AGE_SEX,9d,Ray Lab Data - 9d_significant.csv,de062c71aa5996076f81567e08b590e48e73f510db466598124e5cf57aa18375,510,FBgn0259725;RI:chr2R:21669537:21669693-21669755:21669916:-,FBgn0259725;RI:2R:21669537:21669693-21669755:21669916:-,RI,chr2R,-,21669537:21669693-21669755:21669916,No,-0.18,0.03172842786,0.2940167648,9d_male_vs_female,9d,RI,No,Higher inclusion in female,475,FBgn0259725,CG42379,chr2R,-,21669536,21669916,21669536,21669693,21669754,21669916,475,"23,4,20","2,3,3","11,10,9","3,0,0",180,119,0.03172842786,0.2940167648,"0.884,0.469,0.815","0.708,1.0,1.0",-0.18
AGE0001463,AGE_SEX,9d,Ray Lab Data - 9d_significant.csv,de062c71aa5996076f81567e08b590e48e73f510db466598124e5cf57aa18375,511,FBgn0052576;RI:chrX:16285953:16286134-16287158:16287239:-,FBgn0052576;RI:X:16285953:16286134-16287158:16287239:-,RI,chrX,-,16285953:16286134-16287158:16287239,No,-0.037,0.03250751324,0.2962979895,9d_male_vs_female,9d,RI,No,Higher inclusion in female,471,FBgn0052576,CG32576,chrX,-,16285952,16287239,16285952,16286134,16287157,16287239,471,"2487,12500,13273","89,335,325","3765,10512,9783","116,204,189",1142,119,0.03250751324,0.2962979895,"0.744,0.795,0.81","0.772,0.843,0.844",-0.037
AGE0001464,AGE_SEX,9d,Ray Lab Data - 9d_significant.csv,de062c71aa5996076f81567e08b590e48e73f510db466598124e5cf57aa18375,512,FBgn0264958;RI:chr2R:5967397:5967559-5967679:5967746:-,FBgn0264958;RI:2R:5967397:5967559-5967679:5967746:-,RI,chr2R,-,5967397:5967559-5967679:5967746,No,-0.265,0.03361142335,0.3014185707,9d_male_vs_female,9d,RI,No,Higher inclusion in female,211,FBgn0264958,lncRNA:CR44127,chr2R,-,5967396,5967746,5967396,5967559,5967678,5967746,211,"1,15,5","4,3,1","3,9,3","3,0,0",238,119,0.03361142335,0.3014185707,"0.111,0.714,0.714","0.333,1.0,1.0",-0.265
AGE0001465,AGE_SEX,9d,Ray Lab Data - 9d_significant.csv,de062c71aa5996076f81567e08b590e48e73f510db466598124e5cf57aa18375,513,FBgn0042185;RI:chr3L:6550739:6550836-6551764:6551949:+,FBgn0042185;RI:3L:6550739:6550836-6551764:6551949:+,RI,chr3L,+,6550739:6550836-6551764:6551949,No,0.13,0.03452031048,0.3046554385,9d_male_vs_female,9d,RI,No,Higher inclusion in male,885,FBgn0042185,MCU,chr3L,+,6550738,6551949,6550738,6550836,6551763,6551949,885,"50,62,93","0,0,0","79,69,102","0,5,0",1046,119,0.03452031048,0.3046554385,"1.0,1.0,1.0","1.0,0.611,1.0",0.13
AGE0001466,AGE_SEX,9d,Ray Lab Data - 9d_significant.csv,de062c71aa5996076f81567e08b590e48e73f510db466598124e5cf57aa18375,514,FBgn0037015;RI:chr3L:20715553:20715683-20716799:20717310:-,FBgn0037015;RI:3L:20715553:20715683-20716799:20717310:-,RI,chr3L,-,20715553:20715683-20716799:20717310,No,-0.252,0.03623375387,0.3048089758,9d_male_vs_female,9d,RI,No,Higher inclusion in female,1179,FBgn0037015,cmpy,chr3L,-,20715552,20717310,20715552,20715683,20716798,20717310,1179,"0,120,138","7,19,8","147,92,101","10,17,2",1234,119,0.03623375387,0.3048089758,"0.0,0.379,0.625","0.586,0.343,0.83",-0.252
AGE0001467,AGE_SEX,9d,Ray Lab Data - 9d_significant.csv,de062c71aa5996076f81567e08b590e48e73f510db466598124e5cf57aa18375,515,FBgn0032717;RI:chr2L:18838509:18838795-18838883:18839679:-,FBgn0032717;RI:2L:18838509:18838795-18838883:18839679:-,RI,chr2L,-,18838509:18838795-18838883:18839679,No,0.103,0.03700677686,0.3048089758,9d_male_vs_female,9d,RI,No,Higher inclusion in male,1081,FBgn0032717,CG10600,chr2L,-,18838508,18839679,18838508,18838795,18838882,18839679,1081,"22,14,8","21,29,21","8,5,3","21,24,8",206,119,0.03700677686,0.3048089758,"0.377,0.218,0.18","0.18,0.107,0.178",0.103
AGE0001468,AGE_SEX,9d,Ray Lab Data - 9d_significant.csv,de062c71aa5996076f81567e08b590e48e73f510db466598124e5cf57aa18375,516,FBgn0029891;RI:chrX:6683841:6684070-6684133:6684461:+,FBgn0029891;RI:X:6683841:6684070-6684133:6684461:+,RI,chrX,+,6683841:6684070-6684133:6684461,No,0.059,0.03541043595,0.3048089758,9d_male_vs_female,9d,RI,No,Higher inclusion in male,1448,FBgn0029891,Pink1,chrX,+,6683840,6684461,6683840,6684070,6684132,6684461,1448,"13,47,30","2,0,2","31,40,45","13,1,1",181,119,0.03541043595,0.3048089758,"0.81,1.0,0.908","0.611,0.963,0.967",0.059
AGE0001469,AGE_SEX,9d,Ray Lab Data - 9d_significant.csv,de062c71aa5996076f81567e08b590e48e73f510db466598124e5cf57aa18375,517,FBgn0005640;RI:chr3L:3515751:3515934-3516529:3516828:+,FBgn0005640;RI:3L:3515751:3515934-3516529:3516828:+,RI,chr3L,+,3515751:3515934-3516529:3516828,No,-0.052,0.03705341108,0.3048089758,9d_male_vs_female,9d,RI,No,Higher inclusion in female,127,FBgn0005640,Eip63E,chr3L,+,3515750,3516828,3515750,3515934,3516528,3516828,127,"756,2134,1716","59,151,109","1230,1824,1285","76,91,67",713,119,0.03705341108,0.3048089758,"0.681,0.702,0.724","0.73,0.77,0.762",-0.052
AGE0001470,AGE_SEX,9d,Ray Lab Data - 9d_significant.csv,de062c71aa5996076f81567e08b590e48e73f510db466598124e5cf57aa18375,518,FBgn0266019;RI:chrX:11816898:11817033-11817236:11818016:+,FBgn0266019;RI:X:11816898:11817033-11817236:11818016:+,RI,chrX,+,11816898:11817033-11817236:11818016,No,-0.013,0.03727879561,0.3048089758,9d_male_vs_female,9d,RI,No,Higher inclusion in female,194,FBgn0266019,rudhira,chrX,+,11816897,11818016,11816897,11817033,11817235,11818016,194,"445,580,637","2,13,5","833,618,480","1,7,3",321,119,0.03727879561,0.3048089758,"0.988,0.943,0.979","0.997,0.97,0.983",-0.013
AGE0001471,AGE_SEX,9d,Ray Lab Data - 9d_significant.csv,de062c71aa5996076f81567e08b590e48e73f510db466598124e5cf57aa18375,519,FBgn0034002;RI:chr2R:15221899:15221980-15222044:15222425:+,FBgn0034002;RI:2R:15221899:15221980-15222044:15222425:+,RI,chr2R,+,15221899:15221980-15222044:15222425,No,-0.121,0.03902590984,0.3144696503,9d_male_vs_female,9d,RI,No,Higher inclusion in female,1241,FBgn0034002,CG8079,chr2R,+,15221898,15222425,15221898,15221980,15222043,15222425,1241,"78,218,207","37,85,112","122,90,141","27,53,17",182,119,0.03902590984,0.3144696503,"0.58,0.626,0.547","0.747,0.526,0.844",-0.121
AGE0001472,AGE_SEX,9d,Ray Lab Data - 9d_significant.csv,de062c71aa5996076f81567e08b590e48e73f510db466598124e5cf57aa18375,520,FBgn0029524;RI:chrX:482118:482433-482518:482768:+,FBgn0029524;RI:X:482118:482433-482518:482768:+,RI,chrX,+,482118:482433-482518:482768,No,0.068,0.03971631309,0.3154610011,9d_male_vs_female,9d,RI,No,Higher inclusion in male,625,FBgn0029524,CG3176,chrX,+,482117,482768,482117,482433,482517,482768,625,"9,68,76","14,130,114","18,48,67","44,125,148",203,119,0.03971631309,0.3154610011,"0.274,0.235,0.281","0.193,0.184,0.21",0.068
AGE0001473,AGE_SEX,9d,Ray Lab Data - 9d_significant.csv,de062c71aa5996076f81567e08b590e48e73f510db466598124e5cf57aa18375,521,FBgn0036821;RI:chr3L:18890190:18890281-18890346:18890483:-,FBgn0036821;RI:3L:18890190:18890281-18890346:18890483:-,RI,chr3L,-,18890190:18890281-18890346:18890483,No,-0.02,0.04114247927,0.3221861757,9d_male_vs_female,9d,RI,No,Higher inclusion in female,978,FBgn0036821,CG3961,chr3L,-,18890189,18890483,18890189,18890281,18890345,18890483,978,"173,540,687","6,20,39","306,424,416","4,15,15",183,119,0.04114247927,0.3221861757,"0.949,0.946,0.92","0.98,0.948,0.947",-0.02
AGE0001474,AGE_SEX,9d,Ray Lab Data - 9d_significant.csv,de062c71aa5996076f81567e08b590e48e73f510db466598124e5cf57aa18375,522,FBgn0288229;RI:chr2L:122624:122994-123081:123629:-,FBgn0288229;RI:2L:122624:122994-123081:123629:-,RI,chr2L,-,122624:122994-123081:123629,No,0.26,0.04272603071,0.3283478286,9d_male_vs_female,9d,RI,No,Higher inclusion in male,150,FBgn0288229,CG3164,chr2L,-,122623,123629,122623,122994,123080,123629,150,"7,18,28","3,2,0","39,27,0","13,0,15",205,119,0.04272603071,0.3283478286,"0.575,0.839,1.0","0.635,1.0,0.0",0.26
AGE0001475,AGE_SEX,9d,Ray Lab Data - 9d_significant.csv,de062c71aa5996076f81567e08b590e48e73f510db466598124e5cf57aa18375,523,FBgn0051712;RI:chr2L:9935486:9935569-9937238:9937510:-,FBgn0051712;RI:2L:9935486:9935569-9937238:9937510:-,RI,chr2L,-,9935486:9935569-9937238:9937510,No,-0.01,0.04311041634,0.3283478286,9d_male_vs_female,9d,RI,No,Higher inclusion in female,751,FBgn0051712,Arglu1,chr2L,-,9935485,9937510,9935485,9935569,9937237,9937510,751,"2014,4850,6047","2,8,14","3690,3655,4117","5,6,0",1787,119,0.04311041634,0.3283478286,"0.985,0.976,0.966","0.98,0.976,1.0",-0.01
AGE0001476,AGE_SEX,9d,Ray Lab Data - 9d_significant.csv,de062c71aa5996076f81567e08b590e48e73f510db466598124e5cf57aa18375,524,FBgn0033463;RI:chr2R:9883897:9884002-9884085:9884206:-,FBgn0033463;RI:2R:9883897:9884002-9884085:9884206:-,RI,chr2R,-,9883897:9884002-9884085:9884206,No,0.234,0.04415040677,0.3317246779,9d_male_vs_female,9d,RI,No,Higher inclusion in male,448,FBgn0033463,CG1513,chr2R,-,9883896,9884206,9883896,9884002,9884084,9884206,448,"3,4,5","4,4,2","14,1,0","33,1,5",201,119,0.04415040677,0.3317246779,"0.307,0.372,0.597","0.201,0.372,0.0",0.234
AGE0001477,AGE_SEX,9d,Ray Lab Data - 9d_significant.csv,de062c71aa5996076f81567e08b590e48e73f510db466598124e5cf57aa18375,525,FBgn0028577;RI:chr3L:1499043:1501397-1501799:1501892:-,FBgn0028577;RI:3L:1499043:1501397-1501799:1501892:-,RI,chr3L,-,1499043:1501397-1501799:1501892,No,-0.065,0.0474241169,0.3515707866,9d_male_vs_female,9d,RI,No,Higher inclusion in female,148,FBgn0028577,hfp,chr3L,-,1499042,1501892,1499042,1501397,1501798,1501892,148,"2,45,5","16,34,45","31,15,9","22,19,23",520,119,0.0474241169,0.3515707866,"0.028,0.232,0.025","0.244,0.153,0.082",-0.065
AGE0001478,AGE_SEX,9d,Ray Lab Data - 9d_significant.csv,de062c71aa5996076f81567e08b590e48e73f510db466598124e5cf57aa18375,526,FBgn0023526;RI:chrX:2292325:2293293-2293353:2293411:-,FBgn0023526;RI:X:2292325:2293293-2293353:2293411:-,RI,chrX,-,2292325:2293293-2293353:2293411,No,0.02,0.04907046908,0.3589892211,9d_male_vs_female,9d,RI,No,Higher inclusion in male,711,FBgn0023526,CG2865,chrX,-,2292324,2293411,2292324,2293293,2293352,2293411,711,"237,444,440","2,9,8","580,313,273","16,11,7",178,119,0.04907046908,0.3589892211,"0.988,0.971,0.974","0.96,0.95,0.963",0.02
